pathway,name,n,best_single,best_single_cov,best_pair,best_pair_cov,gain,reachable,pair_has_focus
R-HSA-76005,Response to elevated platelet cytosolic Ca2+,127,Seer Proteograph XT,95.2755905511811,Seer Proteograph XT + SomaSeq,96.8503937007874,1.5748031496062964,96.85039370078741,False
R-HSA-6798695,Neutrophil degranulation,481,Seer Proteograph XT,95.42619542619542,Seer Proteograph XT + SomaSeq,97.5051975051975,2.079002079002079,97.5051975051975,False
R-HSA-114608,Platelet degranulation ,121,Seer Proteograph XT,95.86776859504133,Seer Proteograph XT + SomaSeq,96.69421487603306,0.8264462809917328,96.69421487603306,False
R-HSA-9855719,Regulation of FXIIa and plasma kallikrein activity,10,Seer Proteograph XT,90.0,Seer Proteograph XT + SomaSeq,90.0,0.0,90.0,False
R-HSA-1474228,Degradation of the extracellular matrix,143,Seer Proteograph XT,78.32167832167832,Seer Proteograph XT + SomaSeq,88.81118881118881,10.48951048951049,91.60839160839161,False
R-HSA-9970672,FXIIa activates plasma kallikrein-kinin system,31,SomaSeq,35.483870967741936,Seer Proteograph XT + SomaSeq,35.483870967741936,0.0,35.483870967741936,False
R-HSA-9840309,Glycosphingolipid biosynthesis,19,Seer Proteograph XT,68.42105263157895,Seer Proteograph XT + SomaSeq,94.73684210526315,26.315789473684205,94.73684210526316,False
R-HSA-913709,R-HSA-913709,66,SomaSeq,54.54545454545454,Seer Proteograph XT + SomaSeq,72.72727272727273,18.181818181818187,75.75757575757575,False
R-HSA-5173105,O-linked glycosylation,131,Seer Proteograph XT,58.01526717557252,Seer Proteograph XT + SomaSeq,75.57251908396947,17.557251908396953,77.86259541984732,False
R-HSA-168255,Influenza Infection,123,Seer Proteograph XT,86.1788617886179,Seer Proteograph XT + SomaSeq,90.2439024390244,4.0650406504065035,91.869918699187,False
R-HSA-3301854,Nuclear Pore Complex (NPC) Disassembly,37,Seer Proteograph XT,86.48648648648648,Seer Proteograph XT + SomaSeq,89.1891891891892,2.7027027027026973,89.1891891891892,False
R-HSA-8980692,RHOA GTPase cycle,143,Seer Proteograph XT,72.72727272727273,Seer Proteograph XT + Olink Explore HT,83.21678321678321,10.48951048951049,89.5104895104895,True
R-HSA-159231,R-HSA-159231,42,Seer Proteograph XT,97.61904761904762,Seer Proteograph XT + SomaSeq,97.61904761904762,0.0,97.61904761904762,False
R-HSA-6784531,R-HSA-6784531,53,Seer Proteograph XT,86.79245283018868,Seer Proteograph XT + SomaSeq,86.79245283018868,0.0,86.79245283018868,False
R-HSA-168274,R-HSA-168274,32,Seer Proteograph XT,96.875,Seer Proteograph XT + SomaSeq,96.875,0.0,96.875,False
R-HSA-168273,R-HSA-168273,103,Seer Proteograph XT,86.40776699029125,Seer Proteograph XT + SomaSeq,89.32038834951457,2.912621359223311,90.29126213592232,False
R-HSA-1855229,R-HSA-1855229,30,Seer Proteograph XT,96.66666666666667,Seer Proteograph XT + SomaSeq,96.66666666666667,0.0,96.66666666666667,False
R-HSA-4615885,R-HSA-4615885,46,Seer Proteograph XT,84.78260869565217,Seer Proteograph XT + SomaSeq,93.47826086956522,8.695652173913048,97.82608695652173,False
R-HSA-72202,R-HSA-72202,83,Seer Proteograph XT,90.36144578313254,Seer Proteograph XT + SomaSeq,96.3855421686747,6.024096385542165,96.3855421686747,False
R-HSA-3232142,R-HSA-3232142,38,Seer Proteograph XT,89.47368421052632,Seer Proteograph XT + SomaSeq,94.73684210526315,5.263157894736836,94.73684210526316,False
R-HSA-70171,R-HSA-70171,72,Seer Proteograph XT,95.83333333333334,Seer Proteograph XT + SomaSeq,97.22222222222221,1.388888888888884,97.22222222222223,False
R-HSA-159230,R-HSA-159230,36,Seer Proteograph XT,94.44444444444444,Seer Proteograph XT + SomaSeq,97.22222222222221,2.777777777777779,97.22222222222223,False
R-HSA-165054,R-HSA-165054,34,Seer Proteograph XT,97.05882352941177,Seer Proteograph XT + SomaSeq,97.05882352941177,0.0,97.05882352941177,False
R-HSA-159234,R-HSA-159234,43,Seer Proteograph XT,95.34883720930233,Seer Proteograph XT + SomaSeq,97.67441860465115,2.3255813953488302,97.67441860465117,False
R-HSA-191859,R-HSA-191859,54,Seer Proteograph XT,87.03703703703704,Seer Proteograph XT + SomaSeq,98.14814814814815,11.111111111111116,98.14814814814815,False
R-HSA-3108214,R-HSA-3108214,75,Seer Proteograph XT,84.0,Seer Proteograph XT + SomaSeq,93.33333333333333,9.333333333333337,94.66666666666667,False
R-HSA-168276,NS1 Mediated Effects on Host Pathways,42,Seer Proteograph XT,90.47619047619048,Seer Proteograph XT + SomaSeq,95.23809523809523,4.761904761904756,97.61904761904762,False
R-HSA-162599,R-HSA-162599,131,Seer Proteograph XT,81.67938931297711,Seer Proteograph XT + SomaSeq,88.54961832061069,6.870229007633588,90.07633587786259,False
R-HSA-2980766,Nuclear Envelope Breakdown,55,Seer Proteograph XT,89.0909090909091,Seer Proteograph XT + SomaSeq,92.72727272727272,3.6363636363636376,92.72727272727273,False
R-HSA-9610379,R-HSA-9610379,76,Seer Proteograph XT,69.73684210526315,Seer Proteograph XT + SomaSeq,71.05263157894737,1.3157894736842146,72.36842105263158,False
R-HSA-159236,R-HSA-159236,74,Seer Proteograph XT,90.54054054054053,Seer Proteograph XT + SomaSeq,95.94594594594594,5.405405405405405,95.94594594594595,False
R-HSA-9705671,SARS-CoV-2 activates/modulates innate and adaptive immune responses,126,Seer Proteograph XT,77.77777777777779,Seer Proteograph XT + SomaSeq,92.06349206349206,14.28571428571428,93.65079365079364,False
R-HSA-180746,R-HSA-180746,34,Seer Proteograph XT,97.05882352941177,Seer Proteograph XT + SomaSeq,97.05882352941177,0.0,97.05882352941177,False
R-HSA-159227,R-HSA-159227,35,Seer Proteograph XT,97.14285714285714,Seer Proteograph XT + SomaSeq,97.14285714285714,0.0,97.14285714285714,False
R-HSA-168333,R-HSA-168333,31,Seer Proteograph XT,96.7741935483871,Seer Proteograph XT + SomaSeq,96.7741935483871,0.0,96.7741935483871,False
R-HSA-72203,R-HSA-72203,289,Seer Proteograph XT,89.96539792387543,Seer Proteograph XT + SomaSeq,95.15570934256056,5.190311418685123,95.8477508650519,False
R-HSA-1855170,R-HSA-1855170,30,Seer Proteograph XT,96.66666666666667,Seer Proteograph XT + SomaSeq,96.66666666666667,0.0,96.66666666666667,False
R-HSA-9609690,HCMV Early Events,100,Seer Proteograph XT,68.0,Seer Proteograph XT + SomaSeq,73.0,4.999999999999993,76.0,False
R-HSA-4570464,R-HSA-4570464,48,Seer Proteograph XT,87.5,Seer Proteograph XT + SomaSeq,93.75,6.25,93.75,False
R-HSA-168325,R-HSA-168325,42,Seer Proteograph XT,92.85714285714286,Seer Proteograph XT + SomaSeq,97.61904761904762,4.761904761904756,97.61904761904762,False
R-HSA-168271,R-HSA-168271,32,Seer Proteograph XT,96.875,Seer Proteograph XT + SomaSeq,96.875,0.0,96.875,False
R-HSA-4085377,R-HSA-4085377,35,Seer Proteograph XT,94.28571428571428,Seer Proteograph XT + SomaSeq,94.28571428571428,0.0,94.28571428571429,False
R-HSA-3371453,Regulation of HSF1-mediated heat shock response,82,Seer Proteograph XT,82.92682926829268,Seer Proteograph XT + SomaSeq,91.46341463414635,8.536585365853666,92.6829268292683,False
R-HSA-68875,Mitotic Prophase,106,Seer Proteograph XT,68.86792452830188,Seer Proteograph XT + SomaSeq,71.69811320754717,2.8301886792452824,72.64150943396227,False
R-HSA-170822,R-HSA-170822,32,Seer Proteograph XT,96.875,Seer Proteograph XT + SomaSeq,96.875,0.0,96.875,False
R-HSA-180910,R-HSA-180910,34,Seer Proteograph XT,97.05882352941177,Seer Proteograph XT + SomaSeq,97.05882352941177,0.0,97.05882352941177,False
R-HSA-4551638,R-HSA-4551638,58,Seer Proteograph XT,81.03448275862068,Seer Proteograph XT + SomaSeq,91.37931034482759,10.344827586206906,91.37931034482759,False
R-HSA-5619107,R-HSA-5619107,32,Seer Proteograph XT,96.875,Seer Proteograph XT + SomaSeq,96.875,0.0,96.875,False
R-HSA-1169408,ISG15 antiviral mechanism,75,Seer Proteograph XT,89.33333333333333,Seer Proteograph XT + SomaSeq,94.66666666666667,5.333333333333334,97.33333333333333,False
R-HSA-1855196,R-HSA-1855196,30,Seer Proteograph XT,96.66666666666667,Seer Proteograph XT + SomaSeq,96.66666666666667,0.0,96.66666666666667,False
R-HSA-71064,R-HSA-71064,12,Seer Proteograph XT,91.66666666666666,Seer Proteograph XT + SomaSeq,100.0,8.333333333333337,100.0,False
R-HSA-71240,R-HSA-71240,10,SomaSeq,70.0,Seer Proteograph XT + SomaSeq,90.0,20.000000000000007,90.0,False
R-HSA-8856828,Clathrin-mediated endocytosis,134,Seer Proteograph XT,81.34328358208955,Seer Proteograph XT + SomaSeq,92.53731343283582,11.194029850746269,95.5223880597015,False
R-HSA-8856825,Cargo recognition for clathrin-mediated endocytosis,95,SomaSeq,75.78947368421053,Seer Proteograph XT + SomaSeq,90.52631578947368,14.73684210526316,93.6842105263158,False
R-HSA-177929,Signaling by EGFR,53,SomaSeq,79.24528301886792,Seer Proteograph XT + SomaSeq,88.67924528301887,9.433962264150942,92.45283018867924,False
R-HSA-428930,R-HSA-428930,24,Seer Proteograph XT,75.0,Seer Proteograph XT + SomaSeq,79.16666666666666,4.1666666666666625,83.33333333333333,False
R-HSA-168638,NOD1/2 Signaling Pathway,36,Seer Proteograph XT,75.0,Seer Proteograph XT + SomaSeq,88.88888888888889,13.888888888888884,91.66666666666667,False
R-HSA-194138,Signaling by VEGF,98,Seer Proteograph XT,90.81632653061224,Seer Proteograph XT + SomaSeq,95.91836734693877,5.102040816326525,96.93877551020408,False
R-HSA-379716,R-HSA-379716,21,Seer Proteograph XT,100.0,Seer Proteograph XT + SomaSeq,100.0,0.0,100.0,False
R-HSA-379726,R-HSA-379726,18,Seer Proteograph XT,100.0,Seer Proteograph XT + SomaSeq,100.0,0.0,100.0,False
R-HSA-199220,R-HSA-199220,18,Seer Proteograph XT,77.77777777777779,Seer Proteograph XT + SomaSeq,94.44444444444444,16.666666666666664,94.44444444444444,False
R-HSA-193648,R-HSA-193648,56,Seer Proteograph XT,64.28571428571429,Seer Proteograph XT + Olink Explore HT,82.14285714285714,17.85714285714285,89.28571428571429,True
R-HSA-112310,R-HSA-112310,52,Seer Proteograph XT,53.84615384615385,Seer Proteograph XT + SomaSeq,65.38461538461539,11.538461538461542,73.07692307692308,False
R-HSA-888590,R-HSA-888590,18,Seer Proteograph XT,55.55555555555556,Seer Proteograph XT + Olink Explore HT,72.22222222222221,16.666666666666664,72.22222222222223,True
R-HSA-400206,Regulation of lipid metabolism by PPARalpha,121,Seer Proteograph XT,56.19834710743802,Seer Proteograph XT + SomaSeq,79.33884297520662,23.140495867768596,84.29752066115702,False
R-HSA-1989781,PPARA activates gene expression,119,Seer Proteograph XT,56.30252100840336,Seer Proteograph XT + SomaSeq,79.83193277310924,23.529411764705888,84.03361344537815,False
R-HSA-9029569,NR1H3 & NR1H2 regulate gene expression linked to cholesterol transport and efflux,38,Seer Proteograph XT,71.05263157894737,Seer Proteograph XT + SomaSeq,78.94736842105263,7.8947368421052655,81.57894736842105,False
R-HSA-382556,ABC-family protein mediated transport,90,Seer Proteograph XT,72.22222222222221,Seer Proteograph XT + SomaSeq,80.0,7.777777777777784,84.44444444444444,False
R-HSA-1369062,R-HSA-1369062,18,Seer Proteograph XT,50.0,Seer Proteograph XT + SomaSeq,55.55555555555556,5.555555555555558,61.111111111111114,False
R-HSA-5683826,R-HSA-5683826,33,SomaSeq,63.63636363636363,Seer Proteograph XT + SomaSeq,75.75757575757575,12.121212121212121,75.75757575757575,False
R-HSA-9615017,"FOXO-mediated transcription of oxidative stress, metabolic and neuronal genes",30,SomaSeq,80.0,Seer Proteograph XT + SomaSeq,86.66666666666667,6.666666666666665,86.66666666666667,False
R-HSA-212436,Generic Transcription Pathway,1205,SomaSeq,48.46473029045643,Seer Proteograph XT + SomaSeq,63.98340248962655,15.518672199170119,66.6390041493776,False
R-HSA-9614085,FOXO-mediated transcription,66,SomaSeq,78.78787878787878,Seer Proteograph XT + SomaSeq,86.36363636363636,7.57575757575758,87.87878787878788,False
R-HSA-9754706,R-HSA-9754706,10,Seer Proteograph XT,90.0,Seer Proteograph XT + SomaSeq,100.0,9.999999999999998,100.0,False
R-HSA-9757110,Prednisone ADME,10,Seer Proteograph XT,70.0,Seer Proteograph XT + SomaSeq,80.0,10.000000000000009,80.0,False
R-HSA-193368,R-HSA-193368,23,Seer Proteograph XT,78.26086956521739,Seer Proteograph XT + SomaSeq,91.30434782608695,13.043478260869556,91.30434782608695,False
R-HSA-192105,R-HSA-192105,34,Seer Proteograph XT,73.52941176470588,Seer Proteograph XT + SomaSeq,85.29411764705883,11.764705882352933,85.29411764705883,False
R-HSA-159418,Recycling of bile acids and salts,19,Seer Proteograph XT,57.89473684210527,Seer Proteograph XT + SomaSeq,78.94736842105263,21.052631578947366,84.21052631578948,False
R-HSA-2564830,R-HSA-2564830,14,Seer Proteograph XT,85.71428571428571,Seer Proteograph XT + Olink Explore HT,100.0,14.28571428571429,100.0,True
R-HSA-1660661,R-HSA-1660661,38,Seer Proteograph XT,68.42105263157895,Seer Proteograph XT + SomaSeq,76.31578947368422,7.8947368421052655,78.94736842105263,False
R-HSA-2142753,R-HSA-2142753,59,Seer Proteograph XT,72.88135593220339,Seer Proteograph XT + SomaSeq,86.4406779661017,13.559322033898313,86.44067796610169,False
R-HSA-2142691,R-HSA-2142691,20,Seer Proteograph XT,70.0,Seer Proteograph XT + SomaSeq,80.0,10.000000000000009,80.0,False
R-HSA-9707564,Cytoprotection by HMOX1,60,Seer Proteograph XT,71.66666666666667,Seer Proteograph XT + SomaSeq,88.33333333333333,16.666666666666664,90.0,False
R-HSA-9753281,R-HSA-9753281,31,Seer Proteograph XT,77.41935483870968,Seer Proteograph XT + SomaSeq,87.09677419354838,9.677419354838712,93.54838709677419,False
R-HSA-9759194,Nuclear events mediated by NFE2L2,88,Seer Proteograph XT,84.0909090909091,Seer Proteograph XT + SomaSeq,93.18181818181817,9.090909090909083,95.45454545454545,False
R-HSA-189483,Heme degradation,17,Seer Proteograph XT,94.11764705882352,Seer Proteograph XT + SomaSeq,100.0,5.882352941176472,100.0,False
R-HSA-9755511,KEAP1-NFE2L2 pathway,112,Seer Proteograph XT,82.14285714285714,Seer Proteograph XT + SomaSeq,91.07142857142857,8.92857142857143,92.85714285714286,False
R-HSA-9749641,Aspirin ADME,45,Seer Proteograph XT,64.44444444444444,Seer Proteograph XT + SomaSeq,77.77777777777779,13.33333333333333,80.0,False
R-HSA-9748787,R-HSA-9748787,19,Seer Proteograph XT,78.94736842105263,Seer Proteograph XT + SomaSeq,84.21052631578947,5.263157894736836,84.21052631578948,False
R-HSA-2142845,R-HSA-2142845,18,Seer Proteograph XT,77.77777777777779,Seer Proteograph XT + SomaSeq,88.88888888888889,11.111111111111105,88.88888888888889,False
R-HSA-422356,Regulation of insulin secretion,77,Seer Proteograph XT,63.63636363636363,Seer Proteograph XT + Olink Explore HT,75.32467532467533,11.688311688311693,80.51948051948052,True
R-HSA-9603798,R-HSA-9603798,22,Seer Proteograph XT,81.81818181818183,Seer Proteograph XT + SomaSeq,90.9090909090909,9.090909090909083,90.9090909090909,False
R-HSA-390918,R-HSA-390918,27,Seer Proteograph XT,88.88888888888889,Seer Proteograph XT + SomaSeq,96.29629629629629,7.4074074074074066,96.29629629629629,False
R-HSA-2046106,R-HSA-2046106,13,Seer Proteograph XT,76.92307692307693,Seer Proteograph XT + SomaSeq,84.61538461538461,7.692307692307687,84.61538461538461,False
R-HSA-390247,R-HSA-390247,11,Seer Proteograph XT,100.0,Seer Proteograph XT + SomaSeq,100.0,0.0,100.0,False
R-HSA-193775,R-HSA-193775,13,Seer Proteograph XT,76.92307692307693,Seer Proteograph XT + SomaSeq,84.61538461538461,7.692307692307687,84.61538461538461,False
R-HSA-9013106,RHOC GTPase cycle,71,Seer Proteograph XT,77.46478873239437,Seer Proteograph XT + Olink Explore HT,84.50704225352112,7.042253521126762,90.14084507042253,True
R-HSA-9758881,R-HSA-9758881,10,SomaSeq,100.0,Seer Proteograph XT + SomaSeq,100.0,0.0,100.0,False
R-HSA-909733,Interferon alpha/beta signaling,76,SomaSeq,72.36842105263158,Seer Proteograph XT + SomaSeq,88.1578947368421,15.78947368421052,90.78947368421052,False
R-HSA-9954714,R-HSA-9954714,59,Seer Proteograph XT,81.35593220338984,Seer Proteograph XT + SomaSeq,83.05084745762711,1.6949152542372836,84.7457627118644,False
R-HSA-8964058,HDL remodeling,10,SomaSeq,90.0,Seer Proteograph XT + SomaSeq,90.0,0.0,90.0,False
R-HSA-917937,R-HSA-917937,58,Seer Proteograph XT,72.41379310344827,Seer Proteograph XT + SomaSeq,81.03448275862068,8.62068965517241,82.75862068965517,False
R-HSA-189451,Heme biosynthesis,15,Seer Proteograph XT,73.33333333333333,Seer Proteograph XT + SomaSeq,80.0,6.666666666666677,86.66666666666667,False
R-HSA-9725554,R-HSA-9725554,40,Seer Proteograph XT,82.5,Seer Proteograph XT + SomaSeq,97.5,15.000000000000002,97.5,False
R-HSA-156588,R-HSA-156588,27,SomaSeq,51.85185185185185,Seer Proteograph XT + SomaSeq,70.37037037037037,18.518518518518523,74.07407407407408,False
R-HSA-416476,G alpha (q) signalling events,219,Seer Proteograph XT,50.2283105022831,Seer Proteograph XT + SomaSeq,64.84018264840182,14.61187214611872,67.12328767123287,False
R-HSA-114508,R-HSA-114508,27,Seer Proteograph XT,77.77777777777779,Seer Proteograph XT + SomaSeq,88.88888888888889,11.111111111111105,88.88888888888889,False
R-HSA-156584,R-HSA-156584,18,SomaSeq,94.44444444444444,Seer Proteograph XT + SomaSeq,100.0,5.555555555555558,100.0,False
R-HSA-5673001,RAF/MAP kinase cascade,265,SomaSeq,70.56603773584905,Seer Proteograph XT + SomaSeq,87.54716981132076,16.981132075471706,91.69811320754717,False
R-HSA-9648002,RAS processing,24,Seer Proteograph XT,75.0,Seer Proteograph XT + SomaSeq,83.33333333333334,8.333333333333337,87.5,False
R-HSA-1483206,Glycerophospholipid biosynthesis,128,Seer Proteograph XT,67.96875,Seer Proteograph XT + SomaSeq,82.8125,14.84375,84.375,False
R-HSA-1483191,R-HSA-1483191,29,SomaSeq,68.96551724137932,Seer Proteograph XT + SomaSeq,79.3103448275862,10.344827586206895,79.3103448275862,False
R-HSA-1482839,Acyl chain remodelling of PE,29,SomaSeq,62.06896551724138,Seer Proteograph XT + SomaSeq,86.20689655172413,24.13793103448275,89.65517241379311,False
R-HSA-163560,Triglyceride catabolism,24,SomaSeq,75.0,Seer Proteograph XT + SomaSeq,91.66666666666666,16.666666666666664,91.66666666666667,False
R-HSA-9664422,FCGR3A-mediated phagocytosis,136,Seer Proteograph XT,83.82352941176471,Seer Proteograph XT + Biognosys TrueDiscovery,90.44117647058823,6.617647058823528,91.91176470588235,True
R-HSA-4420097,VEGFA-VEGFR2 Pathway,92,Seer Proteograph XT,90.21739130434783,Seer Proteograph XT + SomaSeq,95.65217391304348,5.434782608695654,96.73913043478261,False
R-HSA-9013404,RAC2 GTPase cycle,78,Seer Proteograph XT,83.33333333333334,Seer Proteograph XT + Olink Explore HT,91.02564102564102,7.692307692307687,92.3076923076923,True
R-HSA-2029482,Regulation of actin dynamics for phagocytic cup formation,137,Seer Proteograph XT,83.94160583941606,Seer Proteograph XT + Biognosys TrueDiscovery,90.51094890510949,6.569343065693434,91.97080291970804,True
R-HSA-9013423,RAC3 GTPase cycle,87,Seer Proteograph XT,81.60919540229885,Seer Proteograph XT + SomaSeq,88.50574712643679,6.896551724137934,93.10344827586206,False
R-HSA-5663213,RHO GTPases Activate WASPs and WAVEs,36,Seer Proteograph XT,94.44444444444444,Seer Proteograph XT + SomaSeq,97.22222222222221,2.777777777777779,100.0,False
R-HSA-9013149,RAC1 GTPase cycle,169,Seer Proteograph XT,76.33136094674556,Seer Proteograph XT + SomaSeq,85.79881656804734,9.467455621301779,92.3076923076923,False
R-HSA-8878171,Transcriptional regulation by RUNX1,185,Seer Proteograph XT,64.32432432432432,Seer Proteograph XT + SomaSeq,78.91891891891892,14.5945945945946,81.62162162162163,False
R-HSA-8878166,Transcriptional regulation by RUNX2,105,SomaSeq,73.33333333333333,Seer Proteograph XT + SomaSeq,82.85714285714286,9.523809523809534,88.57142857142857,False
R-HSA-5685938,HDR through Single Strand Annealing (SSA),38,Seer Proteograph XT,52.63157894736842,Seer Proteograph XT + SomaSeq,76.31578947368422,23.684210526315795,81.57894736842105,False
R-HSA-8940973,RUNX2 regulates osteoblast differentiation,24,SomaSeq,66.66666666666666,SomaSeq + Olink Explore HT,75.0,8.333333333333337,83.33333333333333,True
R-HSA-525793,Myogenesis,30,SomaSeq,86.66666666666667,Seer Proteograph XT + SomaSeq,93.33333333333333,6.666666666666665,96.66666666666667,False
R-HSA-9860927,"Turbulent (oscillatory, disturbed) flow shear stress activates signaling by PIEZO1 and integrins in endothelial cells",30,Seer Proteograph XT,90.0,Seer Proteograph XT + SomaSeq,93.33333333333333,3.3333333333333326,93.33333333333333,False
R-HSA-69231,Cyclin D associated events in G1,47,SomaSeq,74.46808510638297,Seer Proteograph XT + SomaSeq,85.1063829787234,10.63829787234043,91.48936170212765,False
R-HSA-9851695,Epigenetic regulation of adipogenesis genes by MLL3 and MLL4 complexes,98,Seer Proteograph XT,52.04081632653062,Seer Proteograph XT + SomaSeq,65.3061224489796,13.265306122448973,65.3061224489796,False
R-HSA-5693565,Recruitment and ATM-mediated phosphorylation of repair and signaling proteins at DNA double strand breaks,57,Seer Proteograph XT,52.63157894736842,Seer Proteograph XT + SomaSeq,66.66666666666666,14.035087719298245,70.17543859649123,False
R-HSA-8939236,RUNX1 regulates transcription of genes involved in differentiation of HSCs,74,Seer Proteograph XT,55.4054054054054,Seer Proteograph XT + SomaSeq,66.21621621621621,10.81081081081081,67.56756756756756,False
R-HSA-983231,Factors involved in megakaryocyte development and platelet production,158,Seer Proteograph XT,63.29113924050633,Seer Proteograph XT + SomaSeq,81.64556962025317,18.354430379746834,89.87341772151899,False
R-HSA-376176,Signaling by ROBO receptors,167,Seer Proteograph XT,80.83832335329342,Seer Proteograph XT + SomaSeq,88.62275449101796,7.784431137724546,91.61676646706587,False
R-HSA-9818564,Epigenetic regulation of gene expression by MLL3 and MLL4 complexes,98,Seer Proteograph XT,52.04081632653062,Seer Proteograph XT + SomaSeq,65.3061224489796,13.265306122448973,65.3061224489796,False
R-HSA-9841922,MLL4 and MLL3 complexes regulate expression of PPARG target genes in adipogenesis and hepatic steatosis,98,Seer Proteograph XT,52.04081632653062,Seer Proteograph XT + SomaSeq,65.3061224489796,13.265306122448973,65.3061224489796,False
R-HSA-8941326,RUNX2 regulates bone development,31,SomaSeq,70.96774193548387,Seer Proteograph XT + SomaSeq,77.41935483870968,6.451612903225801,87.09677419354838,False
R-HSA-9706369,R-HSA-9706369,16,SomaSeq,87.5,SomaSeq + Olink Explore HT,93.75,6.25,93.75,True
R-HSA-9607240,FLT3 Signaling,38,SomaSeq,89.47368421052632,Seer Proteograph XT + SomaSeq,92.10526315789474,2.631578947368418,94.73684210526316,False
R-HSA-418885,DCC mediated attractive signaling,14,Seer Proteograph XT,92.85714285714286,Seer Proteograph XT + SomaSeq,100.0,7.14285714285714,100.0,False
R-HSA-373752,Netrin-1 signaling,44,SomaSeq,79.54545454545455,Seer Proteograph XT + SomaSeq,90.9090909090909,11.363636363636365,93.18181818181819,False
R-HSA-9013026,RHOB GTPase cycle,68,Seer Proteograph XT,76.47058823529412,Seer Proteograph XT + SomaSeq,85.29411764705883,8.823529411764708,89.70588235294117,False
R-HSA-416482,G alpha (12/13) signalling events,77,Seer Proteograph XT,67.53246753246754,Seer Proteograph XT + Olink Explore HT,77.92207792207793,10.389610389610393,83.11688311688312,True
R-HSA-9013148,CDC42 GTPase cycle,144,Seer Proteograph XT,72.91666666666666,Seer Proteograph XT + SomaSeq,81.25,8.333333333333337,88.19444444444444,False
R-HSA-69481,G2/M Checkpoints,138,Seer Proteograph XT,60.14492753623188,Seer Proteograph XT + SomaSeq,73.18840579710145,13.043478260869568,78.26086956521739,False
R-HSA-5693571,Nonhomologous End-Joining (NHEJ),45,Seer Proteograph XT,60.0,Seer Proteograph XT + SomaSeq,66.66666666666666,6.666666666666665,71.11111111111111,False
R-HSA-5689901,R-HSA-5689901,27,SomaSeq,51.85185185185185,Seer Proteograph XT + SomaSeq,70.37037037037037,18.518518518518523,74.07407407407408,False
R-HSA-69473,G2/M DNA damage checkpoint,76,Seer Proteograph XT,50.0,Seer Proteograph XT + SomaSeq,64.47368421052632,14.473684210526317,69.73684210526316,False
R-HSA-5693607,Processing of DNA double-strand break ends,77,Seer Proteograph XT,48.05194805194805,Seer Proteograph XT + SomaSeq,67.53246753246754,19.480519480519483,74.02597402597402,False
R-HSA-9033241,R-HSA-9033241,61,Seer Proteograph XT,81.9672131147541,Seer Proteograph XT + SomaSeq,91.80327868852459,9.836065573770492,93.44262295081967,False
R-HSA-77289,R-HSA-77289,35,Seer Proteograph XT,85.71428571428571,Seer Proteograph XT + SomaSeq,94.28571428571428,8.571428571428575,94.28571428571429,False
R-HSA-196780,R-HSA-196780,11,Seer Proteograph XT,81.81818181818183,Seer Proteograph XT + SomaSeq,90.9090909090909,9.090909090909083,90.9090909090909,False
R-HSA-200425,R-HSA-200425,15,Seer Proteograph XT,60.0,Seer Proteograph XT + SomaSeq,80.0,20.000000000000007,80.0,False
R-HSA-1655829,R-HSA-1655829,56,Seer Proteograph XT,73.21428571428571,Seer Proteograph XT + SomaSeq,82.14285714285714,8.92857142857143,83.92857142857143,False
R-HSA-2426168,R-HSA-2426168,43,Seer Proteograph XT,69.76744186046511,Seer Proteograph XT + SomaSeq,79.06976744186046,9.302325581395344,81.3953488372093,False
R-HSA-75105,R-HSA-75105,35,Seer Proteograph XT,74.28571428571429,Seer Proteograph XT + Olink Explore HT,80.0,5.714285714285716,80.0,True
R-HSA-70895,R-HSA-70895,24,Seer Proteograph XT,95.83333333333334,Seer Proteograph XT + SomaSeq,100.0,4.1666666666666625,100.0,False
R-HSA-9837999,Mitochondrial protein degradation,97,Seer Proteograph XT,91.75257731958763,Seer Proteograph XT + Olink Explore HT,95.87628865979381,4.123711340206193,96.90721649484536,True
R-HSA-6799198,R-HSA-6799198,68,Seer Proteograph XT,91.17647058823529,Seer Proteograph XT + SomaSeq,95.58823529411765,4.4117647058823595,95.58823529411765,False
R-HSA-611105,R-HSA-611105,163,Seer Proteograph XT,85.2760736196319,Seer Proteograph XT + SomaSeq,92.02453987730061,6.748466257668717,92.02453987730061,False
R-HSA-381070,R-HSA-381070,51,Seer Proteograph XT,84.31372549019608,Seer Proteograph XT + SomaSeq,88.23529411764706,3.9215686274509776,90.19607843137256,False
R-HSA-381038,R-HSA-381038,49,Seer Proteograph XT,83.6734693877551,Seer Proteograph XT + SomaSeq,87.75510204081633,4.081632653061218,89.79591836734694,False
R-HSA-2022854,Keratan sulfate biosynthesis,30,SomaSeq,90.0,Seer Proteograph XT + SomaSeq,96.66666666666667,6.666666666666665,96.66666666666667,False
R-HSA-2022857,Keratan sulfate degradation,15,Biognosys TrueDiscovery,80.0,Seer Proteograph XT + SomaSeq,80.0,0.0,80.0,False
R-HSA-3000178,ECM proteoglycans,74,Seer Proteograph XT,78.37837837837837,Seer Proteograph XT + SomaSeq,85.13513513513513,6.756756756756754,90.54054054054055,False
R-HSA-71403,R-HSA-71403,36,Seer Proteograph XT,88.88888888888889,Seer Proteograph XT + SomaSeq,94.44444444444444,5.555555555555558,94.44444444444444,False
R-HSA-9854311,R-HSA-9854311,20,Seer Proteograph XT,85.0,Seer Proteograph XT + SomaSeq,95.0,9.999999999999998,95.0,False
R-HSA-8964038,R-HSA-8964038,19,Seer Proteograph XT,89.47368421052632,Seer Proteograph XT + Nomic Omni,94.73684210526315,5.263157894736836,94.73684210526316,True
R-HSA-191273,R-HSA-191273,27,Seer Proteograph XT,81.48148148148148,Seer Proteograph XT + SomaSeq,85.18518518518519,3.703703703703709,85.18518518518519,False
R-HSA-9969896,R-HSA-9969896,15,Seer Proteograph XT,93.33333333333333,Seer Proteograph XT + SomaSeq,100.0,6.666666666666665,100.0,False
R-HSA-432722,R-HSA-432722,53,Seer Proteograph XT,92.45283018867924,Seer Proteograph XT + SomaSeq,94.33962264150944,1.8867924528301883,96.22641509433963,False
R-HSA-199992,trans-Golgi Network Vesicle Budding,68,Seer Proteograph XT,91.17647058823529,Seer Proteograph XT + SomaSeq,95.58823529411765,4.4117647058823595,97.05882352941177,False
R-HSA-1221632,Meiotic synapsis,54,SomaSeq,40.74074074074074,Seer Proteograph XT + SomaSeq,51.85185185185185,11.11111111111111,53.7037037037037,False
R-HSA-174411,Polymerase switching on the C-strand of the telomere,27,Seer Proteograph XT,66.66666666666666,Seer Proteograph XT + SomaSeq,88.88888888888889,22.22222222222222,88.88888888888889,False
R-HSA-110329,Cleavage of the damaged pyrimidine ,36,SomaSeq,33.33333333333333,Seer Proteograph XT + SomaSeq,38.88888888888889,5.555555555555558,38.888888888888886,False
R-HSA-174417,Telomere C-strand (Lagging Strand) Synthesis,34,Seer Proteograph XT,73.52941176470588,Seer Proteograph XT + SomaSeq,91.17647058823529,17.647058823529406,91.17647058823529,False
R-HSA-174430,Telomere C-strand synthesis initiation,14,SomaSeq,71.42857142857143,Seer Proteograph XT + SomaSeq,78.57142857142857,7.14285714285714,78.57142857142857,False
R-HSA-9670095,Inhibition of DNA recombination at telomere,42,Seer Proteograph XT,38.095238095238095,Seer Proteograph XT + SomaSeq,45.23809523809524,7.142857142857145,45.23809523809524,False
R-HSA-174414,Processive synthesis on the C-strand of the telomere,19,Seer Proteograph XT,78.94736842105263,Seer Proteograph XT + SomaSeq,89.47368421052632,10.526315789473683,89.47368421052632,False
R-HSA-110328,Recognition and association of DNA glycosylase with site containing an affected pyrimidine,36,SomaSeq,33.33333333333333,Seer Proteograph XT + SomaSeq,38.88888888888889,5.555555555555558,38.888888888888886,False
R-HSA-171319,Telomere Extension By Telomerase,23,Seer Proteograph XT,65.21739130434783,Seer Proteograph XT + SomaSeq,73.91304347826086,8.695652173913038,82.6086956521739,False
R-HSA-110330,Recognition and association of DNA glycosylase with site containing an affected purine,31,SomaSeq,25.806451612903224,Seer Proteograph XT + SomaSeq,25.806451612903224,0.0,25.806451612903224,False
R-HSA-174437,Removal of the Flap Intermediate from the C-strand,17,Seer Proteograph XT,76.47058823529412,Seer Proteograph XT + SomaSeq,88.23529411764706,11.764705882352944,88.23529411764706,False
R-HSA-171306,Packaging Of Telomere Ends,26,SomaSeq,19.230769230769234,Seer Proteograph XT + SomaSeq,19.230769230769234,0.0,19.23076923076923,False
R-HSA-2559586,DNA Damage/Telomere Stress Induced Senescence,49,Seer Proteograph XT,44.89795918367347,Seer Proteograph XT + SomaSeq,53.06122448979592,8.163265306122453,53.06122448979592,False
R-HSA-110331,Cleavage of the damaged purine,31,SomaSeq,25.806451612903224,Seer Proteograph XT + SomaSeq,25.806451612903224,0.0,25.806451612903224,False
R-HSA-2022377,Metabolism of Angiotensinogen to Angiotensins,17,Seer Proteograph XT,100.0,Seer Proteograph XT + SomaSeq,100.0,0.0,100.0,False
R-HSA-9694614,Attachment and Entry,17,Seer Proteograph XT,88.23529411764706,Seer Proteograph XT + SomaSeq,100.0,11.764705882352944,100.0,False
R-HSA-9733458,R-HSA-9733458,13,Seer Proteograph XT,38.46153846153847,Seer Proteograph XT + SomaSeq,53.84615384615385,15.38461538461538,53.84615384615385,False
R-HSA-9679191,Potential therapeutics for SARS,157,Seer Proteograph XT,78.343949044586,Seer Proteograph XT + SomaSeq,84.71337579617835,6.369426751592355,89.80891719745223,False
R-HSA-9845614,R-HSA-9845614,13,Seer Proteograph XT,53.84615384615385,Seer Proteograph XT + SomaSeq,61.53846153846154,7.692307692307699,61.53846153846154,False
R-HSA-422085,"Synthesis, secretion, and deacylation of Ghrelin",20,Seer Proteograph XT,70.0,Seer Proteograph XT + SomaSeq,80.0,10.000000000000009,80.0,False
R-HSA-112311,Neurotransmitter clearance,10,Seer Proteograph XT,70.0,Seer Proteograph XT + SomaSeq,70.0,0.0,70.0,False
R-HSA-111465,Apoptotic cleavage of cellular proteins,38,Seer Proteograph XT,92.10526315789474,Seer Proteograph XT + Olink Explore HT,97.36842105263158,5.263157894736848,97.36842105263158,True
R-HSA-72163,R-HSA-72163,203,Seer Proteograph XT,94.08866995073892,Seer Proteograph XT + SomaSeq,96.55172413793103,2.4630541871921263,96.55172413793103,False
R-HSA-72172,R-HSA-72172,211,Seer Proteograph XT,92.41706161137441,Seer Proteograph XT + SomaSeq,95.260663507109,2.843601895734593,95.73459715639811,False
R-HSA-75153,Apoptotic execution phase,46,Seer Proteograph XT,89.13043478260869,Seer Proteograph XT + SomaSeq,95.65217391304348,6.521739130434789,97.82608695652173,False
R-HSA-375276,Peptide ligand-binding receptors,201,SomaSeq,52.23880597014925,Seer Proteograph XT + SomaSeq,62.189054726368155,9.950248756218905,63.18407960199005,False
R-HSA-373076,Class A/1 (Rhodopsin-like receptors),339,SomaSeq,38.34808259587021,Seer Proteograph XT + SomaSeq,50.737463126843664,12.389380530973455,53.68731563421829,False
R-HSA-380108,Chemokine receptors bind chemokines,55,Seer Proteograph XT,70.9090909090909,Seer Proteograph XT + SomaSeq,81.81818181818183,10.909090909090914,81.81818181818181,False
R-HSA-1268020,R-HSA-1268020,66,Seer Proteograph XT,86.36363636363636,Seer Proteograph XT + SomaSeq,92.42424242424242,6.060606060606055,92.42424242424242,False
R-HSA-9918432,R-HSA-9918432,50,Seer Proteograph XT,80.0,Seer Proteograph XT + SomaSeq,90.0,9.999999999999998,94.0,False
R-HSA-9918487,R-HSA-9918487,80,Seer Proteograph XT,86.25,Seer Proteograph XT + SomaSeq,93.75,7.499999999999996,96.25,False
R-HSA-1483166,R-HSA-1483166,38,Seer Proteograph XT,71.05263157894737,Seer Proteograph XT + SomaSeq,84.21052631578947,13.157894736842103,84.21052631578948,False
R-HSA-75876,R-HSA-75876,20,Seer Proteograph XT,70.0,Seer Proteograph XT + Olink Explore HT,75.0,5.000000000000004,75.0,True
R-HSA-400451,R-HSA-400451,11,Seer Proteograph XT,90.9090909090909,Seer Proteograph XT + SomaSeq,90.9090909090909,0.0,90.9090909090909,False
R-HSA-159424,R-HSA-159424,10,Seer Proteograph XT,80.0,Seer Proteograph XT + SomaSeq,90.0,9.999999999999998,90.0,False
R-HSA-71384,Ethanol oxidation,12,Seer Proteograph XT,100.0,Seer Proteograph XT + SomaSeq,100.0,0.0,100.0,False
R-HSA-211945,Phase I - Functionalization of compounds,106,SomaSeq,66.98113207547169,Seer Proteograph XT + SomaSeq,78.30188679245283,11.32075471698114,80.18867924528301,False
R-HSA-2151201,R-HSA-2151201,55,Seer Proteograph XT,63.63636363636363,Seer Proteograph XT + SomaSeq,78.18181818181819,14.54545454545455,83.63636363636364,False
R-HSA-418990,Adherens junctions interactions,220,Seer Proteograph XT,66.36363636363637,Seer Proteograph XT + SomaSeq,80.0,13.636363636363635,81.81818181818181,False
R-HSA-9913351,Formation of the dystrophin-glycoprotein complex (DGC),36,Seer Proteograph XT,58.333333333333336,Seer Proteograph XT + SomaSeq,75.0,16.666666666666664,83.33333333333333,False
R-HSA-3000171,Non-integrin membrane-ECM interactions,82,Seer Proteograph XT,74.39024390243902,Seer Proteograph XT + SomaSeq,84.14634146341463,9.756097560975608,90.2439024390244,False
R-HSA-9764274,Regulation of Expression and Function of Type I Classical Cadherins,160,Seer Proteograph XT,65.0,Seer Proteograph XT + SomaSeq,76.875,11.875000000000002,78.75,False
R-HSA-9759476,Regulation of Homotypic Cell-Cell Adhesion,176,Seer Proteograph XT,64.77272727272727,Seer Proteograph XT + SomaSeq,76.70454545454545,11.931818181818187,78.4090909090909,False
R-HSA-9764561,Regulation of CDH1 Function,59,Seer Proteograph XT,84.7457627118644,Seer Proteograph XT + SomaSeq,89.83050847457628,5.084745762711873,94.91525423728814,False
R-HSA-9958825,Activation of STAT3 by cadherin engagement,72,Seer Proteograph XT,86.11111111111111,Seer Proteograph XT + Olink Explore HT,91.66666666666666,5.5555555555555465,95.83333333333333,True
R-HSA-390522,R-HSA-390522,37,Seer Proteograph XT,91.8918918918919,Seer Proteograph XT + SomaSeq,97.2972972972973,5.405405405405405,97.29729729729729,False
R-HSA-9764265,Regulation of CDH1 Expression and Function,160,Seer Proteograph XT,65.0,Seer Proteograph XT + SomaSeq,76.875,11.875000000000002,78.75,False
R-HSA-9013695,R-HSA-9013695,20,SomaSeq,65.0,SomaSeq + Olink Explore HT,75.0,9.999999999999998,80.0,True
R-HSA-9927432,Developmental Lineage of Mammary Gland Myoepithelial Cells,22,SomaSeq,95.45454545454545,SomaSeq + Olink Explore HT,100.0,4.545454545454541,100.0,True
R-HSA-445355,Smooth Muscle Contraction,42,Seer Proteograph XT,76.19047619047619,Seer Proteograph XT + SomaSeq,85.71428571428571,9.523809523809524,90.47619047619048,False
R-HSA-9662361,Sensory processing of sound by outer hair cells of the cochlea,54,Seer Proteograph XT,50.0,Seer Proteograph XT + SomaSeq,62.96296296296296,12.962962962962965,70.37037037037037,False
R-HSA-9035034,RHOF GTPase cycle,41,Seer Proteograph XT,82.92682926829268,Seer Proteograph XT + Olink Explore HT,87.8048780487805,4.878048780487809,92.6829268292683,True
R-HSA-9932451,SWI/SNF chromatin remodelers,33,Seer Proteograph XT,66.66666666666666,Seer Proteograph XT + Olink Explore HT,81.81818181818183,15.15151515151516,84.84848484848484,True
R-HSA-9656223,Signaling by RAF1 mutants,39,Seer Proteograph XT,84.61538461538461,Seer Proteograph XT + Olink Explore HT,89.74358974358975,5.128205128205132,92.3076923076923,True
R-HSA-9933937,Formation of the canonical BAF (cBAF) complex,18,Seer Proteograph XT,61.111111111111114,Seer Proteograph XT + Olink Explore HT,83.33333333333334,22.22222222222222,88.88888888888889,True
R-HSA-390450,Folding of actin by CCT/TriC,10,Seer Proteograph XT,90.0,Seer Proteograph XT + Biognosys TrueDiscovery,100.0,9.999999999999998,100.0,True
R-HSA-9824585,Regulation of MITF-M-dependent genes involved in pigmentation,41,SomaSeq,63.41463414634146,Seer Proteograph XT + SomaSeq,80.48780487804879,17.07317073170732,87.8048780487805,False
R-HSA-5674135,MAP2K and MAPK activation,38,Seer Proteograph XT,78.94736842105263,Seer Proteograph XT + Olink Explore HT,84.21052631578947,5.263157894736836,89.47368421052632,True
R-HSA-9938024,Somatic hypermutation of immunoglobulin genes,164,Seer Proteograph XT,64.63414634146342,Seer Proteograph XT + SomaSeq,82.92682926829268,18.29268292682926,85.97560975609755,False
R-HSA-5250924,B-WICH complex positively regulates rRNA expression,53,Seer Proteograph XT,45.28301886792453,Seer Proteograph XT + SomaSeq,50.943396226415096,5.660377358490565,52.83018867924528,False
R-HSA-9938027,Affinity selection of immunoglobulins,379,Seer Proteograph XT,70.71240105540898,Seer Proteograph XT + SomaSeq,82.58575197889182,11.87335092348285,86.80738786279683,False
R-HSA-9845323,Regulation of endogenous retroelements by Piwi-interacting RNAs (piRNAs),58,Seer Proteograph XT,37.93103448275862,Seer Proteograph XT + SomaSeq,48.275862068965516,10.3448275862069,55.172413793103445,False
R-HSA-6802948,Signaling by high-kinase activity BRAF mutants,34,Seer Proteograph XT,82.35294117647058,Seer Proteograph XT + Olink Explore HT,88.23529411764706,5.882352941176472,91.17647058823529,True
R-HSA-9934037,Formation of neuronal progenitor and neuronal BAF (npBAF and nBAF),26,Seer Proteograph XT,65.38461538461539,Seer Proteograph XT + Olink Explore HT,80.76923076923077,15.384615384615385,84.61538461538461,True
R-HSA-9933946,Formation of the embryonic stem cell BAF (esBAF) complex,20,Seer Proteograph XT,75.0,Seer Proteograph XT + Olink Explore HT,85.0,9.999999999999998,90.0,True
R-HSA-1445148,Translocation of SLC2A4 (GLUT4) to the plasma membrane,72,Seer Proteograph XT,86.11111111111111,Seer Proteograph XT + Olink Explore HT,90.27777777777779,4.1666666666666625,93.05555555555556,True
R-HSA-389957,Prefoldin mediated transfer of substrate  to CCT/TriC,27,Seer Proteograph XT,85.18518518518519,Seer Proteograph XT + Biognosys TrueDiscovery,92.5925925925926,7.4074074074074066,92.5925925925926,True
R-HSA-3214847,HATs acetylate histones,103,Seer Proteograph XT,61.165048543689316,Seer Proteograph XT + SomaSeq,71.84466019417476,10.679611650485443,76.69902912621359,False
R-HSA-190873,Gap junction degradation,12,Seer Proteograph XT,91.66666666666666,Seer Proteograph XT + Biognosys TrueDiscovery,100.0,8.333333333333337,100.0,True
R-HSA-5689603,UCH proteinases,78,Seer Proteograph XT,73.07692307692307,Seer Proteograph XT + SomaSeq,78.2051282051282,5.128205128205132,83.33333333333333,False
R-HSA-3247509,Chromatin modifying enzymes,229,Seer Proteograph XT,67.68558951965066,Seer Proteograph XT + SomaSeq,77.72925764192141,10.043668122270743,81.22270742358079,False
R-HSA-196025,Formation of annular gap junctions,11,Seer Proteograph XT,90.9090909090909,Seer Proteograph XT + Biognosys TrueDiscovery,100.0,9.090909090909093,100.0,True
R-HSA-9933939,Formation of the polybromo-BAF (pBAF) complex,18,Seer Proteograph XT,77.77777777777779,Seer Proteograph XT + Olink Explore HT,88.88888888888889,11.111111111111105,94.44444444444444,True
R-HSA-446353,Cell-extracellular matrix interactions,17,Seer Proteograph XT,82.35294117647058,Seer Proteograph XT + SomaSeq,94.11764705882352,11.764705882352944,100.0,False
R-HSA-5626467,RHO GTPases activate IQGAPs,33,Seer Proteograph XT,75.75757575757575,Seer Proteograph XT + Biognosys TrueDiscovery,84.84848484848484,9.090909090909093,87.87878787878788,True
R-HSA-2682334,EPH-Ephrin signaling,87,SomaSeq,81.60919540229885,Seer Proteograph XT + SomaSeq,96.55172413793103,14.942528735632187,100.0,False
R-HSA-3928665,EPH-ephrin mediated repulsion of cells,49,SomaSeq,83.6734693877551,Seer Proteograph XT + SomaSeq,97.95918367346938,14.28571428571428,100.0,False
R-HSA-6802955,Paradoxical activation of RAF signaling by kinase inactive BRAF,43,Seer Proteograph XT,86.04651162790698,Seer Proteograph XT + Olink Explore HT,90.69767441860465,4.651162790697672,93.02325581395348,True
R-HSA-9933947,Formation of the non-canonical BAF (ncBAF) complex,17,Seer Proteograph XT,52.94117647058824,Seer Proteograph XT + Olink Explore HT,70.58823529411765,17.647058823529417,76.47058823529412,True
R-HSA-9649948,Signaling downstream of RAS mutants,43,Seer Proteograph XT,86.04651162790698,Seer Proteograph XT + Olink Explore HT,90.69767441860465,4.651162790697672,93.02325581395348,True
R-HSA-437239,Recycling pathway of L1,48,Seer Proteograph XT,79.16666666666666,Seer Proteograph XT + SomaSeq,85.41666666666666,6.25,93.75,False
R-HSA-373760,L1CAM interactions,119,Seer Proteograph XT,65.54621848739495,Seer Proteograph XT + SomaSeq,76.47058823529412,10.924369747899155,82.3529411764706,False
R-HSA-5663220,RHO GTPases Activate Formins,143,Seer Proteograph XT,65.03496503496503,Seer Proteograph XT + SomaSeq,82.51748251748252,17.48251748251749,89.5104895104895,False
R-HSA-6802946,Signaling by moderate kinase activity BRAF mutants,43,Seer Proteograph XT,86.04651162790698,Seer Proteograph XT + Olink Explore HT,90.69767441860465,4.651162790697672,93.02325581395348,True
R-HSA-5696394,DNA Damage Recognition in GG-NER,34,Seer Proteograph XT,82.35294117647058,Seer Proteograph XT + SomaSeq,88.23529411764706,5.882352941176472,94.11764705882354,False
R-HSA-6802952,Signaling by BRAF and RAF1 fusions,62,Seer Proteograph XT,77.41935483870968,Seer Proteograph XT + Olink Explore HT,87.09677419354838,9.677419354838712,91.93548387096774,True
R-HSA-9662360,Sensory processing of sound by inner hair cells of the cochlea,67,Seer Proteograph XT,55.223880597014926,Seer Proteograph XT + SomaSeq,67.16417910447761,11.940298507462687,74.6268656716418,False
R-HSA-445095,Interaction between L1 and Ankyrins,30,SomaSeq,40.0,Seer Proteograph XT + Olink Explore HT,63.33333333333333,23.33333333333333,70.0,True
R-HSA-3928662,EPHB-mediated forward signaling,41,SomaSeq,82.92682926829268,Seer Proteograph XT + SomaSeq,92.6829268292683,9.756097560975618,100.0,False
R-HSA-9013418,R-HSA-9013418,24,Seer Proteograph XT,95.83333333333334,Seer Proteograph XT + SomaSeq,95.83333333333334,0.0,95.83333333333333,False
R-HSA-8939243,RUNX1 interacts with co-factors whose precise effect on RUNX1 targets is not known,38,Seer Proteograph XT,73.68421052631578,Seer Proteograph XT + SomaSeq,81.57894736842105,7.8947368421052655,84.21052631578948,False
R-HSA-3214858,RMTs methylate histone arginines,40,Seer Proteograph XT,52.5,Seer Proteograph XT + SomaSeq,65.0,12.5,65.0,False
R-HSA-373753,Nephrin family interactions,23,Seer Proteograph XT,78.26086956521739,Seer Proteograph XT + SomaSeq,95.65217391304348,17.391304347826086,95.65217391304348,False
R-HSA-9013405,RHOD GTPase cycle,48,Seer Proteograph XT,87.5,Seer Proteograph XT + SomaSeq,91.66666666666666,4.1666666666666625,95.83333333333333,False
R-HSA-3000170,Syndecan interactions,28,Seer Proteograph XT,96.42857142857143,Seer Proteograph XT + SomaSeq,96.42857142857143,0.0,96.42857142857143,False
R-HSA-112314,Neurotransmitter receptors and postsynaptic signal transmission,208,Seer Proteograph XT,50.96153846153846,Seer Proteograph XT + SomaSeq,63.46153846153846,12.5,68.75,False
R-HSA-9620244,R-HSA-9620244,23,SomaSeq,69.56521739130434,Seer Proteograph XT + SomaSeq,78.26086956521739,8.695652173913048,86.95652173913044,False
R-HSA-438064,Post NMDA receptor activation events,82,Seer Proteograph XT,70.73170731707317,Seer Proteograph XT + SomaSeq,80.48780487804879,9.756097560975618,87.8048780487805,False
R-HSA-442755,Activation of NMDA receptors and postsynaptic events,95,Seer Proteograph XT,68.42105263157895,Seer Proteograph XT + SomaSeq,78.94736842105263,10.526315789473683,85.26315789473684,False
R-HSA-9617324,R-HSA-9617324,21,SomaSeq,71.42857142857143,Seer Proteograph XT + SomaSeq,85.71428571428571,14.28571428571428,90.47619047619048,False
R-HSA-438066,R-HSA-438066,21,SomaSeq,61.904761904761905,Seer Proteograph XT + SomaSeq,71.42857142857143,9.523809523809524,80.95238095238095,False
R-HSA-442982,Ras activation upon Ca2+ influx through NMDA receptor,20,Seer Proteograph XT,70.0,Seer Proteograph XT + SomaSeq,80.0,10.000000000000009,90.0,False
R-HSA-9609736,R-HSA-9609736,44,Seer Proteograph XT,63.63636363636363,Seer Proteograph XT + SomaSeq,75.0,11.363636363636365,81.81818181818181,False
R-HSA-442742,CREB1 phosphorylation through NMDA receptor-mediated activation of RAS signaling,29,SomaSeq,79.3103448275862,Seer Proteograph XT + SomaSeq,86.20689655172413,6.896551724137923,93.10344827586206,False
R-HSA-3371497,HSP90 chaperone cycle for steroid hormone receptors (SHR) in the presence of ligand,58,Seer Proteograph XT,81.03448275862068,Seer Proteograph XT + SomaSeq,87.93103448275862,6.896551724137934,93.10344827586206,False
R-HSA-948021,Transport to the Golgi and subsequent modification,181,Seer Proteograph XT,81.76795580110497,Seer Proteograph XT + SomaSeq,91.16022099447514,9.392265193370164,92.81767955801105,False
R-HSA-6807878,COPI-mediated anterograde transport,96,Seer Proteograph XT,87.5,Seer Proteograph XT + SomaSeq,91.66666666666666,4.1666666666666625,94.79166666666667,False
R-HSA-2132295,MHC class II antigen presentation,129,Seer Proteograph XT,82.17054263565892,Seer Proteograph XT + SomaSeq,89.92248062015504,7.751937984496127,93.7984496124031,False
R-HSA-6811436,R-HSA-6811436,54,Seer Proteograph XT,85.18518518518519,Seer Proteograph XT + SomaSeq,88.88888888888889,3.703703703703698,92.5925925925926,False
R-HSA-9979719,Processing of antigen in germinal center B cells,98,Seer Proteograph XT,78.57142857142857,Seer Proteograph XT + SomaSeq,87.75510204081633,9.183673469387754,92.85714285714286,False
R-HSA-446203,Asparagine N-linked glycosylation,302,Seer Proteograph XT,79.13907284768213,Seer Proteograph XT + SomaSeq,88.0794701986755,8.940397350993369,89.73509933774834,False
R-HSA-5620912,Anchoring of the basal body to the plasma membrane,93,Seer Proteograph XT,54.83870967741935,Seer Proteograph XT + Olink Explore HT,70.96774193548387,16.129032258064523,80.64516129032258,True
R-HSA-380259,Loss of Nlp from mitotic centrosomes,64,Seer Proteograph XT,65.625,Seer Proteograph XT + SomaSeq,78.125,12.5,87.5,False
R-HSA-2565942,Regulation of PLK1 Activity at G2/M Transition,82,Seer Proteograph XT,62.19512195121951,Seer Proteograph XT + SomaSeq,76.82926829268293,14.634146341463417,85.36585365853658,False
R-HSA-380270,Recruitment of mitotic centrosome proteins and complexes,76,Seer Proteograph XT,68.42105263157895,Seer Proteograph XT + SomaSeq,81.57894736842105,13.157894736842103,89.47368421052632,False
R-HSA-68877,Mitotic Prometaphase,200,Seer Proteograph XT,65.0,Seer Proteograph XT + SomaSeq,80.5,15.500000000000004,86.5,False
R-HSA-380284,Loss of proteins required for interphase microtubule organization from the centrosome,64,Seer Proteograph XT,65.625,Seer Proteograph XT + SomaSeq,78.125,12.5,87.5,False
R-HSA-8854518,AURKA Activation by TPX2,67,Seer Proteograph XT,64.17910447761194,Seer Proteograph XT + SomaSeq,77.61194029850746,13.432835820895528,88.05970149253731,False
R-HSA-380320,Recruitment of NuMA to mitotic centrosomes,90,Seer Proteograph XT,67.77777777777779,Seer Proteograph XT + SomaSeq,78.88888888888889,11.111111111111105,87.77777777777777,False
R-HSA-1181150,R-HSA-1181150,23,SomaSeq,65.21739130434783,Seer Proteograph XT + SomaSeq,78.26086956521739,13.043478260869568,78.26086956521739,False
R-HSA-1502540,R-HSA-1502540,17,SomaSeq,82.35294117647058,Seer Proteograph XT + SomaSeq,82.35294117647058,0.0,82.3529411764706,False
R-HSA-1433617,R-HSA-1433617,12,SomaSeq,66.66666666666666,Seer Proteograph XT + SomaSeq,75.0,8.333333333333337,75.0,False
R-HSA-201451,R-HSA-201451,32,SomaSeq,87.5,Seer Proteograph XT + SomaSeq,93.75,6.25,93.75,False
R-HSA-5423646,R-HSA-5423646,19,Seer Proteograph XT,78.94736842105263,Seer Proteograph XT + Biognosys TrueDiscovery,84.21052631578947,5.263157894736836,84.21052631578948,True
R-HSA-9755088,R-HSA-9755088,11,Seer Proteograph XT,81.81818181818183,Seer Proteograph XT + SomaSeq,81.81818181818183,0.0,81.81818181818181,False
R-HSA-74217,R-HSA-74217,14,Seer Proteograph XT,92.85714285714286,Seer Proteograph XT + SomaSeq,92.85714285714286,0.0,92.85714285714286,False
R-HSA-9013700,NOTCH4 Activation and Transmission of Signal to the Nucleus,11,Seer Proteograph XT,81.81818181818183,Seer Proteograph XT + SomaSeq,100.0,18.181818181818176,100.0,False
R-HSA-1442490,Collagen degradation,65,Seer Proteograph XT,80.0,Seer Proteograph XT + SomaSeq,92.3076923076923,12.307692307692308,96.92307692307692,False
R-HSA-2691232,R-HSA-2691232,16,SomaSeq,81.25,SomaSeq + Olink Explore HT,93.75,12.5,93.75,True
R-HSA-381426,Regulation of Insulin-like Growth Factor (IGF) transport and uptake by Insulin-like Growth Factor Binding Proteins (IGFBPs),118,Seer Proteograph XT,88.98305084745762,Seer Proteograph XT + SomaSeq,94.0677966101695,5.084745762711873,95.76271186440678,False
R-HSA-8957275,Post-translational protein phosphorylation,104,Seer Proteograph XT,90.38461538461539,Seer Proteograph XT + SomaSeq,95.1923076923077,4.807692307692301,96.15384615384616,False
R-HSA-9013507,NOTCH3 Activation and Transmission of Signal to the Nucleus,25,SomaSeq,72.0,Seer Proteograph XT + SomaSeq,88.0,16.000000000000004,96.0,False
R-HSA-977225,Amyloid fiber formation,74,Seer Proteograph XT,58.108108108108105,Seer Proteograph XT + SomaSeq,68.91891891891892,10.81081081081081,71.62162162162163,False
R-HSA-2979096,NOTCH2 Activation and Transmission of Signal to the Nucleus,26,SomaSeq,65.38461538461539,Seer Proteograph XT + SomaSeq,80.76923076923077,15.384615384615385,88.46153846153847,False
R-HSA-2894862,Constitutive Signaling by NOTCH1 HD+PEST Domain Mutants,59,SomaSeq,64.40677966101694,Seer Proteograph XT + SomaSeq,81.35593220338984,16.949152542372893,86.44067796610169,False
R-HSA-2644606,Constitutive Signaling by NOTCH1 PEST Domain Mutants,59,SomaSeq,64.40677966101694,Seer Proteograph XT + SomaSeq,81.35593220338984,16.949152542372893,86.44067796610169,False
R-HSA-2122948,Activated NOTCH1 Transmits Signal to the Nucleus,32,SomaSeq,71.875,Seer Proteograph XT + SomaSeq,87.5,15.625,93.75,False
R-HSA-5682910,R-HSA-5682910,15,SomaSeq,60.0,Seer Proteograph XT + SomaSeq,73.33333333333333,13.33333333333333,73.33333333333333,False
R-HSA-1236394,Signaling by ERBB4,57,Seer Proteograph XT,66.66666666666666,Seer Proteograph XT + SomaSeq,82.45614035087719,15.789473684210531,85.96491228070175,False
R-HSA-5358346,Hedgehog ligand biogenesis,51,Seer Proteograph XT,88.23529411764706,Seer Proteograph XT + SomaSeq,92.15686274509804,3.9215686274509776,94.11764705882354,False
R-HSA-193692,Regulated proteolysis of p75NTR,11,Seer Proteograph XT,90.9090909090909,Seer Proteograph XT + SomaSeq,100.0,9.090909090909093,100.0,False
R-HSA-1251985,Nuclear signaling by ERBB4,31,Seer Proteograph XT,77.41935483870968,Seer Proteograph XT + SomaSeq,93.54838709677419,16.129032258064512,96.7741935483871,False
R-HSA-982772,R-HSA-982772,24,SomaSeq,87.5,Seer Proteograph XT + SomaSeq,95.83333333333334,8.333333333333337,95.83333333333333,False
R-HSA-75893,TNF signaling,58,Seer Proteograph XT,77.58620689655173,Seer Proteograph XT + SomaSeq,93.10344827586206,15.517241379310342,96.55172413793103,False
R-HSA-9762292,R-HSA-9762292,11,Seer Proteograph XT,90.9090909090909,Seer Proteograph XT + SomaSeq,90.9090909090909,0.0,90.9090909090909,False
R-HSA-9764260,Regulation of Expression and Function of Type II Classical Cadherins,31,Seer Proteograph XT,70.96774193548387,Seer Proteograph XT + SomaSeq,80.64516129032258,9.677419354838701,80.64516129032258,False
R-HSA-9759475,Regulation of CDH11 Expression and Function,28,Seer Proteograph XT,71.42857142857143,Seer Proteograph XT + SomaSeq,78.57142857142857,7.14285714285714,78.57142857142857,False
R-HSA-2534343,R-HSA-2534343,12,SomaSeq,41.66666666666667,Seer Proteograph XT + SomaSeq,58.333333333333336,16.666666666666668,58.333333333333336,False
R-HSA-5173214,O-glycosylation of TSR domain-containing proteins,39,Seer Proteograph XT,71.7948717948718,Seer Proteograph XT + SomaSeq,82.05128205128204,10.256410256410254,84.61538461538461,False
R-HSA-5083635,Defective B3GALTL causes PpS,38,Seer Proteograph XT,71.05263157894737,Seer Proteograph XT + SomaSeq,81.57894736842105,10.526315789473683,84.21052631578948,False
R-HSA-9769739,Regulation of clotting cascade,52,Seer Proteograph XT,92.3076923076923,Seer Proteograph XT + SomaSeq,96.15384615384616,3.8461538461538436,96.15384615384616,False
R-HSA-75892,Platelet Adhesion to exposed collagen,16,Seer Proteograph XT,87.5,Seer Proteograph XT + SomaSeq,87.5,0.0,87.5,False
R-HSA-1650814,R-HSA-1650814,65,Seer Proteograph XT,70.76923076923077,Seer Proteograph XT + SomaSeq,86.15384615384616,15.384615384615385,92.3076923076923,False
R-HSA-9833482,PKR-mediated signaling,79,Seer Proteograph XT,72.15189873417721,Seer Proteograph XT + SomaSeq,84.81012658227847,12.658227848101266,87.34177215189874,False
R-HSA-6782315,R-HSA-6782315,46,Seer Proteograph XT,76.08695652173914,Seer Proteograph XT + SomaSeq,84.78260869565217,8.695652173913038,86.95652173913044,False
R-HSA-418594,G alpha (i) signalling events,317,Seer Proteograph XT,48.89589905362776,Seer Proteograph XT + SomaSeq,61.82965299684543,12.933753943217669,64.35331230283911,False
R-HSA-111933,Calmodulin induced events,35,Seer Proteograph XT,68.57142857142857,Seer Proteograph XT + SomaSeq,88.57142857142857,19.999999999999996,94.28571428571429,False
R-HSA-170670,Adenylate cyclase inhibitory pathway,14,SomaSeq,57.14285714285714,Seer Proteograph XT + SomaSeq,71.42857142857143,14.28571428571429,78.57142857142857,False
R-HSA-5610787,Hedgehog 'off' state,100,Seer Proteograph XT,66.0,Seer Proteograph XT + SomaSeq,75.0,8.999999999999996,81.0,False
R-HSA-112043,PLC beta mediated events,49,Seer Proteograph XT,77.55102040816327,Seer Proteograph XT + SomaSeq,91.83673469387756,14.28571428571429,95.91836734693878,False
R-HSA-163359,Glucagon signaling in metabolic regulation,33,Seer Proteograph XT,66.66666666666666,Seer Proteograph XT + SomaSeq,78.78787878787878,12.121212121212121,81.81818181818181,False
R-HSA-432040,Vasopressin regulates renal water homeostasis via Aquaporins,43,Seer Proteograph XT,62.7906976744186,Seer Proteograph XT + SomaSeq,76.74418604651163,13.953488372093027,81.3953488372093,False
R-HSA-163615,PKA activation,18,Seer Proteograph XT,66.66666666666666,Seer Proteograph XT + SomaSeq,83.33333333333334,16.666666666666675,88.88888888888889,False
R-HSA-1489509,DAG and IP3 signaling,41,Seer Proteograph XT,70.73170731707317,Seer Proteograph XT + SomaSeq,90.2439024390244,19.512195121951226,95.1219512195122,False
R-HSA-991365,Activation of GABAB receptors,44,Seer Proteograph XT,45.45454545454545,Seer Proteograph XT + SomaSeq,61.36363636363637,15.909090909090912,65.9090909090909,False
R-HSA-418555,G alpha (s) signalling events,159,SomaSeq,54.088050314465406,Seer Proteograph XT + SomaSeq,67.29559748427673,13.207547169811317,71.06918238993711,False
R-HSA-111885,Opioid Signalling,90,Seer Proteograph XT,73.33333333333333,Seer Proteograph XT + SomaSeq,86.66666666666667,13.333333333333341,90.0,False
R-HSA-9664323,FCGR3A-mediated IL10 synthesis,118,Seer Proteograph XT,77.96610169491525,Seer Proteograph XT + Biognosys TrueDiscovery,84.7457627118644,6.779661016949145,88.98305084745763,True
R-HSA-111997,CaM pathway,35,Seer Proteograph XT,68.57142857142857,Seer Proteograph XT + SomaSeq,88.57142857142857,19.999999999999996,94.28571428571429,False
R-HSA-112040,G-protein mediated events,54,Seer Proteograph XT,77.77777777777779,Seer Proteograph XT + SomaSeq,90.74074074074075,12.962962962962965,94.44444444444444,False
R-HSA-170660,Adenylate cyclase activating pathway,10,SomaSeq,40.0,Seer Proteograph XT + SomaSeq,60.0,19.999999999999996,70.0,False
R-HSA-977443,GABA receptor activation,61,Seer Proteograph XT,36.0655737704918,Seer Proteograph XT + SomaSeq,50.81967213114754,14.754098360655737,55.73770491803279,False
R-HSA-164378,PKA activation in glucagon signalling,17,Seer Proteograph XT,64.70588235294117,Seer Proteograph XT + SomaSeq,82.35294117647058,17.647058823529406,88.23529411764706,False
R-HSA-9660821,ADORA2B mediated anti-inflammatory cytokines production,43,Seer Proteograph XT,67.44186046511628,Seer Proteograph XT + SomaSeq,79.06976744186046,11.627906976744185,83.72093023255815,False
R-HSA-9634597,GPER1 signaling,45,Seer Proteograph XT,71.11111111111111,Seer Proteograph XT + SomaSeq,80.0,8.888888888888891,84.44444444444444,False
R-HSA-111996,Ca-dependent events,37,Seer Proteograph XT,70.27027027027027,Seer Proteograph XT + SomaSeq,89.1891891891892,18.918918918918916,94.5945945945946,False
R-HSA-9856530,High laminar flow shear stress activates signaling by PIEZO1 and PECAM1:CDH5:KDR in endothelial cells,68,Seer Proteograph XT,73.52941176470588,Seer Proteograph XT + SomaSeq,83.82352941176471,10.29411764705882,86.76470588235294,False
R-HSA-977444,GABA B receptor activation,44,Seer Proteograph XT,45.45454545454545,Seer Proteograph XT + SomaSeq,61.36363636363637,15.909090909090912,65.9090909090909,False
R-HSA-418597,G alpha (z) signalling events,49,Seer Proteograph XT,59.183673469387756,Seer Proteograph XT + SomaSeq,77.55102040816327,18.36734693877551,81.63265306122449,False
R-HSA-442720,R-HSA-442720,12,Seer Proteograph XT,83.33333333333334,Seer Proteograph XT + SomaSeq,91.66666666666666,8.333333333333325,91.66666666666667,False
R-HSA-111931,PKA-mediated phosphorylation of CREB,20,Seer Proteograph XT,70.0,Seer Proteograph XT + SomaSeq,85.0,15.000000000000002,90.0,False
R-HSA-381753,Olfactory Signaling Pathway,420,Seer Proteograph XT,1.1904761904761905,Seer Proteograph XT + SomaSeq,2.142857142857143,0.9523809523809524,2.380952380952381,False
R-HSA-381676,R-HSA-381676,42,Seer Proteograph XT,64.28571428571429,Seer Proteograph XT + SomaSeq,73.80952380952381,9.523809523809524,80.95238095238095,False
R-HSA-400042,R-HSA-400042,28,Seer Proteograph XT,60.71428571428571,Seer Proteograph XT + Olink Explore HT,71.42857142857143,10.71428571428572,75.0,True
R-HSA-373080,R-HSA-373080,90,SomaSeq,62.22222222222222,Seer Proteograph XT + SomaSeq,74.44444444444444,12.222222222222223,78.88888888888889,False
R-HSA-420092,R-HSA-420092,33,SomaSeq,51.515151515151516,Seer Proteograph XT + SomaSeq,72.72727272727273,21.212121212121215,81.81818181818181,False
R-HSA-264870,R-HSA-264870,11,Seer Proteograph XT,100.0,Seer Proteograph XT + SomaSeq,100.0,0.0,100.0,False
R-HSA-5223345,R-HSA-5223345,30,Seer Proteograph XT,70.0,Seer Proteograph XT + SomaSeq,76.66666666666667,6.666666666666677,76.66666666666667,False
R-HSA-9619665,R-HSA-9619665,30,SomaSeq,60.0,Seer Proteograph XT + SomaSeq,70.0,9.999999999999998,70.0,False
R-HSA-5365859,RA biosynthesis pathway,23,SomaSeq,82.6086956521739,Seer Proteograph XT + SomaSeq,91.30434782608695,8.695652173913038,91.30434782608695,False
R-HSA-5362517,Signaling by Retinoic Acid,43,SomaSeq,79.06976744186046,Seer Proteograph XT + SomaSeq,93.02325581395348,13.953488372093027,93.02325581395348,False
R-HSA-211897,Cytochrome P450 - arranged by substrate type,66,SomaSeq,60.60606060606061,Seer Proteograph XT + SomaSeq,72.72727272727273,12.121212121212121,74.24242424242425,False
R-HSA-211935,Fatty acids,16,SomaSeq,43.75,Seer Proteograph XT + SomaSeq,56.25,12.5,56.25,False
R-HSA-1614635,R-HSA-1614635,29,Seer Proteograph XT,82.75862068965517,Seer Proteograph XT + SomaSeq,82.75862068965517,0.0,82.75862068965517,False
R-HSA-381340,Transcriptional regulation of white adipocyte differentiation,87,Seer Proteograph XT,59.77011494252874,Seer Proteograph XT + SomaSeq,83.9080459770115,24.13793103448275,85.05747126436782,False
R-HSA-419812,R-HSA-419812,10,SomaSeq,90.0,Seer Proteograph XT + SomaSeq,100.0,9.999999999999998,100.0,False
R-HSA-9940465,ChAHP complex assembly,25,Seer Proteograph XT,16.0,Seer Proteograph XT + SomaSeq,20.0,4.000000000000001,20.0,False
R-HSA-1614558,R-HSA-1614558,16,Seer Proteograph XT,75.0,Seer Proteograph XT + SomaSeq,75.0,0.0,75.0,False
R-HSA-418038,Nucleotide-like (purinergic) receptors,16,Seer Proteograph XT,37.5,Seer Proteograph XT + SomaSeq,43.75,6.25,43.75,False
R-HSA-8956319,R-HSA-8956319,35,SomaSeq,80.0,Seer Proteograph XT + Olink Explore HT,88.57142857142857,8.571428571428562,94.28571428571429,True
R-HSA-74259,R-HSA-74259,17,SomaSeq,88.23529411764706,Seer Proteograph XT + Olink Explore HT,94.11764705882352,5.882352941176472,94.11764705882354,True
R-HSA-73933,R-HSA-73933,40,Seer Proteograph XT,80.0,Seer Proteograph XT + SomaSeq,92.5,12.5,92.5,False
R-HSA-110373,R-HSA-110373,26,Seer Proteograph XT,84.61538461538461,Seer Proteograph XT + SomaSeq,92.3076923076923,7.692307692307699,92.3076923076923,False
R-HSA-375280,Amine ligand-binding receptors,43,Olink Explore HT,20.930232558139537,SomaSeq + Olink Explore HT,27.906976744186046,6.97674418604651,27.906976744186046,True
R-HSA-76009,Platelet Aggregation (Plug Formation),40,Seer Proteograph XT,82.5,Seer Proteograph XT + SomaSeq,90.0,7.500000000000007,90.0,False
R-HSA-201681,TCF dependent signaling in response to WNT,180,SomaSeq,61.66666666666667,Seer Proteograph XT + SomaSeq,74.44444444444444,12.777777777777777,76.66666666666667,False
R-HSA-5676590,NIK-->noncanonical NF-kB signaling,46,Seer Proteograph XT,84.78260869565217,Seer Proteograph XT + SomaSeq,91.30434782608695,6.521739130434778,93.47826086956522,False
R-HSA-5610785,GLI3 is processed to GLI3R by the proteasome,47,Seer Proteograph XT,87.2340425531915,Seer Proteograph XT + SomaSeq,91.48936170212765,4.255319148936165,93.61702127659575,False
R-HSA-1236978,Cross-presentation of soluble exogenous antigens (endosomes),42,Seer Proteograph XT,92.85714285714286,Seer Proteograph XT + SomaSeq,95.23809523809523,2.3809523809523725,95.23809523809524,False
R-HSA-69656,Cyclin A:Cdk2-associated events at S phase entry,77,SomaSeq,76.62337662337663,Seer Proteograph XT + SomaSeq,89.6103896103896,12.98701298701298,92.20779220779221,False
R-HSA-9909615,Regulation of PD-L1(CD274) Post-translational modification,82,Seer Proteograph XT,74.39024390243902,Seer Proteograph XT + SomaSeq,81.70731707317073,7.317073170731703,86.58536585365853,False
R-HSA-5607761,Dectin-1 mediated noncanonical NF-kB signaling,49,Seer Proteograph XT,85.71428571428571,Seer Proteograph XT + SomaSeq,91.83673469387756,6.1224489795918435,93.87755102040816,False
R-HSA-9762114,GSK3B and BTRC:CUL1-mediated-degradation of NFE2L2,42,Seer Proteograph XT,85.71428571428571,Seer Proteograph XT + SomaSeq,92.85714285714286,7.142857142857151,95.23809523809524,False
R-HSA-5362768,Hh mutants are degraded by ERAD,42,Seer Proteograph XT,90.47619047619048,Seer Proteograph XT + SomaSeq,95.23809523809523,4.761904761904756,97.61904761904762,False
R-HSA-5687128,MAPK6/MAPK4 signaling,77,Seer Proteograph XT,75.32467532467533,Seer Proteograph XT + SomaSeq,85.71428571428571,10.389610389610382,88.31168831168831,False
R-HSA-69601,Ubiquitin-Mediated Degradation of Phosphorylated Cdc25A,52,SomaSeq,80.76923076923077,Seer Proteograph XT + SomaSeq,90.38461538461539,9.615384615384615,92.3076923076923,False
R-HSA-5658442,Regulation of RAS by GAPs,55,Seer Proteograph XT,85.45454545454545,Seer Proteograph XT + SomaSeq,90.9090909090909,5.454545454545457,94.54545454545455,False
R-HSA-8854050,FBXL7 down-regulates AURKA during mitotic entry and in early mitosis,42,Seer Proteograph XT,85.71428571428571,Seer Proteograph XT + SomaSeq,92.85714285714286,7.142857142857151,97.61904761904762,False
R-HSA-9974237,Negative Regulation of DNA Double Strand Break Response,44,Seer Proteograph XT,81.81818181818183,Seer Proteograph XT + SomaSeq,90.9090909090909,9.090909090909083,93.18181818181819,False
R-HSA-9954709,Ribosome Quality Control (RQC) complex extracts and degrades nascent peptide,85,Seer Proteograph XT,84.70588235294117,Seer Proteograph XT + SomaSeq,88.23529411764706,3.529411764705881,89.41176470588235,False
R-HSA-9824272,Somitogenesis,44,Seer Proteograph XT,81.81818181818183,Seer Proteograph XT + SomaSeq,88.63636363636364,6.818181818181812,90.9090909090909,False
R-HSA-8939902,Regulation of RUNX2 expression and activity,58,SomaSeq,77.58620689655173,Seer Proteograph XT + SomaSeq,87.93103448275862,10.344827586206895,93.10344827586206,False
R-HSA-5610780,Degradation of GLI1 by the proteasome,47,Seer Proteograph XT,89.36170212765957,Seer Proteograph XT + SomaSeq,93.61702127659575,4.255319148936176,95.74468085106383,False
R-HSA-8852276,The role of GTSE1 in G2/M progression after G2 checkpoint,66,Seer Proteograph XT,74.24242424242425,Seer Proteograph XT + SomaSeq,84.84848484848484,10.606060606060607,89.39393939393939,False
R-HSA-9932298,Degradation of CRY and PER proteins,49,Seer Proteograph XT,81.63265306122449,Seer Proteograph XT + SomaSeq,87.75510204081633,6.122448979591832,89.79591836734694,False
R-HSA-174113,SCF-beta-TrCP mediated degradation of Emi1,43,Seer Proteograph XT,86.04651162790698,Seer Proteograph XT + SomaSeq,93.02325581395348,6.976744186046513,95.34883720930233,False
R-HSA-174178,APC/C:Cdh1 mediated degradation of Cdc20 and other APC/C:Cdh1 targeted proteins in late mitosis/early G1,63,Seer Proteograph XT,79.36507936507937,Seer Proteograph XT + SomaSeq,93.65079365079364,14.28571428571429,95.23809523809524,False
R-HSA-9907900,Proteasome assembly,52,Seer Proteograph XT,90.38461538461539,Seer Proteograph XT + SomaSeq,94.23076923076923,3.8461538461538436,96.15384615384616,False
R-HSA-8948751,Regulation of PTEN stability and activity,56,Seer Proteograph XT,83.92857142857143,Seer Proteograph XT + SomaSeq,91.07142857142857,7.14285714285714,92.85714285714286,False
R-HSA-169911,Regulation of Apoptosis,39,Seer Proteograph XT,89.74358974358975,Seer Proteograph XT + SomaSeq,94.87179487179486,5.128205128205121,97.43589743589743,False
R-HSA-176408,Regulation of APC/C activators between G1/S and early anaphase,71,Seer Proteograph XT,77.46478873239437,Seer Proteograph XT + SomaSeq,87.32394366197182,9.859154929577462,90.14084507042253,False
R-HSA-1169091,Activation of NF-kappaB in B cells,54,Seer Proteograph XT,87.03703703703704,Seer Proteograph XT + SomaSeq,92.5925925925926,5.555555555555558,94.44444444444444,False
R-HSA-8951664,Neddylation,219,Seer Proteograph XT,58.9041095890411,Seer Proteograph XT + SomaSeq,71.23287671232876,12.328767123287665,75.34246575342466,False
R-HSA-349425,Autodegradation of the E3 ubiquitin ligase COP1,39,Seer Proteograph XT,84.61538461538461,Seer Proteograph XT + SomaSeq,92.3076923076923,7.692307692307699,94.87179487179488,False
R-HSA-2871837,FCERI mediated NF-kB activation,146,Seer Proteograph XT,81.5068493150685,Seer Proteograph XT + Biognosys TrueDiscovery,86.3013698630137,4.794520547945202,89.72602739726027,True
R-HSA-5610783,Degradation of GLI2 by the proteasome,47,Seer Proteograph XT,87.2340425531915,Seer Proteograph XT + SomaSeq,93.61702127659575,6.382978723404253,95.74468085106383,False
R-HSA-351202,Metabolism of polyamines,46,Seer Proteograph XT,76.08695652173914,Seer Proteograph XT + SomaSeq,84.78260869565217,8.695652173913038,86.95652173913044,False
R-HSA-180585,Vif-mediated degradation of APOBEC3G,41,Seer Proteograph XT,90.2439024390244,Seer Proteograph XT + SomaSeq,95.1219512195122,4.8780487804877986,97.5609756097561,False
R-HSA-1236974,ER-Phagosome pathway,83,Seer Proteograph XT,89.1566265060241,Seer Proteograph XT + SomaSeq,93.97590361445783,4.81927710843374,95.18072289156626,False
R-HSA-4608870,Asymmetric localization of PCP proteins,50,SomaSeq,80.0,Seer Proteograph XT + SomaSeq,90.0,9.999999999999998,92.0,False
R-HSA-1234174,Cellular response to hypoxia,59,Seer Proteograph XT,77.96610169491525,Seer Proteograph XT + SomaSeq,91.52542372881356,13.559322033898303,94.91525423728814,False
R-HSA-195253,Degradation of beta-catenin by the destruction complex,73,Seer Proteograph XT,75.34246575342466,Seer Proteograph XT + SomaSeq,86.3013698630137,10.95890410958904,87.67123287671232,False
R-HSA-174154,APC/C:Cdc20 mediated degradation of Securin,56,Seer Proteograph XT,83.92857142857143,Seer Proteograph XT + SomaSeq,92.85714285714286,8.92857142857143,94.64285714285714,False
R-HSA-9604323,Negative regulation of NOTCH4 signaling,44,Seer Proteograph XT,88.63636363636364,Seer Proteograph XT + SomaSeq,93.18181818181817,4.545454545454541,95.45454545454545,False
R-HSA-4086400,PCP/CE pathway,77,SomaSeq,79.22077922077922,Seer Proteograph XT + SomaSeq,92.20779220779221,12.98701298701298,93.50649350649351,False
R-HSA-4641258,Degradation of DVL,44,Seer Proteograph XT,84.0909090909091,Seer Proteograph XT + SomaSeq,93.18181818181817,9.090909090909083,97.72727272727273,False
R-HSA-9929491,SPOP-mediated proteasomal degradation of PD-L1(CD274),46,Seer Proteograph XT,80.43478260869566,Seer Proteograph XT + SomaSeq,91.30434782608695,10.869565217391298,93.47826086956522,False
R-HSA-5632684,Hedgehog 'on' state,72,SomaSeq,73.61111111111111,Seer Proteograph XT + SomaSeq,81.94444444444444,8.333333333333325,86.11111111111111,False
R-HSA-75815,Ubiquitin-dependent degradation of Cyclin D,39,Seer Proteograph XT,84.61538461538461,Seer Proteograph XT + SomaSeq,94.87179487179486,10.256410256410254,97.43589743589743,False
R-HSA-176409,APC/C:Cdc20 mediated degradation of mitotic proteins,65,Seer Proteograph XT,75.38461538461539,Seer Proteograph XT + SomaSeq,86.15384615384616,10.769230769230775,90.76923076923077,False
R-HSA-5607764,CLEC7A (Dectin-1) signaling,88,Seer Proteograph XT,86.36363636363636,Seer Proteograph XT + SomaSeq,93.18181818181817,6.818181818181812,94.31818181818181,False
R-HSA-389948,Co-inhibition by PD-1,180,Seer Proteograph XT,60.55555555555555,Seer Proteograph XT + SomaSeq,73.33333333333333,12.777777777777777,76.11111111111111,False
R-HSA-2467813,Separation of Sister Chromatids,180,Seer Proteograph XT,70.55555555555556,Seer Proteograph XT + SomaSeq,85.55555555555556,14.999999999999991,90.55555555555556,False
R-HSA-8941858,Regulation of RUNX3 expression and activity,45,Seer Proteograph XT,84.44444444444444,Seer Proteograph XT + SomaSeq,95.55555555555556,11.111111111111116,97.77777777777777,False
R-HSA-2454202,Fc epsilon receptor (FCERI) signaling,190,Seer Proteograph XT,83.6842105263158,Seer Proteograph XT + SomaSeq,87.36842105263159,3.68421052631579,91.57894736842105,False
R-HSA-68867,Assembly of the pre-replicative complex,97,Seer Proteograph XT,64.94845360824742,Seer Proteograph XT + SomaSeq,72.16494845360825,7.216494845360821,73.19587628865979,False
R-HSA-5678895,Defective CFTR causes cystic fibrosis,47,Seer Proteograph XT,82.97872340425532,Seer Proteograph XT + SomaSeq,89.36170212765957,6.382978723404253,93.61702127659575,False
R-HSA-174084,Autodegradation of Cdh1 by Cdh1:APC/C,56,Seer Proteograph XT,87.5,Seer Proteograph XT + SomaSeq,92.85714285714286,5.35714285714286,94.64285714285714,False
R-HSA-180534,Vpu mediated degradation of CD4,39,Seer Proteograph XT,87.17948717948718,Seer Proteograph XT + SomaSeq,92.3076923076923,5.128205128205132,94.87179487179488,False
R-HSA-450408,AUF1 (hnRNP D0) binds and destabilizes mRNA,42,Seer Proteograph XT,90.47619047619048,Seer Proteograph XT + SomaSeq,95.23809523809523,4.761904761904756,97.61904761904762,False
R-HSA-350562,Regulation of ornithine decarboxylase (ODC),38,Seer Proteograph XT,84.21052631578947,Seer Proteograph XT + SomaSeq,92.10526315789474,7.8947368421052655,92.10526315789474,False
R-HSA-9931269,AMPK-induced ERAD and lysosome mediated degradation of PD-L1(CD274),54,Seer Proteograph XT,81.48148148148148,Seer Proteograph XT + Olink Explore HT,87.03703703703704,5.555555555555558,90.74074074074075,True
R-HSA-187577,SCF(Skp2)-mediated degradation of p27/p21,51,SomaSeq,82.35294117647058,Seer Proteograph XT + SomaSeq,92.15686274509804,9.80392156862745,94.11764705882354,False
R-HSA-1257604,PIP3 activates AKT signaling,264,Seer Proteograph XT,73.10606060606061,Seer Proteograph XT + SomaSeq,92.04545454545455,18.939393939393934,93.56060606060606,False
R-HSA-8878159,Transcriptional regulation by RUNX3,87,SomaSeq,78.16091954022988,Seer Proteograph XT + SomaSeq,87.35632183908046,9.195402298850574,89.65517241379311,False
R-HSA-1234176,Oxygen-dependent proline hydroxylation of Hypoxia-inducible Factor Alpha,51,Seer Proteograph XT,80.3921568627451,Seer Proteograph XT + SomaSeq,92.15686274509804,11.764705882352933,96.07843137254902,False
R-HSA-9020702,Interleukin-1 signaling,101,Seer Proteograph XT,83.16831683168317,Seer Proteograph XT + SomaSeq,92.07920792079209,8.910891089108919,93.06930693069307,False
R-HSA-69052,Switching of origins to a post-replicative state,83,Seer Proteograph XT,78.3132530120482,Seer Proteograph XT + SomaSeq,89.1566265060241,10.843373493975905,90.36144578313252,False
R-HSA-68949,Orc1 removal from chromatin,60,Seer Proteograph XT,80.0,Seer Proteograph XT + SomaSeq,90.0,9.999999999999998,91.66666666666667,False
R-HSA-9929356,GSK3B-mediated proteasomal degradation of PD-L1(CD274),43,Seer Proteograph XT,86.04651162790698,Seer Proteograph XT + SomaSeq,90.69767441860465,4.651162790697672,95.34883720930233,False
R-HSA-9010553,Regulation of expression of SLITs and ROBOs,126,Seer Proteograph XT,79.36507936507937,Seer Proteograph XT + SomaSeq,87.3015873015873,7.936507936507942,89.68253968253968,False
R-HSA-202424,Downstream TCR signaling,93,Seer Proteograph XT,80.64516129032258,Seer Proteograph XT + SomaSeq,87.09677419354838,6.451612903225811,88.17204301075269,False
R-HSA-69541,Stabilization of p53,45,SomaSeq,77.77777777777779,Seer Proteograph XT + SomaSeq,91.11111111111111,13.33333333333333,93.33333333333333,False
R-HSA-9909648,Regulation of PD-L1(CD274) expression,153,Seer Proteograph XT,59.47712418300654,Seer Proteograph XT + SomaSeq,72.54901960784314,13.0718954248366,75.81699346405229,False
R-HSA-69017,CDK-mediated phosphorylation and removal of Cdc6,63,Seer Proteograph XT,80.95238095238095,Seer Proteograph XT + SomaSeq,90.47619047619048,9.523809523809524,92.06349206349206,False
R-HSA-69563,p53-Dependent G1 DNA Damage Response,55,SomaSeq,78.18181818181819,Seer Proteograph XT + SomaSeq,89.0909090909091,10.909090909090901,90.9090909090909,False
R-HSA-6807070,PTEN Regulation,127,Seer Proteograph XT,77.95275590551181,Seer Proteograph XT + SomaSeq,88.18897637795276,10.236220472440948,89.76377952755905,False
R-HSA-174184,Cdc20:Phospho-APC/C mediated degradation of Cyclin A,62,Seer Proteograph XT,79.03225806451613,Seer Proteograph XT + SomaSeq,88.70967741935483,9.677419354838712,91.93548387096774,False
R-HSA-9793380,Formation of paraxial mesoderm,59,Seer Proteograph XT,74.57627118644068,Seer Proteograph XT + SomaSeq,84.7457627118644,10.169491525423723,86.44067796610169,False
R-HSA-5689880,Ub-specific processing proteases,183,Seer Proteograph XT,60.10928961748634,Seer Proteograph XT + SomaSeq,72.6775956284153,12.568306010928964,75.40983606557377,False
R-HSA-69202,Cyclin E associated events during G1/S transition ,74,SomaSeq,77.02702702702703,Seer Proteograph XT + SomaSeq,89.1891891891892,12.16216216216216,91.89189189189189,False
R-HSA-211733,Regulation of activated PAK-2p34 by proteasome mediated degradation,36,Seer Proteograph XT,88.88888888888889,Seer Proteograph XT + SomaSeq,94.44444444444444,5.555555555555558,97.22222222222223,False
R-HSA-179419,APC:Cdc20 mediated degradation of cell cycle proteins prior to satisfation of the cell cycle checkpoint,63,Seer Proteograph XT,77.77777777777779,Seer Proteograph XT + SomaSeq,87.3015873015873,9.523809523809524,92.06349206349206,False
R-HSA-5668541,TNFR2 non-canonical NF-kB pathway,88,SomaSeq,79.54545454545455,Seer Proteograph XT + SomaSeq,92.04545454545455,12.5,95.45454545454545,False
R-HSA-4641257,Degradation of AXIN,42,Seer Proteograph XT,83.33333333333334,Seer Proteograph XT + SomaSeq,92.85714285714286,9.523809523809524,95.23809523809524,False
R-HSA-983168,Antigen processing: Ubiquitination & Proteasome degradation,299,Seer Proteograph XT,63.87959866220736,Seer Proteograph XT + SomaSeq,74.5819397993311,10.702341137123739,79.26421404682274,False
R-HSA-9766229,Degradation of CDH1,53,Seer Proteograph XT,88.67924528301887,Seer Proteograph XT + SomaSeq,94.33962264150944,5.660377358490565,96.22641509433963,False
R-HSA-3214841,PKMTs methylate histone lysines,46,Seer Proteograph XT,71.73913043478261,Seer Proteograph XT + SomaSeq,80.43478260869566,8.695652173913048,82.6086956521739,False
R-HSA-212300,PRC2 methylates histones and DNA,37,Seer Proteograph XT,24.324324324324326,Seer Proteograph XT + SomaSeq,29.72972972972973,5.405405405405405,29.72972972972973,False
R-HSA-75955,R-HSA-75955,55,Seer Proteograph XT,78.18181818181819,Seer Proteograph XT + SomaSeq,87.27272727272727,9.090909090909083,87.27272727272727,False
R-HSA-674695,R-HSA-674695,77,Seer Proteograph XT,71.42857142857143,Seer Proteograph XT + SomaSeq,81.81818181818183,10.389610389610393,83.11688311688312,False
R-HSA-112382,R-HSA-112382,55,Seer Proteograph XT,78.18181818181819,Seer Proteograph XT + SomaSeq,87.27272727272727,9.090909090909083,87.27272727272727,False
R-HSA-8949664,R-HSA-8949664,17,Seer Proteograph XT,82.35294117647058,Seer Proteograph XT + SomaSeq,94.11764705882352,11.764705882352944,94.11764705882354,False
R-HSA-8949215,R-HSA-8949215,21,Seer Proteograph XT,80.95238095238095,Seer Proteograph XT + SomaSeq,90.47619047619048,9.523809523809524,90.47619047619048,False
R-HSA-8955332,R-HSA-8955332,44,Seer Proteograph XT,36.36363636363637,Seer Proteograph XT + Olink Explore HT,59.09090909090909,22.72727272727273,63.63636363636363,True
R-HSA-168179,Toll Like Receptor TLR1:TLR2 Cascade,118,Seer Proteograph XT,76.27118644067797,Seer Proteograph XT + SomaSeq,92.37288135593221,16.10169491525424,93.22033898305085,False
R-HSA-879415,Advanced glycosylation endproduct receptor signaling,13,Seer Proteograph XT,100.0,Seer Proteograph XT + SomaSeq,100.0,0.0,100.0,False
R-HSA-937061,TRIF (TICAM1)-mediated TLR4 signaling ,109,Seer Proteograph XT,77.06422018348624,Seer Proteograph XT + SomaSeq,91.74311926605505,14.678899082568808,92.66055045871559,False
R-HSA-168138,Toll Like Receptor 9 (TLR9) Cascade,109,Seer Proteograph XT,74.31192660550458,Seer Proteograph XT + SomaSeq,89.90825688073394,15.596330275229365,90.8256880733945,False
R-HSA-168164,Toll Like Receptor 3 (TLR3) Cascade,105,Seer Proteograph XT,76.19047619047619,Seer Proteograph XT + SomaSeq,91.42857142857143,15.238095238095239,92.38095238095238,False
R-HSA-166166,MyD88-independent TLR4 cascade ,109,Seer Proteograph XT,77.06422018348624,Seer Proteograph XT + SomaSeq,91.74311926605505,14.678899082568808,92.66055045871559,False
R-HSA-445989,TAK1-dependent IKK and NF-kappa-B activation  ,44,Seer Proteograph XT,77.27272727272727,Seer Proteograph XT + SomaSeq,88.63636363636364,11.363636363636365,90.9090909090909,False
R-HSA-168181,Toll Like Receptor 7/8 (TLR7/8) Cascade,106,Seer Proteograph XT,73.58490566037736,Seer Proteograph XT + SomaSeq,89.62264150943396,16.03773584905661,90.56603773584905,False
R-HSA-168142,Toll Like Receptor 10 (TLR10) Cascade,96,Seer Proteograph XT,75.0,Seer Proteograph XT + SomaSeq,92.70833333333334,17.708333333333336,93.75,False
R-HSA-166016,Toll Like Receptor 4 (TLR4) Cascade,147,Seer Proteograph XT,76.19047619047619,Seer Proteograph XT + SomaSeq,92.51700680272108,16.326530612244905,93.19727891156462,False
R-HSA-975155,MyD88 dependent cascade initiated on endosome,102,Seer Proteograph XT,73.52941176470588,Seer Proteograph XT + SomaSeq,90.19607843137256,16.666666666666664,91.17647058823529,False
R-HSA-168188,Toll Like Receptor TLR6:TLR2 Cascade,114,Seer Proteograph XT,76.31578947368422,Seer Proteograph XT + SomaSeq,92.10526315789474,15.78947368421052,92.98245614035088,False
R-HSA-166058,MyD88:MAL(TIRAP) cascade initiated on plasma membrane,114,Seer Proteograph XT,76.31578947368422,Seer Proteograph XT + SomaSeq,92.10526315789474,15.78947368421052,92.98245614035088,False
R-HSA-975138,TRAF6 mediated induction of NFkB and MAP kinases upon TLR7/8 or 9 activation,101,Seer Proteograph XT,74.25742574257426,Seer Proteograph XT + SomaSeq,91.0891089108911,16.831683168316836,92.07920792079207,False
R-HSA-168928,DDX58/IFIH1-mediated induction of interferon-alpha/beta,82,SomaSeq,76.82926829268293,Seer Proteograph XT + SomaSeq,91.46341463414635,14.634146341463417,92.6829268292683,False
R-HSA-933542,TRAF6 mediated NF-kB activation,25,Seer Proteograph XT,96.0,Seer Proteograph XT + SomaSeq,100.0,4.0000000000000036,100.0,False
R-HSA-168176,Toll Like Receptor 5 (TLR5) Cascade,96,Seer Proteograph XT,75.0,Seer Proteograph XT + SomaSeq,92.70833333333334,17.708333333333336,93.75,False
R-HSA-975871,MyD88 cascade initiated on plasma membrane,96,Seer Proteograph XT,75.0,Seer Proteograph XT + SomaSeq,92.70833333333334,17.708333333333336,93.75,False
R-HSA-70221,R-HSA-70221,15,Seer Proteograph XT,100.0,Seer Proteograph XT + SomaSeq,100.0,0.0,100.0,False
R-HSA-9839394,TGFBR3 expression,25,SomaSeq,60.0,Seer Proteograph XT + SomaSeq,80.0,20.000000000000007,84.0,False
R-HSA-8853884,Transcriptional Regulation by VENTX,41,Seer Proteograph XT,70.73170731707317,Seer Proteograph XT + SomaSeq,85.36585365853658,14.634146341463417,85.36585365853658,False
R-HSA-5628897,TP53 Regulates Metabolic Genes,86,Seer Proteograph XT,81.3953488372093,Seer Proteograph XT + SomaSeq,90.69767441860465,9.302325581395344,91.86046511627907,False
R-HSA-203927,MicroRNA (miRNA) biogenesis,24,Seer Proteograph XT,83.33333333333334,Seer Proteograph XT + SomaSeq,100.0,16.666666666666664,100.0,False
R-HSA-8986944,Transcriptional Regulation by MECP2,60,Seer Proteograph XT,61.66666666666667,Seer Proteograph XT + SomaSeq,81.66666666666667,19.999999999999996,90.0,False
R-HSA-9725371,Nuclear events stimulated by ALK signaling in cancer,34,SomaSeq,73.52941176470588,Seer Proteograph XT + SomaSeq,91.17647058823529,17.647058823529406,94.11764705882354,False
R-HSA-8939211,ESR-mediated signaling,181,Seer Proteograph XT,67.40331491712708,Seer Proteograph XT + SomaSeq,80.11049723756905,12.707182320441978,81.76795580110497,False
R-HSA-9022692,Regulation of MECP2 expression and activity,30,Seer Proteograph XT,73.33333333333333,Seer Proteograph XT + Olink Explore HT,86.66666666666667,13.333333333333341,90.0,True
R-HSA-9945556,Transcriptional regulation of multiciliogenesis,27,SomaSeq,48.148148148148145,Seer Proteograph XT + SomaSeq,59.25925925925925,11.11111111111111,66.66666666666667,False
R-HSA-2559580,Oxidative Stress Induced Senescence,86,SomaSeq,55.81395348837209,Seer Proteograph XT + SomaSeq,68.6046511627907,12.790697674418606,70.93023255813954,False
R-HSA-9634815,Transcriptional Regulation by NPAS4,33,SomaSeq,60.60606060606061,SomaSeq + Olink Explore HT,69.6969696969697,9.090909090909093,75.75757575757575,True
R-HSA-9725370,Signaling by ALK fusions and activated point mutants,91,Seer Proteograph XT,73.62637362637363,Seer Proteograph XT + SomaSeq,92.3076923076923,18.681318681318682,95.6043956043956,False
R-HSA-9824594,Regulation of MITF-M-dependent genes involved in apoptosis,18,Seer Proteograph XT,66.66666666666666,Seer Proteograph XT + SomaSeq,77.77777777777779,11.111111111111116,77.77777777777777,False
R-HSA-9018519,Estrogen-dependent gene expression,110,Seer Proteograph XT,60.0,Seer Proteograph XT + SomaSeq,75.45454545454545,15.454545454545453,76.36363636363636,False
R-HSA-9768759,Regulation of NPAS4 gene expression,13,Seer Proteograph XT,53.84615384615385,Seer Proteograph XT + SomaSeq,69.23076923076923,15.384615384615385,76.92307692307692,False
R-HSA-1912408,Pre-NOTCH Transcription and Translation,59,SomaSeq,40.67796610169492,Seer Proteograph XT + SomaSeq,47.45762711864407,6.779661016949151,47.45762711864407,False
R-HSA-8943723,Regulation of PTEN mRNA translation,11,Seer Proteograph XT,81.81818181818183,Seer Proteograph XT + SomaSeq,81.81818181818183,0.0,81.81818181818181,False
R-HSA-5578749,Transcriptional regulation by small RNAs,38,Seer Proteograph XT,36.84210526315789,Seer Proteograph XT + SomaSeq,44.73684210526316,7.8947368421052655,44.73684210526316,False
R-HSA-2559585,Oncogene Induced Senescence,33,SomaSeq,69.6969696969697,Seer Proteograph XT + SomaSeq,81.81818181818183,12.121212121212121,87.87878787878788,False
R-HSA-3700989,Transcriptional Regulation by TP53,363,Seer Proteograph XT,65.84022038567493,Seer Proteograph XT + SomaSeq,81.81818181818183,15.977961432506893,84.84848484848484,False
R-HSA-8934593,Regulation of RUNX1 Expression and Activity,17,Seer Proteograph XT,70.58823529411765,Seer Proteograph XT + SomaSeq,82.35294117647058,11.764705882352933,88.23529411764706,False
R-HSA-426486,Small interfering RNA (siRNA) biogenesis,10,Seer Proteograph XT,90.0,Seer Proteograph XT + SomaSeq,100.0,9.999999999999998,100.0,False
R-HSA-9764562,Regulation of CDH1 mRNA translation by microRNAs,11,Seer Proteograph XT,63.63636363636363,Seer Proteograph XT + SomaSeq,81.81818181818183,18.181818181818187,81.81818181818181,False
R-HSA-4086398,Ca2+ pathway,63,Seer Proteograph XT,61.904761904761905,Seer Proteograph XT + SomaSeq,76.19047619047619,14.28571428571428,77.77777777777777,False
R-HSA-165159,MTOR signalling,51,Seer Proteograph XT,88.23529411764706,Seer Proteograph XT + Olink Explore HT,90.19607843137256,1.9607843137254943,90.19607843137256,True
R-HSA-8936459,RUNX1 regulates genes involved in megakaryocyte differentiation and platelet function,57,Seer Proteograph XT,54.385964912280706,Seer Proteograph XT + SomaSeq,57.89473684210527,3.508771929824561,59.64912280701754,False
R-HSA-9820841,R-HSA-9820841,44,Seer Proteograph XT,68.18181818181817,Seer Proteograph XT + SomaSeq,86.36363636363636,18.181818181818187,88.63636363636364,False
R-HSA-3560801,Defective B3GAT3 causes JDSSDHD,19,Seer Proteograph XT,94.73684210526315,Seer Proteograph XT + SomaSeq,100.0,5.263157894736848,100.0,False
R-HSA-3656253,"Defective EXT1 causes exostoses 1, TRPS2 and CHDS",14,Seer Proteograph XT,78.57142857142857,Seer Proteograph XT + SomaSeq,85.71428571428571,7.14285714285714,85.71428571428571,False
R-HSA-975634,Retinoid metabolism and transport,46,Seer Proteograph XT,86.95652173913044,Seer Proteograph XT + SomaSeq,93.47826086956522,6.521739130434789,95.65217391304348,False
R-HSA-4420332,Defective B3GALT6 causes EDSP2 and SEMDJL1,19,Seer Proteograph XT,94.73684210526315,Seer Proteograph XT + SomaSeq,100.0,5.263157894736848,100.0,False
R-HSA-3656237,Defective EXT2 causes exostoses 2,14,Seer Proteograph XT,78.57142857142857,Seer Proteograph XT + SomaSeq,85.71428571428571,7.14285714285714,85.71428571428571,False
R-HSA-9918481,Dengue Virus-Host Interactions,247,Seer Proteograph XT,85.4251012145749,Seer Proteograph XT + SomaSeq,90.2834008097166,4.858299595141702,90.68825910931174,False
R-HSA-3560783,"Defective B4GALT7 causes EDS, progeroid type",19,Seer Proteograph XT,94.73684210526315,Seer Proteograph XT + SomaSeq,100.0,5.263157894736848,100.0,False
R-HSA-9833110,RSV-host interactions,97,SomaSeq,67.0103092783505,Seer Proteograph XT + SomaSeq,89.69072164948454,22.68041237113403,92.78350515463917,False
R-HSA-419037,NCAM1 interactions,42,SomaSeq,66.66666666666666,SomaSeq + Olink Explore HT,80.95238095238095,14.28571428571429,85.71428571428571,True
R-HSA-9918485,Dengue Virus Attachment and Entry,42,Seer Proteograph XT,85.71428571428571,Seer Proteograph XT + SomaSeq,97.61904761904762,11.904761904761907,97.61904761904762,False
R-HSA-2024096,HS-GAG degradation,20,Seer Proteograph XT,90.0,Seer Proteograph XT + SomaSeq,95.0,4.999999999999993,95.0,False
R-HSA-9820960,Respiratory syncytial virus (RSV) attachment and entry,23,Seer Proteograph XT,91.30434782608695,Seer Proteograph XT + SomaSeq,100.0,8.695652173913048,100.0,False
R-HSA-9769735,Initiation of coagulation cascade,23,Seer Proteograph XT,91.30434782608695,Seer Proteograph XT + SomaSeq,100.0,8.695652173913048,100.0,False
R-HSA-2022928,HS-GAG biosynthesis,33,Seer Proteograph XT,63.63636363636363,Seer Proteograph XT + SomaSeq,81.81818181818183,18.181818181818187,87.87878787878788,False
R-HSA-1971475,Glycosaminoglycan-protein linkage region biosynthesis,28,Seer Proteograph XT,89.28571428571429,Seer Proteograph XT + SomaSeq,96.42857142857143,7.14285714285714,96.42857142857143,False
R-HSA-216083,Integrin cell surface interactions,83,Seer Proteograph XT,79.51807228915662,Seer Proteograph XT + SomaSeq,85.54216867469879,6.024096385542165,89.1566265060241,False
R-HSA-375165,NCAM signaling for neurite out-growth,65,SomaSeq,70.76923076923077,Seer Proteograph XT + Olink Explore HT,86.15384615384616,15.384615384615385,90.76923076923077,True
R-HSA-389661,R-HSA-389661,19,Seer Proteograph XT,89.47368421052632,Seer Proteograph XT + SomaSeq,94.73684210526315,5.263157894736836,94.73684210526316,False
R-HSA-73621,R-HSA-73621,12,Seer Proteograph XT,83.33333333333334,Seer Proteograph XT + SomaSeq,91.66666666666666,8.333333333333325,100.0,False
R-HSA-9615933,R-HSA-9615933,27,Seer Proteograph XT,96.29629629629629,Seer Proteograph XT + SomaSeq,96.29629629629629,0.0,96.29629629629629,False
R-HSA-2500257,Resolution of Sister Chromatid Cohesion,128,Seer Proteograph XT,62.5,Seer Proteograph XT + SomaSeq,81.25,18.75,86.71875,False
R-HSA-141444,Amplification  of signal from unattached  kinetochores via a MAD2  inhibitory signal,95,Seer Proteograph XT,61.05263157894737,Seer Proteograph XT + SomaSeq,84.21052631578947,23.1578947368421,89.47368421052632,False
R-HSA-9648025,EML4 and NUDC in mitotic spindle formation,119,Seer Proteograph XT,63.02521008403361,Seer Proteograph XT + SomaSeq,82.35294117647058,19.327731092436974,88.23529411764706,False
R-HSA-2408522,R-HSA-2408522,84,Seer Proteograph XT,84.52380952380952,Seer Proteograph XT + SomaSeq,85.71428571428571,1.1904761904761862,86.9047619047619,False
R-HSA-156581,R-HSA-156581,14,Seer Proteograph XT,85.71428571428571,Seer Proteograph XT + SomaSeq,85.71428571428571,0.0,85.71428571428571,False
R-HSA-5607763,R-HSA-5607763,11,Seer Proteograph XT,100.0,Seer Proteograph XT + SomaSeq,100.0,0.0,100.0,False
R-HSA-2029485,R-HSA-2029485,105,Seer Proteograph XT,78.0952380952381,Seer Proteograph XT + Biognosys TrueDiscovery,85.71428571428571,7.619047619047614,87.61904761904762,True
R-HSA-5218921,VEGFR2 mediated cell proliferation,20,Seer Proteograph XT,100.0,Seer Proteograph XT + SomaSeq,100.0,0.0,100.0,False
R-HSA-2871809,R-HSA-2871809,104,Seer Proteograph XT,81.73076923076923,Seer Proteograph XT + Biognosys TrueDiscovery,87.5,5.769230769230771,89.42307692307692,True
R-HSA-5578775,R-HSA-5578775,56,Seer Proteograph XT,75.0,Seer Proteograph XT + SomaSeq,78.57142857142857,3.57142857142857,83.92857142857143,False
R-HSA-983695,Antigen activates B Cell Receptor (BCR) leading to generation of second messengers,92,Seer Proteograph XT,82.6086956521739,Seer Proteograph XT + Biognosys TrueDiscovery,88.04347826086956,5.434782608695654,88.04347826086956,True
R-HSA-9958790,R-HSA-9958790,37,Seer Proteograph XT,43.24324324324324,Seer Proteograph XT + SomaSeq,62.16216216216216,18.918918918918916,67.56756756756756,False
R-HSA-425381,R-HSA-425381,10,Seer Proteograph XT,70.0,Seer Proteograph XT + SomaSeq,70.0,0.0,70.0,False
R-HSA-211976,R-HSA-211976,26,SomaSeq,61.53846153846154,Seer Proteograph XT + SomaSeq,76.92307692307693,15.384615384615385,76.92307692307692,False
R-HSA-211981,Xenobiotics,24,SomaSeq,66.66666666666666,Seer Proteograph XT + SomaSeq,75.0,8.333333333333337,75.0,False
R-HSA-6803204,TP53 Regulates Transcription of Genes Involved in Cytochrome C Release,21,Seer Proteograph XT,47.61904761904761,Seer Proteograph XT + SomaSeq,66.66666666666666,19.047619047619047,76.19047619047619,False
R-HSA-5633008,TP53 Regulates Transcription of Cell Death Genes,46,SomaSeq,65.21739130434783,Seer Proteograph XT + SomaSeq,84.78260869565217,19.565217391304344,89.1304347826087,False
R-HSA-1834949,R-HSA-1834949,65,Seer Proteograph XT,72.3076923076923,Seer Proteograph XT + SomaSeq,89.23076923076924,16.92307692307693,90.76923076923077,False
R-HSA-9856649,R-HSA-9856649,60,SomaSeq,86.66666666666667,Seer Proteograph XT + SomaSeq,90.0,3.3333333333333326,90.0,False
R-HSA-5419276,R-HSA-5419276,106,Seer Proteograph XT,89.62264150943396,Seer Proteograph XT + SomaSeq,90.56603773584906,0.9433962264150941,91.50943396226415,False
R-HSA-5368286,R-HSA-5368286,105,Seer Proteograph XT,89.52380952380953,Seer Proteograph XT + SomaSeq,90.47619047619048,0.952380952380949,91.42857142857143,False
R-HSA-9937383,R-HSA-9937383,94,Seer Proteograph XT,90.42553191489363,Seer Proteograph XT + SomaSeq,92.5531914893617,2.127659574468077,93.61702127659575,False
R-HSA-8950505,Gene and protein expression by JAK-STAT signaling after Interleukin-12 stimulation,34,SomaSeq,97.05882352941177,Seer Proteograph XT + SomaSeq,97.05882352941177,0.0,97.05882352941177,False
R-HSA-9020591,Interleukin-12 signaling,42,SomaSeq,92.85714285714286,Seer Proteograph XT + SomaSeq,95.23809523809523,2.3809523809523725,95.23809523809524,False
R-HSA-5389840,R-HSA-5389840,105,Seer Proteograph XT,90.47619047619048,Seer Proteograph XT + SomaSeq,91.42857142857143,0.952380952380949,92.38095238095238,False
R-HSA-499943,R-HSA-499943,31,Seer Proteograph XT,87.09677419354838,Seer Proteograph XT + SomaSeq,96.7741935483871,9.677419354838712,96.7741935483871,False
R-HSA-399719,R-HSA-399719,33,SomaSeq,63.63636363636363,Seer Proteograph XT + SomaSeq,75.75757575757575,12.121212121212121,81.81818181818181,False
R-HSA-399721,R-HSA-399721,33,SomaSeq,63.63636363636363,Seer Proteograph XT + SomaSeq,75.75757575757575,12.121212121212121,81.81818181818181,False
R-HSA-9772755,Formation of WDR5-containing histone-modifying complexes,43,Seer Proteograph XT,79.06976744186046,Seer Proteograph XT + SomaSeq,88.37209302325581,9.302325581395355,90.69767441860465,False
R-HSA-5576893,Phase 2 - plateau phase,15,SomaSeq,26.666666666666668,Seer Proteograph XT + SomaSeq,46.666666666666664,20.0,60.0,False
R-HSA-5576890,Phase 3 - rapid repolarisation,10,SomaSeq,40.0,Seer Proteograph XT + SomaSeq,50.0,9.999999999999998,60.0,False
R-HSA-156590,R-HSA-156590,37,SomaSeq,81.08108108108108,Seer Proteograph XT + SomaSeq,89.1891891891892,8.108108108108103,91.89189189189189,False
R-HSA-196071,R-HSA-196071,37,SomaSeq,51.35135135135135,Seer Proteograph XT + SomaSeq,70.27027027027027,18.918918918918926,75.67567567567568,False
R-HSA-196108,R-HSA-196108,13,Seer Proteograph XT,69.23076923076923,Seer Proteograph XT + SomaSeq,84.61538461538461,15.384615384615385,92.3076923076923,False
R-HSA-193807,R-HSA-193807,14,SomaSeq,71.42857142857143,Seer Proteograph XT + SomaSeq,78.57142857142857,7.14285714285714,78.57142857142857,False
R-HSA-2162123,R-HSA-2162123,15,SomaSeq,93.33333333333333,Seer Proteograph XT + SomaSeq,93.33333333333333,0.0,93.33333333333333,False
R-HSA-8876198,R-HSA-8876198,91,Seer Proteograph XT,86.81318681318682,Seer Proteograph XT + SomaSeq,92.3076923076923,5.494505494505497,94.50549450549451,False
R-HSA-3769402,Deactivation of the beta-catenin transactivating complex,44,SomaSeq,59.09090909090909,Seer Proteograph XT + SomaSeq,72.72727272727273,13.636363636363635,77.27272727272727,False
R-HSA-9856532,R-HSA-9856532,16,Seer Proteograph XT,75.0,Seer Proteograph XT + Olink Explore HT,81.25,6.25,81.25,True
R-HSA-1358803,R-HSA-1358803,13,SomaSeq,92.3076923076923,SomaSeq + Olink Explore HT,100.0,7.692307692307687,100.0,True
R-HSA-210745,Regulation of gene expression in beta cells,21,SomaSeq,57.14285714285714,Seer Proteograph XT + SomaSeq,66.66666666666666,9.523809523809524,71.42857142857143,False
R-HSA-9634638,Estrogen-dependent nuclear events downstream of ESR-membrane signaling,23,SomaSeq,91.30434782608695,SomaSeq + Olink Explore HT,95.65217391304348,4.34782608695653,95.65217391304348,True
R-HSA-450604,R-HSA-450604,17,Seer Proteograph XT,88.23529411764706,Seer Proteograph XT + SomaSeq,94.11764705882352,5.882352941176472,100.0,False
R-HSA-6785807,Interleukin-4 and Interleukin-13 signaling,107,SomaSeq,85.98130841121495,Seer Proteograph XT + SomaSeq,91.58878504672897,5.607476635514019,93.45794392523365,False
R-HSA-6804757,Regulation of TP53 Degradation,39,SomaSeq,66.66666666666666,Seer Proteograph XT + SomaSeq,87.17948717948718,20.512820512820518,89.74358974358974,False
R-HSA-392451,R-HSA-392451,26,Seer Proteograph XT,76.92307692307693,Seer Proteograph XT + SomaSeq,80.76923076923077,3.8461538461538436,84.61538461538461,False
R-HSA-6811558,"PI5P, PP2A and IER3 Regulate PI3K/AKT Signaling",113,SomaSeq,80.53097345132744,Seer Proteograph XT + SomaSeq,96.46017699115043,15.929203539823,98.23008849557522,False
R-HSA-199418,Negative regulation of the PI3K/AKT network,121,SomaSeq,79.33884297520662,Seer Proteograph XT + SomaSeq,95.0413223140496,15.702479338842979,96.69421487603306,False
R-HSA-389356,Co-stimulation by CD28,44,Seer Proteograph XT,88.63636363636364,Seer Proteograph XT + SomaSeq,93.18181818181817,4.545454545454541,93.18181818181819,False
R-HSA-389357,CD28 dependent PI3K/Akt signaling,27,Seer Proteograph XT,81.48148148148148,Seer Proteograph XT + SomaSeq,88.88888888888889,7.4074074074074066,88.88888888888889,False
R-HSA-111447,R-HSA-111447,15,Seer Proteograph XT,100.0,Seer Proteograph XT + SomaSeq,100.0,0.0,100.0,False
R-HSA-9755779,SARS-CoV-2 targets host intracellular signalling and regulatory pathways,13,Seer Proteograph XT,100.0,Seer Proteograph XT + SomaSeq,100.0,0.0,100.0,False
R-HSA-8863795,Downregulation of ERBB2 signaling,30,SomaSeq,86.66666666666667,Seer Proteograph XT + SomaSeq,96.66666666666667,9.999999999999998,100.0,False
R-HSA-5218920,VEGFR2 mediated vascular permeability,22,Seer Proteograph XT,95.45454545454545,Seer Proteograph XT + SomaSeq,95.45454545454545,0.0,95.45454545454545,False
R-HSA-450385,R-HSA-450385,18,Seer Proteograph XT,94.44444444444444,Seer Proteograph XT + SomaSeq,94.44444444444444,0.0,94.44444444444444,False
R-HSA-9614399,R-HSA-9614399,12,SomaSeq,100.0,Seer Proteograph XT + SomaSeq,100.0,0.0,100.0,False
R-HSA-9841251,R-HSA-9841251,18,SomaSeq,88.88888888888889,SomaSeq + Olink Explore HT,100.0,11.111111111111116,100.0,True
R-HSA-198323,R-HSA-198323,14,Seer Proteograph XT,92.85714285714286,Seer Proteograph XT + SomaSeq,100.0,7.14285714285714,100.0,False
R-HSA-1227986,Signaling by ERBB2,52,SomaSeq,90.38461538461539,Seer Proteograph XT + SomaSeq,96.15384615384616,5.769230769230771,98.07692307692308,False
R-HSA-389513,Co-inhibition by CTLA4,20,Seer Proteograph XT,90.0,Seer Proteograph XT + SomaSeq,100.0,9.999999999999998,100.0,False
R-HSA-9009391,Extra-nuclear estrogen signaling,75,Seer Proteograph XT,74.66666666666667,Seer Proteograph XT + SomaSeq,86.66666666666667,12.0,90.66666666666667,False
R-HSA-1474151,R-HSA-1474151,10,Seer Proteograph XT,80.0,Seer Proteograph XT + SomaSeq,100.0,19.999999999999996,100.0,False
R-HSA-203615,eNOS activation,13,Seer Proteograph XT,92.3076923076923,Seer Proteograph XT + SomaSeq,100.0,7.692307692307687,100.0,False
R-HSA-5633007,Regulation of TP53 Activity,161,Seer Proteograph XT,58.38509316770186,Seer Proteograph XT + SomaSeq,77.01863354037268,18.633540372670808,82.6086956521739,False
R-HSA-6804759,Regulation of TP53 Activity through Association with Co-factors,14,SomaSeq,71.42857142857143,SomaSeq + Olink Explore HT,85.71428571428571,14.28571428571428,85.71428571428571,True
R-HSA-198693,R-HSA-198693,10,SomaSeq,100.0,Seer Proteograph XT + SomaSeq,100.0,0.0,100.0,False
R-HSA-6804758,Regulation of TP53 Activity through Acetylation,28,Seer Proteograph XT,89.28571428571429,Seer Proteograph XT + SomaSeq,96.42857142857143,7.14285714285714,96.42857142857143,False
R-HSA-5674400,R-HSA-5674400,27,Seer Proteograph XT,88.88888888888889,Seer Proteograph XT + SomaSeq,100.0,11.111111111111116,100.0,False
R-HSA-6806003,Regulation of TP53 Expression and Degradation,40,SomaSeq,65.0,Seer Proteograph XT + SomaSeq,85.0,19.999999999999996,87.5,False
R-HSA-354192,R-HSA-354192,28,Seer Proteograph XT,85.71428571428571,Seer Proteograph XT + SomaSeq,92.85714285714286,7.142857142857151,92.85714285714286,False
R-HSA-166208,R-HSA-166208,23,Seer Proteograph XT,95.65217391304348,Seer Proteograph XT + SomaSeq,95.65217391304348,0.0,95.65217391304348,False
R-HSA-3371571,R-HSA-3371571,38,SomaSeq,78.94736842105263,Seer Proteograph XT + SomaSeq,89.47368421052632,10.526315789473683,92.10526315789474,False
R-HSA-112399,IRS-mediated signalling,50,SomaSeq,80.0,Seer Proteograph XT + SomaSeq,94.0,13.99999999999999,94.0,False
R-HSA-2428928,IRS-related events triggered by IGF1R,54,SomaSeq,79.62962962962963,Seer Proteograph XT + SomaSeq,92.5925925925926,12.962962962962965,92.5925925925926,False
R-HSA-109704,PI3K Cascade,46,SomaSeq,78.26086956521739,Seer Proteograph XT + SomaSeq,93.47826086956522,15.217391304347828,93.47826086956522,False
R-HSA-74751,Insulin receptor signalling cascade,56,SomaSeq,80.35714285714286,Seer Proteograph XT + SomaSeq,92.85714285714286,12.5,92.85714285714286,False
R-HSA-2404192,Signaling by Type 1 Insulin-like Growth Factor 1 Receptor (IGF1R),56,SomaSeq,80.35714285714286,Seer Proteograph XT + SomaSeq,92.85714285714286,12.5,92.85714285714286,False
R-HSA-74752,Signaling by Insulin receptor,84,Seer Proteograph XT,67.85714285714286,Seer Proteograph XT + SomaSeq,86.90476190476191,19.047619047619047,86.9047619047619,False
R-HSA-2428924,IGF1R signaling cascade,55,SomaSeq,80.0,Seer Proteograph XT + SomaSeq,92.72727272727272,12.72727272727272,92.72727272727273,False
R-HSA-2168880,Scavenging of heme from plasma,90,Seer Proteograph XT,80.0,Seer Proteograph XT + Biognosys TrueDiscovery,86.66666666666667,6.666666666666665,86.66666666666667,True
R-HSA-8964539,R-HSA-8964539,13,Seer Proteograph XT,76.92307692307693,Seer Proteograph XT + SomaSeq,84.61538461538461,7.692307692307687,84.61538461538461,False
R-HSA-9938206,Developmental Lineage of Mammary Stem Cells,15,SomaSeq,86.66666666666667,Seer Proteograph XT + SomaSeq,86.66666666666667,0.0,86.66666666666667,False
R-HSA-9927418,Developmental Lineage of Mammary Gland Luminal Epithelial Cells,27,SomaSeq,88.88888888888889,SomaSeq + Olink Explore HT,92.5925925925926,3.703703703703709,92.5925925925926,True
R-HSA-9927426,R-HSA-9927426,23,SomaSeq,78.26086956521739,Seer Proteograph XT + SomaSeq,86.95652173913044,8.695652173913038,91.30434782608695,False
R-HSA-196757,R-HSA-196757,19,Seer Proteograph XT,89.47368421052632,Seer Proteograph XT + SomaSeq,94.73684210526315,5.263157894736836,94.73684210526316,False
R-HSA-9696273,RND1 GTPase cycle,41,Seer Proteograph XT,70.73170731707317,Seer Proteograph XT + SomaSeq,85.36585365853658,14.634146341463417,87.8048780487805,False
R-HSA-9609523,Insertion of tail-anchored proteins into the endoplasmic reticulum membrane,22,Seer Proteograph XT,86.36363636363636,Seer Proteograph XT + SomaSeq,86.36363636363636,0.0,86.36363636363636,False
R-HSA-9696270,RND2 GTPase cycle,41,Seer Proteograph XT,68.29268292682927,Seer Proteograph XT + SomaSeq,87.8048780487805,19.512195121951216,90.2439024390244,False
R-HSA-70263,R-HSA-70263,25,Seer Proteograph XT,80.0,Seer Proteograph XT + SomaSeq,80.0,0.0,80.0,False
R-HSA-446193,R-HSA-446193,80,Seer Proteograph XT,75.0,Seer Proteograph XT + SomaSeq,87.5,12.5,87.5,False
R-HSA-446219,R-HSA-446219,65,Seer Proteograph XT,72.3076923076923,Seer Proteograph XT + SomaSeq,87.6923076923077,15.384615384615385,87.6923076923077,False
R-HSA-201556,Signaling by ALK,30,Seer Proteograph XT,76.66666666666667,Seer Proteograph XT + SomaSeq,93.33333333333333,16.666666666666664,93.33333333333333,False
R-HSA-9700645,R-HSA-9700645,12,Seer Proteograph XT,91.66666666666666,Seer Proteograph XT + SomaSeq,100.0,8.333333333333337,100.0,False
R-HSA-9842663,R-HSA-9842663,12,Seer Proteograph XT,91.66666666666666,Seer Proteograph XT + SomaSeq,91.66666666666666,0.0,91.66666666666667,False
R-HSA-9018677,Biosynthesis of DHA-derived SPMs,17,Seer Proteograph XT,94.11764705882352,Seer Proteograph XT + SomaSeq,100.0,5.882352941176472,100.0,False
R-HSA-163125,R-HSA-163125,94,SomaSeq,59.57446808510638,Seer Proteograph XT + SomaSeq,76.59574468085107,17.021276595744684,82.97872340425532,False
R-HSA-8935690,Digestion,24,SomaSeq,66.66666666666666,Seer Proteograph XT + SomaSeq,83.33333333333334,16.666666666666675,87.5,False
R-HSA-9645460,Alpha-protein kinase 1 signaling pathway,11,Seer Proteograph XT,54.54545454545454,Seer Proteograph XT + SomaSeq,81.81818181818183,27.27272727272728,90.9090909090909,False
R-HSA-6811438,R-HSA-6811438,44,Seer Proteograph XT,88.63636363636364,Seer Proteograph XT + SomaSeq,95.45454545454545,6.818181818181824,95.45454545454545,False
R-HSA-72187,R-HSA-72187,149,Seer Proteograph XT,88.59060402684564,Seer Proteograph XT + SomaSeq,95.9731543624161,7.382550335570459,96.64429530201342,False
R-HSA-1632852,Macroautophagy,142,Seer Proteograph XT,77.46478873239437,Seer Proteograph XT + SomaSeq,84.50704225352112,7.042253521126762,89.43661971830986,False
R-HSA-532668,R-HSA-532668,33,Seer Proteograph XT,72.72727272727273,Seer Proteograph XT + SomaSeq,78.78787878787878,6.060606060606055,84.84848484848484,False
R-HSA-901042,R-HSA-901042,25,Seer Proteograph XT,64.0,Seer Proteograph XT + SomaSeq,72.0,7.9999999999999964,80.0,False
R-HSA-901032,R-HSA-901032,21,Seer Proteograph XT,57.14285714285714,Seer Proteograph XT + SomaSeq,66.66666666666666,9.523809523809524,76.19047619047619,False
R-HSA-9690406,R-HSA-9690406,12,SomaSeq,91.66666666666666,Seer Proteograph XT + SomaSeq,91.66666666666666,0.0,91.66666666666667,False
R-HSA-2028269,R-HSA-2028269,20,Seer Proteograph XT,80.0,Seer Proteograph XT + SomaSeq,90.0,9.999999999999998,90.0,False
R-HSA-189085,Digestion of dietary carbohydrate,11,SomaSeq,54.54545454545454,Seer Proteograph XT + SomaSeq,81.81818181818183,27.27272727272728,81.81818181818181,False
R-HSA-9925561,R-HSA-9925561,54,SomaSeq,79.62962962962963,Seer Proteograph XT + SomaSeq,85.18518518518519,5.555555555555558,88.88888888888889,False
R-HSA-141430,R-HSA-141430,22,Seer Proteograph XT,72.72727272727273,Seer Proteograph XT + SomaSeq,86.36363636363636,13.636363636363635,90.9090909090909,False
R-HSA-2559582,Senescence-Associated Secretory Phenotype (SASP),76,SomaSeq,52.63157894736842,Seer Proteograph XT + SomaSeq,65.78947368421053,13.157894736842113,68.42105263157895,False
R-HSA-9687136,R-HSA-9687136,22,Seer Proteograph XT,81.81818181818183,Seer Proteograph XT + SomaSeq,90.9090909090909,9.090909090909083,90.9090909090909,False
R-HSA-179409,R-HSA-179409,27,Seer Proteograph XT,62.96296296296296,Seer Proteograph XT + SomaSeq,81.48148148148148,18.518518518518512,92.5925925925926,False
R-HSA-176407,R-HSA-176407,22,Seer Proteograph XT,77.27272727272727,Seer Proteograph XT + SomaSeq,86.36363636363636,9.090909090909093,86.36363636363636,False
R-HSA-141405,R-HSA-141405,22,Seer Proteograph XT,72.72727272727273,Seer Proteograph XT + SomaSeq,86.36363636363636,13.636363636363635,90.9090909090909,False
R-HSA-174048,APC/C:Cdc20 mediated degradation of Cyclin B,25,Seer Proteograph XT,64.0,Seer Proteograph XT + SomaSeq,80.0,16.000000000000004,84.0,False
R-HSA-176412,Phosphorylation of the APC/C,21,Seer Proteograph XT,71.42857142857143,Seer Proteograph XT + SomaSeq,80.95238095238095,9.523809523809524,80.95238095238095,False
R-HSA-202733,Cell surface interactions at the vascular wall,215,Seer Proteograph XT,83.25581395348837,Seer Proteograph XT + SomaSeq,87.90697674418605,4.651162790697683,90.69767441860465,False
R-HSA-210993,Tie2 Signaling,18,Seer Proteograph XT,83.33333333333334,Seer Proteograph XT + SomaSeq,94.44444444444444,11.111111111111105,94.44444444444444,False
R-HSA-9029558,R-HSA-9029558,10,Seer Proteograph XT,60.0,Seer Proteograph XT + SomaSeq,70.0,9.999999999999998,70.0,False
R-HSA-8963889,Assembly of active LPL and LIPC lipase complexes,21,Seer Proteograph XT,76.19047619047619,Seer Proteograph XT + SomaSeq,85.71428571428571,9.523809523809524,85.71428571428571,False
R-HSA-9768727,R-HSA-9768727,30,Seer Proteograph XT,73.33333333333333,Seer Proteograph XT + SomaSeq,80.0,6.666666666666677,80.0,False
R-HSA-9013408,RHOG GTPase cycle,65,Seer Proteograph XT,84.61538461538461,Seer Proteograph XT + Olink Explore HT,89.23076923076924,4.615384615384621,90.76923076923077,True
R-HSA-2995383,Initiation of Nuclear Envelope (NE) Reformation,18,Seer Proteograph XT,83.33333333333334,Seer Proteograph XT + SomaSeq,88.88888888888889,5.5555555555555465,88.88888888888889,False
R-HSA-204005,COPII-mediated vesicle transport,69,Seer Proteograph XT,84.05797101449275,Seer Proteograph XT + SomaSeq,91.30434782608695,7.246376811594201,91.30434782608695,False
R-HSA-199977,ER to Golgi Anterograde Transport,74,Seer Proteograph XT,82.43243243243244,Seer Proteograph XT + SomaSeq,91.8918918918919,9.459459459459463,93.24324324324324,False
R-HSA-2672351,R-HSA-2672351,106,Seer Proteograph XT,43.39622641509434,Seer Proteograph XT + SomaSeq,57.54716981132076,14.150943396226412,63.20754716981132,False
R-HSA-983712,R-HSA-983712,183,Seer Proteograph XT,52.459016393442624,Seer Proteograph XT + SomaSeq,63.387978142076506,10.928961748633881,66.66666666666667,False
R-HSA-9769743,Amplification and propagation of coagulation cascade,18,Seer Proteograph XT,100.0,Seer Proteograph XT + SomaSeq,100.0,0.0,100.0,False
R-HSA-190373,FGFR1c ligand binding and activation,15,SomaSeq,100.0,Seer Proteograph XT + SomaSeq,100.0,0.0,100.0,False
R-HSA-5654726,Negative regulation of FGFR1 signaling,34,SomaSeq,91.17647058823529,Seer Proteograph XT + SomaSeq,97.05882352941177,5.882352941176472,100.0,False
R-HSA-450520,R-HSA-450520,10,Seer Proteograph XT,90.0,Seer Proteograph XT + SomaSeq,90.0,0.0,90.0,False
R-HSA-5210891,R-HSA-5210891,12,Seer Proteograph XT,91.66666666666666,Seer Proteograph XT + SomaSeq,91.66666666666666,0.0,91.66666666666667,False
R-HSA-9925563,Developmental Lineage of Pancreatic Ductal Cells,51,Seer Proteograph XT,74.50980392156863,Seer Proteograph XT + SomaSeq,88.23529411764706,13.725490196078427,88.23529411764706,False
R-HSA-75205,Dissolution of Fibrin Clot,13,Seer Proteograph XT,100.0,Seer Proteograph XT + SomaSeq,100.0,0.0,100.0,False
R-HSA-432720,Lysosome Vesicle Biogenesis,32,Seer Proteograph XT,87.5,Seer Proteograph XT + SomaSeq,96.875,9.375,96.875,False
R-HSA-164940,R-HSA-164940,10,Seer Proteograph XT,90.0,Seer Proteograph XT + SomaSeq,90.0,0.0,90.0,False
R-HSA-8866427,R-HSA-8866427,16,SomaSeq,75.0,Seer Proteograph XT + SomaSeq,87.5,12.5,93.75,False
R-HSA-416993,R-HSA-416993,18,Seer Proteograph XT,66.66666666666666,Seer Proteograph XT + SomaSeq,77.77777777777779,11.111111111111116,88.88888888888889,False
R-HSA-177504,R-HSA-177504,14,Biognosys TrueDiscovery,78.57142857142857,Seer Proteograph XT + SomaSeq,92.85714285714286,14.28571428571429,92.85714285714286,False
R-HSA-5140745,R-HSA-5140745,12,SomaSeq,83.33333333333334,Seer Proteograph XT + SomaSeq,100.0,16.666666666666664,100.0,False
R-HSA-5099900,R-HSA-5099900,15,Seer Proteograph XT,86.66666666666667,Seer Proteograph XT + SomaSeq,100.0,13.33333333333333,100.0,False
R-HSA-390471,Association of TriC/CCT with target proteins during biosynthesis,37,Seer Proteograph XT,75.67567567567568,Seer Proteograph XT + SomaSeq,83.78378378378379,8.108108108108103,86.48648648648648,False
R-HSA-111458,R-HSA-111458,10,Seer Proteograph XT,100.0,Seer Proteograph XT + SomaSeq,100.0,0.0,100.0,False
R-HSA-9627069,R-HSA-9627069,10,Seer Proteograph XT,100.0,Seer Proteograph XT + SomaSeq,100.0,0.0,100.0,False
R-HSA-111471,R-HSA-111471,19,Seer Proteograph XT,94.73684210526315,Seer Proteograph XT + SomaSeq,100.0,5.263157894736848,100.0,False
R-HSA-6803207,TP53 Regulates Transcription of Caspase Activators and Caspases,12,SomaSeq,83.33333333333334,Seer Proteograph XT + SomaSeq,100.0,16.666666666666664,100.0,False
R-HSA-111461,R-HSA-111461,12,Seer Proteograph XT,100.0,Seer Proteograph XT + SomaSeq,100.0,0.0,100.0,False
R-HSA-8953750,Transcriptional Regulation by E2F6,34,Seer Proteograph XT,61.76470588235294,Seer Proteograph XT + SomaSeq,79.41176470588235,17.647058823529406,82.3529411764706,False
R-HSA-212676,R-HSA-212676,23,Seer Proteograph XT,60.86956521739131,Seer Proteograph XT + Olink Explore HT,78.26086956521739,17.391304347826086,86.95652173913044,True
R-HSA-6794361,R-HSA-6794361,59,SomaSeq,79.66101694915254,Seer Proteograph XT + SomaSeq,86.4406779661017,6.779661016949157,88.13559322033899,False
R-HSA-372708,R-HSA-372708,15,Seer Proteograph XT,86.66666666666667,Seer Proteograph XT + SomaSeq,86.66666666666667,0.0,86.66666666666667,False
R-HSA-354194,R-HSA-354194,15,Seer Proteograph XT,86.66666666666667,Seer Proteograph XT + SomaSeq,86.66666666666667,0.0,86.66666666666667,False
R-HSA-72764,R-HSA-72764,63,Seer Proteograph XT,80.95238095238095,Seer Proteograph XT + SomaSeq,82.53968253968253,1.5873015873015817,84.12698412698413,False
R-HSA-5651801,R-HSA-5651801,22,Seer Proteograph XT,81.81818181818183,Seer Proteograph XT + SomaSeq,90.9090909090909,9.090909090909083,90.9090909090909,False
R-HSA-110357,R-HSA-110357,12,Seer Proteograph XT,66.66666666666666,Seer Proteograph XT + SomaSeq,83.33333333333334,16.666666666666675,83.33333333333333,False
R-HSA-9968297,Somatic hypermutation of immunoglobulin genes by error-prone base excision repair (BER),19,SomaSeq,68.42105263157895,Seer Proteograph XT + SomaSeq,89.47368421052632,21.052631578947366,94.73684210526316,False
R-HSA-205043,NRIF signals cell death from the nucleus,16,Seer Proteograph XT,62.5,Seer Proteograph XT + SomaSeq,93.75,31.25,100.0,False
R-HSA-9839383,TGFBR3 PTM regulation,11,Seer Proteograph XT,100.0,Seer Proteograph XT + SomaSeq,100.0,0.0,100.0,False
R-HSA-9920588,Dengue virus activates/modulates innate and adaptive immune responses,32,Seer Proteograph XT,96.875,Seer Proteograph XT + SomaSeq,96.875,0.0,96.875,False
R-HSA-9707616,Heme signaling,46,Seer Proteograph XT,63.04347826086957,Seer Proteograph XT + SomaSeq,80.43478260869566,17.391304347826086,84.78260869565217,False
R-HSA-8963901,Chylomicron remodeling,12,Seer Proteograph XT,83.33333333333334,Seer Proteograph XT + SomaSeq,91.66666666666666,8.333333333333325,91.66666666666667,False
R-HSA-3000471,R-HSA-3000471,10,Seer Proteograph XT,100.0,Seer Proteograph XT + SomaSeq,100.0,0.0,100.0,False
R-HSA-8963888,Chylomicron assembly,11,Seer Proteograph XT,90.9090909090909,Seer Proteograph XT + SomaSeq,90.9090909090909,0.0,90.9090909090909,False
R-HSA-3000480,Scavenging by Class A Receptors,18,Seer Proteograph XT,88.88888888888889,Seer Proteograph XT + SomaSeq,88.88888888888889,0.0,88.88888888888889,False
R-HSA-5686938,Regulation of TLR by endogenous ligand,22,SomaSeq,86.36363636363636,Seer Proteograph XT + SomaSeq,100.0,13.636363636363635,100.0,False
R-HSA-432142,R-HSA-432142,17,Seer Proteograph XT,100.0,Seer Proteograph XT + SomaSeq,100.0,0.0,100.0,False
R-HSA-418346,R-HSA-418346,86,Seer Proteograph XT,73.25581395348837,Seer Proteograph XT + SomaSeq,84.88372093023256,11.627906976744185,88.37209302325581,False
R-HSA-425397,R-HSA-425397,29,Seer Proteograph XT,68.96551724137932,Seer Proteograph XT + Olink Explore HT,75.86206896551724,6.896551724137923,75.86206896551724,True
R-HSA-8864260,Transcriptional regulation by the AP-2 (TFAP2) family of transcription factors,34,SomaSeq,67.64705882352942,Seer Proteograph XT + SomaSeq,76.47058823529412,8.823529411764696,79.41176470588235,False
R-HSA-8949613,R-HSA-8949613,33,Seer Proteograph XT,90.9090909090909,Seer Proteograph XT + SomaSeq,93.93939393939394,3.0303030303030387,93.93939393939394,False
R-HSA-9660826,Purinergic signaling in leishmaniasis infection,26,Seer Proteograph XT,88.46153846153845,Seer Proteograph XT + SomaSeq,100.0,11.538461538461542,100.0,False
R-HSA-844456,The NLRP3 inflammasome,15,Seer Proteograph XT,93.33333333333333,Seer Proteograph XT + SomaSeq,100.0,6.666666666666665,100.0,False
R-HSA-8862803,Deregulated CDK5 triggers multiple neurodegenerative pathways in Alzheimer's disease models,22,SomaSeq,68.18181818181817,SomaSeq + Olink Explore HT,81.81818181818183,13.636363636363647,81.81818181818181,True
R-HSA-418889,R-HSA-418889,10,SomaSeq,80.0,Seer Proteograph XT + SomaSeq,100.0,19.999999999999996,100.0,False
R-HSA-1237044,Erythrocytes take up carbon dioxide and release oxygen,12,Seer Proteograph XT,75.0,Seer Proteograph XT + SomaSeq,83.33333333333334,8.333333333333337,83.33333333333333,False
R-HSA-432047,Passive transport by Aquaporins,13,SomaSeq,30.76923076923077,Seer Proteograph XT + SomaSeq,38.46153846153847,7.6923076923076925,38.46153846153846,False
R-HSA-6781827,R-HSA-6781827,68,Seer Proteograph XT,76.47058823529412,Seer Proteograph XT + SomaSeq,91.17647058823529,14.70588235294118,92.6470588235294,False
R-HSA-6782210,R-HSA-6782210,58,Seer Proteograph XT,74.13793103448276,Seer Proteograph XT + SomaSeq,89.65517241379311,15.517241379310342,91.37931034482759,False
R-HSA-6782135,R-HSA-6782135,59,Seer Proteograph XT,72.88135593220339,Seer Proteograph XT + SomaSeq,89.83050847457628,16.949152542372893,91.52542372881356,False
R-HSA-6781823,R-HSA-6781823,44,Seer Proteograph XT,75.0,Seer Proteograph XT + SomaSeq,88.63636363636364,13.636363636363635,90.9090909090909,False
R-HSA-5625886,Activated PKN1 stimulates transcription of AR (androgen receptor) regulated genes KLK2 and KLK3,28,SomaSeq,21.428571428571427,SomaSeq + Nomic Omni,25.0,3.5714285714285725,25.0,True
R-HSA-383280,Nuclear Receptor transcription pathway,54,SomaSeq,68.51851851851852,Seer Proteograph XT + SomaSeq,77.77777777777779,9.259259259259256,83.33333333333333,False
R-HSA-4090294,SUMOylation of intracellular receptors,30,SomaSeq,70.0,Seer Proteograph XT + SomaSeq,80.0,10.000000000000009,90.0,False
R-HSA-5625740,RHO GTPases activate PKNs,55,SomaSeq,56.36363636363636,Seer Proteograph XT + SomaSeq,58.18181818181818,1.8181818181818188,61.81818181818182,False
R-HSA-5673000,RAF activation,33,Seer Proteograph XT,100.0,Seer Proteograph XT + SomaSeq,100.0,0.0,100.0,False
R-HSA-5675221,Negative regulation of MAPK pathway,42,Seer Proteograph XT,66.66666666666666,Seer Proteograph XT + SomaSeq,85.71428571428571,19.047619047619047,88.0952380952381,False
R-HSA-9031628,R-HSA-9031628,39,SomaSeq,66.66666666666666,Seer Proteograph XT + SomaSeq,71.7948717948718,5.128205128205132,74.35897435897436,False
R-HSA-6811434,COPI-dependent Golgi-to-ER retrograde traffic,96,Seer Proteograph XT,72.91666666666666,Seer Proteograph XT + Olink Explore HT,89.58333333333334,16.666666666666675,93.75,True
R-HSA-2219530,Constitutive Signaling by Aberrant PI3K in Cancer,85,SomaSeq,87.05882352941177,Seer Proteograph XT + SomaSeq,96.47058823529412,9.411764705882353,98.82352941176471,False
R-HSA-180336,SHC1 events in EGFR signaling,14,SomaSeq,92.85714285714286,Seer Proteograph XT + Olink Explore HT,100.0,7.14285714285714,100.0,True
R-HSA-182971,EGFR downregulation,31,SomaSeq,83.87096774193549,SomaSeq + Olink Explore HT,93.54838709677419,9.677419354838701,96.7741935483871,True
R-HSA-179812,GRB2 events in EGFR signaling,13,SomaSeq,92.3076923076923,Seer Proteograph XT + Olink Explore HT,100.0,7.692307692307687,100.0,True
R-HSA-180292,GAB1 signalosome,16,SomaSeq,87.5,Seer Proteograph XT + Olink Explore HT,93.75,6.25,93.75,True
R-HSA-9818030,R-HSA-9818030,11,Seer Proteograph XT,90.9090909090909,Seer Proteograph XT + SomaSeq,100.0,9.090909090909093,100.0,False
R-HSA-5694530,Cargo concentration in the ER,33,Seer Proteograph XT,81.81818181818183,Seer Proteograph XT + SomaSeq,87.87878787878788,6.060606060606055,87.87878787878788,False
R-HSA-1660514,R-HSA-1660514,17,Seer Proteograph XT,76.47058823529412,Seer Proteograph XT + SomaSeq,88.23529411764706,11.764705882352944,88.23529411764706,False
R-HSA-1483255,R-HSA-1483255,84,Seer Proteograph XT,80.95238095238095,Seer Proteograph XT + SomaSeq,90.47619047619048,9.523809523809524,91.66666666666667,False
R-HSA-1660499,R-HSA-1660499,54,Seer Proteograph XT,87.03703703703704,Seer Proteograph XT + SomaSeq,92.5925925925926,5.555555555555558,94.44444444444444,False
R-HSA-5620920,R-HSA-5620920,70,Seer Proteograph XT,65.71428571428571,Seer Proteograph XT + SomaSeq,72.85714285714285,7.14285714285714,77.14285714285714,False
R-HSA-5620916,R-HSA-5620916,20,Seer Proteograph XT,80.0,Seer Proteograph XT + SomaSeq,90.0,9.999999999999998,90.0,False
R-HSA-8875656,R-HSA-8875656,10,SomaSeq,100.0,Seer Proteograph XT + SomaSeq,100.0,0.0,100.0,False
R-HSA-8854214,R-HSA-8854214,46,Seer Proteograph XT,91.30434782608695,Seer Proteograph XT + SomaSeq,100.0,8.695652173913048,100.0,False
R-HSA-6811440,R-HSA-6811440,48,Seer Proteograph XT,93.75,Seer Proteograph XT + SomaSeq,93.75,0.0,93.75,False
R-HSA-70635,Urea cycle,14,Seer Proteograph XT,71.42857142857143,Seer Proteograph XT + SomaSeq,85.71428571428571,14.28571428571428,85.71428571428571,False
R-HSA-9013409,RHOJ GTPase cycle,50,Seer Proteograph XT,86.0,Seer Proteograph XT + Olink Explore HT,92.0,6.000000000000005,92.0,True
R-HSA-9013406,RHOQ GTPase cycle,54,Seer Proteograph XT,83.33333333333334,Seer Proteograph XT + SomaSeq,87.03703703703704,3.703703703703698,90.74074074074075,False
R-HSA-9696264,RND3 GTPase cycle,41,Seer Proteograph XT,75.60975609756098,Seer Proteograph XT + SomaSeq,87.8048780487805,12.195121951219512,92.6829268292683,False
R-HSA-9013424,R-HSA-9013424,31,Seer Proteograph XT,80.64516129032258,Seer Proteograph XT + Olink Explore HT,90.32258064516128,9.677419354838712,93.54838709677419,True
R-HSA-9013420,R-HSA-9013420,33,Seer Proteograph XT,87.87878787878788,Seer Proteograph XT + SomaSeq,93.93939393939394,6.060606060606066,96.96969696969697,False
R-HSA-8849471,"PTK6 Regulates RHO GTPases, RAS GTPase and MAP kinases",14,Seer Proteograph XT,92.85714285714286,Seer Proteograph XT + SomaSeq,100.0,7.14285714285714,100.0,False
R-HSA-9013407,RHOH GTPase cycle,28,Seer Proteograph XT,92.85714285714286,Seer Proteograph XT + SomaSeq,92.85714285714286,0.0,92.85714285714286,False
R-HSA-416572,R-HSA-416572,20,Seer Proteograph XT,85.0,Seer Proteograph XT + SomaSeq,100.0,15.000000000000002,100.0,False
R-HSA-2173791,TGF-beta receptor signaling in EMT (epithelial to mesenchymal transition),14,SomaSeq,78.57142857142857,SomaSeq + Olink Explore HT,92.85714285714286,14.28571428571429,100.0,True
R-HSA-9958810,R-HSA-9958810,22,Seer Proteograph XT,81.81818181818183,Seer Proteograph XT + SomaSeq,90.9090909090909,9.090909090909083,100.0,False
R-HSA-8964616,R-HSA-8964616,19,Seer Proteograph XT,68.42105263157895,Seer Proteograph XT + SomaSeq,73.68421052631578,5.263157894736836,78.94736842105263,False
R-HSA-3928664,Ephrin signaling,16,SomaSeq,93.75,Seer Proteograph XT + SomaSeq,100.0,6.25,100.0,False
R-HSA-9764560,Regulation of CDH1 Gene Transcription,65,SomaSeq,50.76923076923077,Seer Proteograph XT + SomaSeq,64.61538461538461,13.846153846153852,64.61538461538461,False
R-HSA-9764790,Positive Regulation of CDH1 Gene Transcription,12,SomaSeq,66.66666666666666,Seer Proteograph XT + SomaSeq,91.66666666666666,25.0,91.66666666666667,False
R-HSA-6791312,TP53 Regulates Transcription of Cell Cycle Genes,52,Seer Proteograph XT,53.84615384615385,Seer Proteograph XT + SomaSeq,71.15384615384616,17.307692307692314,75.0,False
R-HSA-6804116,TP53 Regulates Transcription of Genes Involved in G1 Cell Cycle Arrest,15,SomaSeq,66.66666666666666,Seer Proteograph XT + SomaSeq,66.66666666666666,0.0,66.66666666666667,False
R-HSA-3214815,HDACs deacetylate histones,51,Seer Proteograph XT,50.98039215686274,Seer Proteograph XT + SomaSeq,58.82352941176471,7.843137254901967,60.78431372549019,False
R-HSA-427413,NoRC negatively regulates rRNA expression,66,Seer Proteograph XT,45.45454545454545,Seer Proteograph XT + SomaSeq,51.515151515151516,6.0606060606060606,53.03030303030303,False
R-HSA-9909505,Modulation of host responses by IFN-stimulated genes,19,Seer Proteograph XT,94.73684210526315,Seer Proteograph XT + SomaSeq,94.73684210526315,0.0,94.73684210526316,False
R-HSA-9615710,R-HSA-9615710,34,Seer Proteograph XT,82.35294117647058,Seer Proteograph XT + SomaSeq,94.11764705882352,11.764705882352944,97.05882352941177,False
R-HSA-9646399,R-HSA-9646399,44,Seer Proteograph XT,68.18181818181817,Seer Proteograph XT + SomaSeq,84.0909090909091,15.909090909090917,90.9090909090909,False
R-HSA-9663891,Selective autophagy,87,Seer Proteograph XT,71.26436781609196,Seer Proteograph XT + SomaSeq,80.45977011494253,9.195402298850574,87.35632183908046,False
R-HSA-9613829,R-HSA-9613829,22,SomaSeq,90.9090909090909,SomaSeq + Olink Explore HT,100.0,9.090909090909093,100.0,True
R-HSA-389977,R-HSA-389977,23,Seer Proteograph XT,82.6086956521739,Seer Proteograph XT + SomaSeq,86.95652173913044,4.347826086956519,86.95652173913044,False
R-HSA-83936,R-HSA-83936,12,Seer Proteograph XT,58.333333333333336,Seer Proteograph XT + Olink Explore HT,66.66666666666666,8.333333333333325,66.66666666666667,True
R-HSA-5620922,R-HSA-5620922,23,Seer Proteograph XT,52.17391304347826,Seer Proteograph XT + SomaSeq,56.52173913043478,4.347826086956519,60.869565217391305,False
R-HSA-210500,R-HSA-210500,25,Seer Proteograph XT,56.00000000000001,Seer Proteograph XT + Olink Explore HT,72.0,15.999999999999993,76.0,True
R-HSA-70268,R-HSA-70268,45,Seer Proteograph XT,73.33333333333333,Seer Proteograph XT + SomaSeq,82.22222222222221,8.888888888888891,84.44444444444444,False
R-HSA-9861718,R-HSA-9861718,33,Seer Proteograph XT,72.72727272727273,Seer Proteograph XT + SomaSeq,84.84848484848484,12.121212121212121,87.87878787878788,False
R-HSA-9768919,NPAS4 regulates expression of target genes,21,SomaSeq,61.904761904761905,SomaSeq + Olink Explore HT,71.42857142857143,9.523809523809524,71.42857142857143,True
R-HSA-1234158,Regulation of gene expression by Hypoxia-inducible Factor,10,SomaSeq,70.0,Seer Proteograph XT + SomaSeq,80.0,10.000000000000009,90.0,False
R-HSA-2465910,MASTL Facilitates Mitotic Progression,10,Seer Proteograph XT,70.0,Seer Proteograph XT + SomaSeq,70.0,0.0,70.0,False
R-HSA-456926,Thrombin signalling through proteinase activated receptors (PARs),32,Seer Proteograph XT,78.125,Seer Proteograph XT + SomaSeq,81.25,3.125,84.375,False
R-HSA-5635838,R-HSA-5635838,17,SomaSeq,64.70588235294117,SomaSeq + Olink Explore HT,70.58823529411765,5.882352941176472,70.58823529411765,True
R-HSA-9840310,R-HSA-9840310,37,Seer Proteograph XT,67.56756756756756,Seer Proteograph XT + SomaSeq,75.67567567567568,8.108108108108114,75.67567567567568,False
R-HSA-1663150,R-HSA-1663150,13,Seer Proteograph XT,61.53846153846154,Seer Proteograph XT + SomaSeq,69.23076923076923,7.692307692307687,69.23076923076923,False
R-HSA-163841,"Gamma carboxylation, hypusinylation, hydroxylation, and arylsulfatase activation",59,Seer Proteograph XT,83.05084745762711,Seer Proteograph XT + SomaSeq,89.83050847457628,6.779661016949157,89.83050847457628,False
R-HSA-2024101,R-HSA-2024101,19,Seer Proteograph XT,78.94736842105263,Seer Proteograph XT + SomaSeq,84.21052631578947,5.263157894736836,84.21052631578948,False
R-HSA-1461973,Defensins,48,SomaSeq,66.66666666666666,Seer Proteograph XT + SomaSeq,70.83333333333334,4.166666666666674,70.83333333333333,False
R-HSA-1462054,Alpha-defensins,10,SomaSeq,100.0,Seer Proteograph XT + SomaSeq,100.0,0.0,100.0,False
R-HSA-6803157,Antimicrobial peptides,90,SomaSeq,72.22222222222221,Seer Proteograph XT + SomaSeq,80.0,7.777777777777784,81.11111111111111,False
R-HSA-6791226,R-HSA-6791226,147,Seer Proteograph XT,87.75510204081633,Seer Proteograph XT + SomaSeq,90.47619047619048,2.7210884353741527,91.15646258503402,False
R-HSA-8853659,R-HSA-8853659,41,Seer Proteograph XT,75.60975609756098,Seer Proteograph XT + Olink Explore HT,85.36585365853658,9.756097560975608,87.8048780487805,True
R-HSA-9857377,R-HSA-9857377,17,Seer Proteograph XT,82.35294117647058,Seer Proteograph XT + SomaSeq,82.35294117647058,0.0,82.3529411764706,False
R-HSA-9954716,R-HSA-9954716,65,Seer Proteograph XT,78.46153846153847,Seer Proteograph XT + SomaSeq,84.61538461538461,6.153846153846154,86.15384615384616,False
R-HSA-2559584,Formation of Senescence-Associated Heterochromatin Foci (SAHF),11,Seer Proteograph XT,90.9090909090909,Seer Proteograph XT + SomaSeq,100.0,9.090909090909093,100.0,False
R-HSA-201722,Formation of the beta-catenin:TCF transactivating complex,56,Seer Proteograph XT,39.285714285714285,Seer Proteograph XT + SomaSeq,50.0,10.714285714285715,51.785714285714285,False
R-HSA-9909649,Regulation of PD-L1(CD274) transcription,64,SomaSeq,56.25,Seer Proteograph XT + SomaSeq,60.9375,4.6875,62.5,False
R-HSA-9976102,Differentiation of naive CD4+ T cells to T helper 2 cells (Th2 cells),76,Seer Proteograph XT,68.42105263157895,Seer Proteograph XT + SomaSeq,90.78947368421053,22.368421052631582,90.78947368421052,False
R-HSA-5617472,Activation of anterior HOX genes in hindbrain development during early embryogenesis,87,Seer Proteograph XT,43.67816091954023,Seer Proteograph XT + SomaSeq,56.32183908045977,12.643678160919535,59.770114942528735,False
R-HSA-380994,ATF4 activates genes in response to endoplasmic reticulum  stress,27,Seer Proteograph XT,77.77777777777779,Seer Proteograph XT + SomaSeq,88.88888888888889,11.111111111111105,92.5925925925926,False
R-HSA-9633012,R-HSA-9633012,71,Seer Proteograph XT,78.87323943661971,Seer Proteograph XT + SomaSeq,84.50704225352112,5.633802816901412,85.91549295774648,False
R-HSA-9648895,R-HSA-9648895,16,SomaSeq,75.0,Seer Proteograph XT + SomaSeq,93.75,18.75,93.75,False
R-HSA-381042,PERK regulates gene expression,33,Seer Proteograph XT,81.81818181818183,Seer Proteograph XT + SomaSeq,90.9090909090909,9.090909090909083,93.93939393939394,False
R-HSA-8963693,R-HSA-8963693,12,SomaSeq,66.66666666666666,Seer Proteograph XT + SomaSeq,75.0,8.333333333333337,83.33333333333333,False
R-HSA-9629569,R-HSA-9629569,18,Seer Proteograph XT,94.44444444444444,Seer Proteograph XT + SomaSeq,94.44444444444444,0.0,94.44444444444444,False
R-HSA-5601884,R-HSA-5601884,29,Seer Proteograph XT,48.275862068965516,Seer Proteograph XT + SomaSeq,65.51724137931035,17.241379310344822,75.86206896551724,False
R-HSA-8866910,TFAP2 (AP-2) family regulates transcription of growth factors and their receptors,12,SomaSeq,58.333333333333336,Seer Proteograph XT + Olink Explore HT,66.66666666666666,8.333333333333325,66.66666666666667,True
R-HSA-450294,MAP kinase activation,63,Seer Proteograph XT,76.19047619047619,Seer Proteograph XT + SomaSeq,90.47619047619048,14.28571428571429,92.06349206349206,False
R-HSA-450282,R-HSA-450282,31,SomaSeq,83.87096774193549,Seer Proteograph XT + SomaSeq,100.0,16.129032258064512,100.0,False
R-HSA-448424,Interleukin-17 signaling,71,SomaSeq,74.64788732394366,Seer Proteograph XT + SomaSeq,91.54929577464789,16.901408450704224,92.95774647887323,False
R-HSA-6796648,TP53 Regulates Transcription of DNA Repair Genes,58,Seer Proteograph XT,65.51724137931035,Seer Proteograph XT + SomaSeq,86.20689655172413,20.68965517241379,86.20689655172414,False
R-HSA-450341,R-HSA-450341,10,SomaSeq,90.0,Seer Proteograph XT + SomaSeq,100.0,9.999999999999998,100.0,False
R-HSA-8943724,Regulation of PTEN gene transcription,62,Seer Proteograph XT,72.58064516129032,Seer Proteograph XT + SomaSeq,87.09677419354838,14.516129032258062,88.70967741935483,False
R-HSA-9931509,"Expression of BMAL (ARNTL), CLOCK, and NPAS2",35,SomaSeq,57.14285714285714,Seer Proteograph XT + SomaSeq,77.14285714285715,20.000000000000007,82.85714285714286,False
R-HSA-381033,R-HSA-381033,11,Seer Proteograph XT,72.72727272727273,Seer Proteograph XT + SomaSeq,81.81818181818183,9.090909090909093,81.81818181818181,False
R-HSA-9818027,R-HSA-9818027,21,SomaSeq,85.71428571428571,Seer Proteograph XT + SomaSeq,90.47619047619048,4.761904761904767,95.23809523809524,False
R-HSA-9843970,Regulation of endogenous retroelements by the Human Silencing Hub (HUSH) complex,32,Seer Proteograph XT,34.375,Seer Proteograph XT + SomaSeq,37.5,3.125,37.5,False
R-HSA-9843940,Regulation of endogenous retroelements by KRAB-ZFP proteins,68,Seer Proteograph XT,23.52941176470588,Seer Proteograph XT + SomaSeq,32.35294117647059,8.823529411764708,33.8235294117647,False
R-HSA-983170,R-HSA-983170,30,Seer Proteograph XT,100.0,Seer Proteograph XT + SomaSeq,100.0,0.0,100.0,False
R-HSA-9920951,R-HSA-9920951,16,Seer Proteograph XT,100.0,Seer Proteograph XT + SomaSeq,100.0,0.0,100.0,False
R-HSA-5205685,R-HSA-5205685,29,Seer Proteograph XT,68.96551724137932,Seer Proteograph XT + SomaSeq,79.3103448275862,10.344827586206895,86.20689655172414,False
R-HSA-936440,Negative regulators of DDX58/IFIH1 signaling,35,Seer Proteograph XT,82.85714285714286,Seer Proteograph XT + SomaSeq,91.42857142857143,8.571428571428562,94.28571428571429,False
R-HSA-8934903,R-HSA-8934903,11,Seer Proteograph XT,72.72727272727273,Seer Proteograph XT + SomaSeq,72.72727272727273,0.0,72.72727272727273,False
R-HSA-5205647,R-HSA-5205647,36,Seer Proteograph XT,69.44444444444444,Seer Proteograph XT + SomaSeq,77.77777777777779,8.333333333333337,83.33333333333333,False
R-HSA-6804760,Regulation of TP53 Activity through Methylation,19,SomaSeq,63.1578947368421,Seer Proteograph XT + SomaSeq,89.47368421052632,26.315789473684216,94.73684210526316,False
R-HSA-9664873,Pexophagy,11,SomaSeq,72.72727272727273,SomaSeq + Olink Explore HT,90.9090909090909,18.181818181818176,100.0,True
R-HSA-6804756,Regulation of TP53 Activity through Phosphorylation,95,SomaSeq,47.368421052631575,Seer Proteograph XT + SomaSeq,68.42105263157895,21.052631578947373,76.84210526315789,False
R-HSA-9709603,Impaired BRCA2 binding to PALB2,22,SomaSeq,50.0,SomaSeq + Olink Explore HT,68.18181818181817,18.181818181818176,77.27272727272727,True
R-HSA-9704646,Defective HDR through Homologous Recombination Repair (HRR) due to PALB2 loss of BRCA2/RAD51/RAD51C binding function,23,SomaSeq,47.82608695652174,SomaSeq + Olink Explore HT,65.21739130434783,17.391304347826086,73.91304347826087,True
R-HSA-5693616,Presynaptic phase of homologous DNA pairing and strand exchange,39,Seer Proteograph XT,43.58974358974359,Seer Proteograph XT + SomaSeq,69.23076923076923,25.64102564102564,74.35897435897436,False
R-HSA-5693568,Resolution of D-loop Structures through Holliday Junction Intermediates,32,SomaSeq,34.375,SomaSeq + Olink Explore HT,56.25,21.875,65.625,True
R-HSA-5693554,Resolution of D-loop Structures through Synthesis-Dependent Strand Annealing (SDSA),24,SomaSeq,45.83333333333333,SomaSeq + Olink Explore HT,66.66666666666666,20.833333333333332,75.0,True
R-HSA-9701192,Defective homologous recombination repair (HRR) due to BRCA1 loss of function,23,SomaSeq,47.82608695652174,SomaSeq + Olink Explore HT,65.21739130434783,17.391304347826086,73.91304347826087,True
R-HSA-5693579,Homologous DNA Pairing and Strand Exchange,40,Seer Proteograph XT,42.5,Seer Proteograph XT + SomaSeq,67.5,25.000000000000007,75.0,False
R-HSA-9704331,Defective HDR through Homologous Recombination Repair (HRR) due to PALB2 loss of BRCA1 binding function,23,SomaSeq,47.82608695652174,SomaSeq + Olink Explore HT,65.21739130434783,17.391304347826086,73.91304347826087,True
R-HSA-5693537,Resolution of D-Loop Structures,33,SomaSeq,33.33333333333333,SomaSeq + Olink Explore HT,57.57575757575758,24.24242424242425,66.66666666666667,True
R-HSA-912446,Meiotic recombination,50,SomaSeq,26.0,Seer Proteograph XT + SomaSeq,36.0,9.999999999999998,42.0,False
R-HSA-5685942,HDR through Homologous Recombination (HRR),66,SomaSeq,42.42424242424242,Seer Proteograph XT + SomaSeq,63.63636363636363,21.21212121212121,75.75757575757575,False
R-HSA-9709570,Impaired BRCA2 binding to RAD51,35,Seer Proteograph XT,48.57142857142857,Seer Proteograph XT + SomaSeq,68.57142857142857,20.0,74.28571428571429,False
R-HSA-3299685,R-HSA-3299685,37,Seer Proteograph XT,86.48648648648648,Seer Proteograph XT + SomaSeq,89.1891891891892,2.7027027027026973,89.1891891891892,False
R-HSA-936837,R-HSA-936837,55,Seer Proteograph XT,65.45454545454545,Seer Proteograph XT + SomaSeq,72.72727272727273,7.272727272727275,72.72727272727273,False
R-HSA-210991,Basigin interactions,25,Seer Proteograph XT,76.0,Seer Proteograph XT + SomaSeq,84.0,7.9999999999999964,84.0,False
R-HSA-2173795,R-HSA-2173795,31,SomaSeq,70.96774193548387,Seer Proteograph XT + SomaSeq,87.09677419354838,16.129032258064512,90.3225806451613,False
R-HSA-418359,R-HSA-418359,12,Seer Proteograph XT,100.0,Seer Proteograph XT + SomaSeq,100.0,0.0,100.0,False
R-HSA-418360,R-HSA-418360,28,Seer Proteograph XT,85.71428571428571,Seer Proteograph XT + SomaSeq,92.85714285714286,7.142857142857151,92.85714285714286,False
R-HSA-1912420,R-HSA-1912420,18,Seer Proteograph XT,94.44444444444444,Seer Proteograph XT + SomaSeq,100.0,5.555555555555558,100.0,False
R-HSA-163210,R-HSA-163210,20,Seer Proteograph XT,90.0,Seer Proteograph XT + SomaSeq,90.0,0.0,90.0,False
R-HSA-917977,R-HSA-917977,31,Seer Proteograph XT,74.19354838709677,Seer Proteograph XT + SomaSeq,77.41935483870968,3.2258064516129004,77.41935483870968,False
R-HSA-77387,Insulin receptor recycling,30,Seer Proteograph XT,70.0,Seer Proteograph XT + SomaSeq,73.33333333333333,3.3333333333333326,73.33333333333333,False
R-HSA-1222556,R-HSA-1222556,36,Seer Proteograph XT,69.44444444444444,Seer Proteograph XT + Olink Explore HT,77.77777777777779,8.333333333333337,77.77777777777777,True
R-HSA-9639288,R-HSA-9639288,56,Seer Proteograph XT,76.78571428571429,Seer Proteograph XT + SomaSeq,82.14285714285714,5.357142857142849,82.14285714285714,False
R-HSA-6783310,R-HSA-6783310,38,SomaSeq,39.473684210526315,Seer Proteograph XT + SomaSeq,52.63157894736842,13.157894736842103,60.526315789473685,False
R-HSA-176187,R-HSA-176187,38,Seer Proteograph XT,55.26315789473685,Seer Proteograph XT + SomaSeq,71.05263157894737,15.78947368421052,78.94736842105263,False
R-HSA-5689877,R-HSA-5689877,11,SomaSeq,81.81818181818183,SomaSeq + Olink Explore HT,90.9090909090909,9.090909090909083,90.9090909090909,True
R-HSA-6804114,TP53 Regulates Transcription of Genes Involved in G2 Cell Cycle Arrest,18,SomaSeq,66.66666666666666,Seer Proteograph XT + SomaSeq,77.77777777777779,11.111111111111116,83.33333333333333,False
R-HSA-9955298,R-HSA-9955298,41,Seer Proteograph XT,48.78048780487805,Seer Proteograph XT + SomaSeq,56.09756097560976,7.317073170731714,58.53658536585366,False
R-HSA-879518,R-HSA-879518,12,Seer Proteograph XT,66.66666666666666,Seer Proteograph XT + SomaSeq,66.66666666666666,0.0,66.66666666666667,False
R-HSA-1368108,"BMAL1:CLOCK,NPAS2 activates circadian expression",27,Seer Proteograph XT,51.85185185185185,Seer Proteograph XT + SomaSeq,74.07407407407408,22.22222222222222,74.07407407407408,False
R-HSA-5467340,R-HSA-5467340,14,Seer Proteograph XT,85.71428571428571,Seer Proteograph XT + SomaSeq,85.71428571428571,0.0,85.71428571428571,False
R-HSA-196299,R-HSA-196299,17,Seer Proteograph XT,76.47058823529412,Seer Proteograph XT + SomaSeq,76.47058823529412,0.0,76.47058823529412,False
R-HSA-5467337,R-HSA-5467337,14,Seer Proteograph XT,85.71428571428571,Seer Proteograph XT + SomaSeq,85.71428571428571,0.0,85.71428571428571,False
R-HSA-5358752,R-HSA-5358752,15,Seer Proteograph XT,86.66666666666667,Seer Proteograph XT + SomaSeq,86.66666666666667,0.0,86.66666666666667,False
R-HSA-5358747,R-HSA-5358747,15,Seer Proteograph XT,86.66666666666667,Seer Proteograph XT + SomaSeq,86.66666666666667,0.0,86.66666666666667,False
R-HSA-5339716,R-HSA-5339716,15,Seer Proteograph XT,86.66666666666667,Seer Proteograph XT + SomaSeq,86.66666666666667,0.0,86.66666666666667,False
R-HSA-5467348,R-HSA-5467348,14,Seer Proteograph XT,85.71428571428571,Seer Proteograph XT + SomaSeq,85.71428571428571,0.0,85.71428571428571,False
R-HSA-5358751,R-HSA-5358751,15,Seer Proteograph XT,86.66666666666667,Seer Proteograph XT + SomaSeq,86.66666666666667,0.0,86.66666666666667,False
R-HSA-4641262,Disassembly of the destruction complex and recruitment of AXIN to the membrane,31,Seer Proteograph XT,64.51612903225806,Seer Proteograph XT + SomaSeq,77.41935483870968,12.903225806451612,77.41935483870968,False
R-HSA-5358749,R-HSA-5358749,15,Seer Proteograph XT,86.66666666666667,Seer Proteograph XT + SomaSeq,86.66666666666667,0.0,86.66666666666667,False
R-HSA-9943962,"CHD6, CHD7, CHD8, CHD9 subfamily",39,SomaSeq,33.33333333333333,Seer Proteograph XT + SomaSeq,38.46153846153847,5.128205128205132,41.02564102564103,False
R-HSA-4641265,Repression of WNT target genes,15,SomaSeq,53.333333333333336,Seer Proteograph XT + SomaSeq,80.0,26.66666666666667,80.0,False
R-HSA-2172127,DAP12 interactions,41,SomaSeq,78.04878048780488,Seer Proteograph XT + SomaSeq,85.36585365853658,7.317073170731703,87.8048780487805,False
R-HSA-198933,Immunoregulatory interactions between a Lymphoid and a non-Lymphoid cell,220,Seer Proteograph XT,70.0,Seer Proteograph XT + SomaSeq,85.45454545454545,15.454545454545453,89.0909090909091,False
R-HSA-1236977,R-HSA-1236977,12,Seer Proteograph XT,100.0,Seer Proteograph XT + SomaSeq,100.0,0.0,100.0,False
R-HSA-877300,R-HSA-877300,93,Seer Proteograph XT,73.11827956989248,Seer Proteograph XT + SomaSeq,84.94623655913979,11.827956989247312,88.17204301075269,False
R-HSA-2424491,DAP12 signaling,25,Seer Proteograph XT,88.0,Seer Proteograph XT + Olink Explore HT,92.0,4.0000000000000036,92.0,True
R-HSA-9037629,R-HSA-9037629,16,SomaSeq,81.25,Seer Proteograph XT + SomaSeq,81.25,0.0,81.25,False
R-HSA-9939291,R-HSA-9939291,13,SomaSeq,76.92307692307693,Seer Proteograph XT + SomaSeq,92.3076923076923,15.384615384615385,92.3076923076923,False
R-HSA-8931838,R-HSA-8931838,19,SomaSeq,63.1578947368421,Seer Proteograph XT + SomaSeq,73.68421052631578,10.526315789473683,73.6842105263158,False
R-HSA-975576,R-HSA-975576,26,SomaSeq,80.76923076923077,Seer Proteograph XT + SomaSeq,92.3076923076923,11.538461538461542,92.3076923076923,False
R-HSA-975577,R-HSA-975577,15,SomaSeq,93.33333333333333,Seer Proteograph XT + SomaSeq,100.0,6.666666666666665,100.0,False
R-HSA-9708530,R-HSA-9708530,11,SomaSeq,72.72727272727273,Seer Proteograph XT + SomaSeq,81.81818181818183,9.090909090909093,90.9090909090909,False
R-HSA-1839124,FGFR1 mutant receptor activation,32,SomaSeq,78.125,Seer Proteograph XT + SomaSeq,93.75,15.625,93.75,False
R-HSA-5655302,Signaling by FGFR1 in disease,39,SomaSeq,82.05128205128204,Seer Proteograph XT + SomaSeq,94.87179487179486,12.82051282051282,94.87179487179488,False
R-HSA-5620971,Pyroptosis,26,SomaSeq,92.3076923076923,Seer Proteograph XT + SomaSeq,100.0,7.692307692307687,100.0,False
R-HSA-2173789,TGF-beta receptor signaling activates SMADs,47,SomaSeq,76.59574468085107,Seer Proteograph XT + SomaSeq,85.1063829787234,8.510638297872342,89.36170212765957,False
R-HSA-2173788,Downregulation of TGF-beta receptor signaling,26,SomaSeq,73.07692307692307,Seer Proteograph XT + SomaSeq,84.61538461538461,11.538461538461542,92.3076923076923,False
R-HSA-162594,Early Phase of HIV Life Cycle,13,Seer Proteograph XT,92.3076923076923,Seer Proteograph XT + SomaSeq,100.0,7.692307692307687,100.0,False
R-HSA-4655427,SUMOylation of DNA methylation proteins,17,Seer Proteograph XT,58.82352941176471,Seer Proteograph XT + SomaSeq,76.47058823529412,17.647058823529406,76.47058823529412,False
R-HSA-3899300,R-HSA-3899300,47,Seer Proteograph XT,63.829787234042556,Seer Proteograph XT + SomaSeq,78.72340425531915,14.893617021276595,87.23404255319149,False
R-HSA-9034015,Signaling by NTRK3 (TRKC),17,Seer Proteograph XT,88.23529411764706,Seer Proteograph XT + SomaSeq,94.11764705882352,5.882352941176472,94.11764705882354,False
R-HSA-9614657,R-HSA-9614657,16,SomaSeq,68.75,Seer Proteograph XT + SomaSeq,81.25,12.5,81.25,False
R-HSA-2022870,R-HSA-2022870,20,Seer Proteograph XT,85.0,Seer Proteograph XT + SomaSeq,95.0,9.999999999999998,95.0,False
R-HSA-2022923,R-HSA-2022923,11,Seer Proteograph XT,81.81818181818183,Seer Proteograph XT + SomaSeq,90.9090909090909,9.090909090909083,90.9090909090909,False
R-HSA-186797,Signaling by PDGF,58,Seer Proteograph XT,89.65517241379311,Seer Proteograph XT + SomaSeq,93.10344827586206,3.4482758620689613,96.55172413793103,False
R-HSA-186763,Downstream signal transduction,29,Seer Proteograph XT,96.55172413793103,Seer Proteograph XT + SomaSeq,96.55172413793103,0.0,96.55172413793103,False
R-HSA-8866654,R-HSA-8866654,53,Seer Proteograph XT,60.37735849056604,Seer Proteograph XT + SomaSeq,71.69811320754717,11.32075471698113,73.58490566037736,False
R-HSA-9703648,Signaling by FLT3 ITD and TKD mutants,16,SomaSeq,87.5,Seer Proteograph XT + SomaSeq,93.75,6.25,93.75,False
R-HSA-9702518,R-HSA-9702518,10,SomaSeq,90.0,Seer Proteograph XT + SomaSeq,100.0,9.999999999999998,100.0,False
R-HSA-9692914,SARS-CoV-1-host interactions,86,Seer Proteograph XT,90.69767441860465,Seer Proteograph XT + SomaSeq,96.51162790697676,5.813953488372103,97.67441860465117,False
R-HSA-6803205,TP53 regulates transcription of several additional cell death genes whose specific roles in p53-dependent apoptosis remain uncertain,15,SomaSeq,66.66666666666666,Seer Proteograph XT + SomaSeq,93.33333333333333,26.66666666666667,100.0,False
R-HSA-1839117,R-HSA-1839117,18,Seer Proteograph XT,88.88888888888889,Seer Proteograph XT + SomaSeq,88.88888888888889,0.0,88.88888888888889,False
R-HSA-9865881,R-HSA-9865881,27,Seer Proteograph XT,85.18518518518519,Seer Proteograph XT + SomaSeq,88.88888888888889,3.703703703703698,88.88888888888889,False
R-HSA-9028731,Activated NTRK2 signals through FRS2 and FRS3,11,SomaSeq,90.9090909090909,Seer Proteograph XT + SomaSeq,90.9090909090909,0.0,90.9090909090909,False
R-HSA-9008059,Interleukin-37 signaling,22,SomaSeq,77.27272727272727,Seer Proteograph XT + SomaSeq,90.9090909090909,13.636363636363635,100.0,False
R-HSA-749476,RNA Polymerase III Abortive And Retractive Initiation,35,Seer Proteograph XT,57.14285714285714,Seer Proteograph XT + SomaSeq,77.14285714285715,20.000000000000007,77.14285714285714,False
R-HSA-76061,RNA Polymerase III Transcription Initiation From Type 1 Promoter,22,Seer Proteograph XT,68.18181818181817,Seer Proteograph XT + SomaSeq,86.36363636363636,18.181818181818187,86.36363636363636,False
R-HSA-76071,RNA Polymerase III Transcription Initiation From Type 3 Promoter,29,Seer Proteograph XT,55.172413793103445,Seer Proteograph XT + SomaSeq,79.3103448275862,24.13793103448276,79.3103448275862,False
R-HSA-76066,RNA Polymerase III Transcription Initiation From Type 2 Promoter,22,Seer Proteograph XT,68.18181818181817,Seer Proteograph XT + SomaSeq,86.36363636363636,18.181818181818187,86.36363636363636,False
R-HSA-9694676,R-HSA-9694676,14,Seer Proteograph XT,100.0,Seer Proteograph XT + SomaSeq,100.0,0.0,100.0,False
R-HSA-9679504,R-HSA-9679504,13,Seer Proteograph XT,100.0,Seer Proteograph XT + SomaSeq,100.0,0.0,100.0,False
R-HSA-159740,Gamma-carboxylation of protein precursors,10,Seer Proteograph XT,100.0,Seer Proteograph XT + SomaSeq,100.0,0.0,100.0,False
R-HSA-159854,"Gamma-carboxylation, transport, and amino-terminal cleavage of proteins",11,Seer Proteograph XT,100.0,Seer Proteograph XT + SomaSeq,100.0,0.0,100.0,False
R-HSA-9931510,Phosphorylated BMAL1:CLOCK (ARNTL:CLOCK) activates expression of core clock genes,22,SomaSeq,54.54545454545454,SomaSeq + Olink Explore HT,72.72727272727273,18.181818181818187,81.81818181818181,True
R-HSA-168927,"TICAM1, RIP1-mediated IKK complex recruitment",19,SomaSeq,73.68421052631578,Seer Proteograph XT + SomaSeq,84.21052631578947,10.526315789473683,89.47368421052632,False
R-HSA-5213460,RIPK1-mediated regulated necrosis,31,SomaSeq,87.09677419354838,Seer Proteograph XT + SomaSeq,96.7741935483871,9.677419354838712,100.0,False
R-HSA-5357786,TNFR1-induced proapoptotic signaling,24,SomaSeq,83.33333333333334,Seer Proteograph XT + SomaSeq,95.83333333333334,12.5,100.0,False
R-HSA-5675482,Regulation of necroptotic cell death,31,SomaSeq,87.09677419354838,Seer Proteograph XT + SomaSeq,96.7741935483871,9.677419354838712,100.0,False
R-HSA-5676594,TNF receptor superfamily (TNFSF) members mediating non-canonical NF-kB pathway,17,Olink Explore HT,88.23529411764706,Seer Proteograph XT + SomaSeq,94.11764705882352,5.882352941176472,94.11764705882354,False
R-HSA-5357956,TNFR1-induced NF-kappa-B signaling pathway,32,SomaSeq,75.0,Seer Proteograph XT + SomaSeq,90.625,15.625,96.875,False
R-HSA-937041,IKK complex recruitment mediated by RIP1,23,SomaSeq,78.26086956521739,Seer Proteograph XT + SomaSeq,86.95652173913044,8.695652173913038,91.30434782608695,False
R-HSA-5357905,Regulation of TNFR1 signaling,49,Seer Proteograph XT,77.55102040816327,Seer Proteograph XT + SomaSeq,93.87755102040816,16.326530612244905,97.95918367346938,False
R-HSA-512988,"Interleukin-3, Interleukin-5 and GM-CSF signaling",47,SomaSeq,82.97872340425532,Seer Proteograph XT + SomaSeq,95.74468085106383,12.765957446808518,97.87234042553192,False
R-HSA-912631,Regulation of signaling by CBL,21,Seer Proteograph XT,80.95238095238095,Seer Proteograph XT + SomaSeq,90.47619047619048,9.523809523809524,95.23809523809524,False
R-HSA-162658,Golgi Cisternae Pericentriolar Stack Reorganization,14,Seer Proteograph XT,64.28571428571429,SomaSeq + Olink Explore HT,85.71428571428571,21.42857142857142,85.71428571428571,True
R-HSA-9931512,"Phosphorylation of CLOCK, acetylation of BMAL1 (ARNTL) at target gene promoters",11,Seer Proteograph XT,45.45454545454545,Seer Proteograph XT + SomaSeq,72.72727272727273,27.272727272727277,81.81818181818181,False
R-HSA-9931521,The CRY:PER:kinase complex represses transactivation by the BMAL:CLOCK (ARNTL:CLOCK) complex,14,SomaSeq,50.0,Seer Proteograph XT + SomaSeq,71.42857142857143,21.42857142857143,78.57142857142857,False
R-HSA-2022090,Assembly of collagen fibrils and other multimeric structures,62,Seer Proteograph XT,85.48387096774194,Seer Proteograph XT + SomaSeq,93.54838709677419,8.064516129032251,98.38709677419355,False
R-HSA-2214320,R-HSA-2214320,15,Seer Proteograph XT,73.33333333333333,Seer Proteograph XT + Olink Explore HT,86.66666666666667,13.333333333333341,93.33333333333333,True
R-HSA-2243919,R-HSA-2243919,19,Seer Proteograph XT,78.94736842105263,Seer Proteograph XT + Olink Explore HT,89.47368421052632,10.526315789473683,94.73684210526316,True
R-HSA-1566948,Elastic fibre formation,44,Seer Proteograph XT,84.0909090909091,Seer Proteograph XT + SomaSeq,93.18181818181817,9.090909090909083,93.18181818181819,False
R-HSA-2129379,Molecules associated with elastic fibres,37,Seer Proteograph XT,81.08108108108108,Seer Proteograph XT + SomaSeq,91.8918918918919,10.81081081081081,91.89189189189189,False
R-HSA-9834899,Specification of the neural plate border,18,SomaSeq,66.66666666666666,Seer Proteograph XT + SomaSeq,66.66666666666666,0.0,66.66666666666667,False
R-HSA-9827857,Specification of primordial germ cells,13,SomaSeq,38.46153846153847,Seer Proteograph XT + SomaSeq,46.15384615384615,7.6923076923076925,61.53846153846154,False
R-HSA-9754189,Germ layer formation at gastrulation,16,SomaSeq,56.25,Seer Proteograph XT + SomaSeq,68.75,12.5,75.0,False
R-HSA-9830364,Formation of the nephric duct,17,SomaSeq,70.58823529411765,Seer Proteograph XT + SomaSeq,76.47058823529412,5.88235294117646,82.3529411764706,False
R-HSA-9830674,Formation of the ureteric bud,21,SomaSeq,71.42857142857143,Seer Proteograph XT + SomaSeq,71.42857142857143,0.0,71.42857142857143,False
R-HSA-9844594,R-HSA-9844594,28,SomaSeq,53.57142857142857,Seer Proteograph XT + SomaSeq,71.42857142857143,17.85714285714286,75.0,False
R-HSA-6790901,R-HSA-6790901,57,Seer Proteograph XT,96.49122807017544,Seer Proteograph XT + SomaSeq,96.49122807017544,0.0,96.49122807017544,False
R-HSA-5654733,Negative regulation of FGFR4 signaling,31,SomaSeq,90.32258064516128,Seer Proteograph XT + SomaSeq,96.7741935483871,6.451612903225811,100.0,False
R-HSA-1295596,R-HSA-1295596,16,Seer Proteograph XT,81.25,Seer Proteograph XT + SomaSeq,93.75,12.5,100.0,False
R-HSA-170968,R-HSA-170968,12,SomaSeq,91.66666666666666,Seer Proteograph XT + SomaSeq,100.0,8.333333333333337,100.0,False
R-HSA-5654732,Negative regulation of FGFR3 signaling,29,SomaSeq,89.65517241379311,Seer Proteograph XT + SomaSeq,96.55172413793103,6.896551724137934,100.0,False
R-HSA-5654727,Negative regulation of FGFR2 signaling,34,SomaSeq,91.17647058823529,Seer Proteograph XT + SomaSeq,97.05882352941177,5.882352941176472,100.0,False
R-HSA-8951936,RUNX3 regulates p14-ARF,10,SomaSeq,90.0,Seer Proteograph XT + SomaSeq,100.0,9.999999999999998,100.0,False
R-HSA-1266695,R-HSA-1266695,25,Seer Proteograph XT,64.0,Seer Proteograph XT + SomaSeq,88.0,24.0,88.0,False
R-HSA-196807,R-HSA-196807,29,Seer Proteograph XT,82.75862068965517,Seer Proteograph XT + SomaSeq,89.65517241379311,6.896551724137934,89.65517241379311,False
R-HSA-9692916,SARS-CoV-1 activates/modulates innate immune responses,44,Seer Proteograph XT,86.36363636363636,Seer Proteograph XT + SomaSeq,97.72727272727273,11.363636363636365,100.0,False
R-HSA-1250196,SHC1 events in ERBB2 signaling,23,SomaSeq,95.65217391304348,Seer Proteograph XT + SomaSeq,100.0,4.347826086956519,100.0,False
R-HSA-1963642,PI3K events in ERBB2 signaling,16,SomaSeq,93.75,Seer Proteograph XT + SomaSeq,93.75,0.0,93.75,False
R-HSA-9664565,Signaling by ERBB2 KD Mutants,25,SomaSeq,92.0,Seer Proteograph XT + SomaSeq,96.0,3.9999999999999925,96.0,False
R-HSA-6785631,ERBB2 Regulates Cell Motility,15,SomaSeq,100.0,Seer Proteograph XT + SomaSeq,100.0,0.0,100.0,False
R-HSA-1963640,GRB2 events in ERBB2 signaling,16,SomaSeq,100.0,Seer Proteograph XT + SomaSeq,100.0,0.0,100.0,False
R-HSA-8847993,ERBB2 Activates PTK6 Signaling,13,SomaSeq,100.0,Seer Proteograph XT + SomaSeq,100.0,0.0,100.0,False
R-HSA-1250347,SHC1 events in ERBB4 signaling,14,SomaSeq,100.0,Seer Proteograph XT + SomaSeq,100.0,0.0,100.0,False
R-HSA-9665686,Signaling by ERBB2 TMD/JMD mutants,22,SomaSeq,95.45454545454545,Seer Proteograph XT + SomaSeq,100.0,4.545454545454541,100.0,False
R-HSA-1250342,R-HSA-1250342,10,SomaSeq,90.0,Seer Proteograph XT + SomaSeq,90.0,0.0,90.0,False
R-HSA-8851680,R-HSA-8851680,12,SomaSeq,83.33333333333334,Seer Proteograph XT + SomaSeq,91.66666666666666,8.333333333333325,91.66666666666667,False
R-HSA-9617828,FOXO-mediated transcription of cell cycle genes,17,SomaSeq,82.35294117647058,Seer Proteograph XT + SomaSeq,88.23529411764706,5.882352941176472,94.11764705882354,False
R-HSA-5603041,IRAK4 deficiency (TLR2/4),20,Seer Proteograph XT,80.0,Seer Proteograph XT + SomaSeq,90.0,9.999999999999998,90.0,False
R-HSA-5602498,MyD88 deficiency (TLR2/4),19,Seer Proteograph XT,78.94736842105263,Seer Proteograph XT + SomaSeq,89.47368421052632,10.526315789473683,89.47368421052632,False
R-HSA-8964315,R-HSA-8964315,18,Seer Proteograph XT,66.66666666666666,Seer Proteograph XT + SomaSeq,72.22222222222221,5.555555555555558,77.77777777777777,False
R-HSA-9930044,R-HSA-9930044,34,Seer Proteograph XT,76.47058823529412,Seer Proteograph XT + SomaSeq,88.23529411764706,11.764705882352944,88.23529411764706,False
R-HSA-5083632,R-HSA-5083632,20,Seer Proteograph XT,45.0,Olink Explore HT + Biognosys TrueDiscovery,60.0,14.999999999999996,65.0,True
R-HSA-977606,Regulation of Complement cascade,126,Seer Proteograph XT,80.15873015873017,Seer Proteograph XT + Biognosys TrueDiscovery,86.5079365079365,6.349206349206349,86.5079365079365,True
R-HSA-166663,Initial triggering of complement,100,Seer Proteograph XT,79.0,Seer Proteograph XT + Biognosys TrueDiscovery,87.0,7.9999999999999964,87.0,True
R-HSA-166786,Creation of C4 and C2 activators,93,Seer Proteograph XT,77.41935483870968,Seer Proteograph XT + Biognosys TrueDiscovery,86.02150537634408,8.602150537634412,86.02150537634408,True
R-HSA-173623,Classical antibody-mediated complement activation,86,Seer Proteograph XT,75.5813953488372,Seer Proteograph XT + Biognosys TrueDiscovery,84.88372093023256,9.302325581395344,84.88372093023256,True
R-HSA-9968734,Differentiation of Circulating Monocytes,32,SomaSeq,81.25,Seer Proteograph XT + SomaSeq,93.75,12.5,93.75,False
R-HSA-1475029,Reversible hydration of carbon dioxide,12,SomaSeq,100.0,Seer Proteograph XT + SomaSeq,100.0,0.0,100.0,False
R-HSA-380972,R-HSA-380972,29,Seer Proteograph XT,86.20689655172413,Seer Proteograph XT + Olink Explore HT,89.65517241379311,3.4482758620689724,89.65517241379311,True
R-HSA-5576892,R-HSA-5576892,32,SomaSeq,40.625,SomaSeq + Olink Explore HT,53.125,12.5,59.375,True
R-HSA-112308,Presynaptic depolarization and calcium channel opening,12,Seer Proteograph XT,33.33333333333333,Seer Proteograph XT + SomaSeq,50.0,16.666666666666668,50.0,False
R-HSA-5627123,R-HSA-5627123,18,Seer Proteograph XT,94.44444444444444,Seer Proteograph XT + SomaSeq,100.0,5.555555555555558,100.0,False
R-HSA-9619483,R-HSA-9619483,29,Seer Proteograph XT,68.96551724137932,Seer Proteograph XT + Olink Explore HT,79.3103448275862,10.344827586206895,82.75862068965517,True
R-HSA-180024,R-HSA-180024,24,Seer Proteograph XT,83.33333333333334,Seer Proteograph XT + SomaSeq,91.66666666666666,8.333333333333325,91.66666666666667,False
R-HSA-9956593,R-HSA-9956593,10,SomaSeq,60.0,Seer Proteograph XT + SomaSeq,70.0,9.999999999999998,80.0,False
R-HSA-451308,R-HSA-451308,10,Seer Proteograph XT,60.0,Seer Proteograph XT + Olink Explore HT,80.0,20.000000000000007,80.0,True
R-HSA-425410,R-HSA-425410,44,Seer Proteograph XT,54.54545454545454,Seer Proteograph XT + SomaSeq,63.63636363636363,9.090909090909093,65.9090909090909,False
R-HSA-1855204,R-HSA-1855204,27,Seer Proteograph XT,85.18518518518519,Seer Proteograph XT + SomaSeq,88.88888888888889,3.703703703703698,88.88888888888889,False
R-HSA-451306,R-HSA-451306,10,Seer Proteograph XT,60.0,Seer Proteograph XT + Olink Explore HT,80.0,20.000000000000007,80.0,True
R-HSA-451326,R-HSA-451326,30,Seer Proteograph XT,66.66666666666666,Seer Proteograph XT + Olink Explore HT,76.66666666666667,10.000000000000009,80.0,True
R-HSA-2514859,R-HSA-2514859,34,SomaSeq,58.82352941176471,Seer Proteograph XT + SomaSeq,67.64705882352942,8.823529411764708,70.58823529411765,False
R-HSA-8876725,R-HSA-8876725,14,Seer Proteograph XT,64.28571428571429,Seer Proteograph XT + SomaSeq,78.57142857142857,14.28571428571428,78.57142857142857,False
R-HSA-111932,R-HSA-111932,10,Seer Proteograph XT,90.0,Seer Proteograph XT + SomaSeq,100.0,9.999999999999998,100.0,False
R-HSA-425561,R-HSA-425561,11,Seer Proteograph XT,54.54545454545454,Seer Proteograph XT + SomaSeq,54.54545454545454,0.0,54.54545454545455,False
R-HSA-9020956,R-HSA-9020956,11,Seer Proteograph XT,72.72727272727273,Seer Proteograph XT + SomaSeq,81.81818181818183,9.090909090909093,81.81818181818181,False
R-HSA-8984722,R-HSA-8984722,12,SomaSeq,66.66666666666666,Seer Proteograph XT + SomaSeq,75.0,8.333333333333337,75.0,False
R-HSA-9694548,R-HSA-9694548,38,Seer Proteograph XT,73.68421052631578,Seer Proteograph XT + SomaSeq,86.8421052631579,13.157894736842113,86.84210526315789,False
R-HSA-9694635,R-HSA-9694635,58,Seer Proteograph XT,75.86206896551724,Seer Proteograph XT + SomaSeq,87.93103448275862,12.06896551724138,89.65517241379311,False
R-HSA-9683701,R-HSA-9683701,28,SomaSeq,78.57142857142857,SomaSeq + Olink Explore HT,96.42857142857143,17.85714285714286,96.42857142857143,True
R-HSA-2514853,Condensation of Prometaphase Chromosomes,12,Seer Proteograph XT,58.333333333333336,Seer Proteograph XT + SomaSeq,66.66666666666666,8.333333333333325,66.66666666666667,False
R-HSA-9933387,R-HSA-9933387,25,SomaSeq,52.0,Seer Proteograph XT + SomaSeq,72.0,19.999999999999996,76.0,False
R-HSA-975957,R-HSA-975957,84,Seer Proteograph XT,84.52380952380952,Seer Proteograph XT + SomaSeq,86.90476190476191,2.3809523809523836,88.0952380952381,False
R-HSA-933543,R-HSA-933543,13,Seer Proteograph XT,100.0,Seer Proteograph XT + SomaSeq,100.0,0.0,100.0,False
R-HSA-6809371,Formation of the cornified envelope,108,Seer Proteograph XT,59.25925925925925,Seer Proteograph XT + SomaSeq,68.51851851851852,9.259259259259267,72.22222222222223,False
R-HSA-6805567,Keratinization,186,Seer Proteograph XT,34.40860215053764,Seer Proteograph XT + SomaSeq,39.784946236559136,5.376344086021501,41.935483870967744,False
R-HSA-449836,Other interleukin signaling,23,SomaSeq,82.6086956521739,Seer Proteograph XT + SomaSeq,100.0,17.391304347826086,100.0,False
R-HSA-351906,R-HSA-351906,11,Seer Proteograph XT,100.0,Seer Proteograph XT + SomaSeq,100.0,0.0,100.0,False
R-HSA-9758274,Regulation of NF-kappa B signaling,18,Seer Proteograph XT,72.22222222222221,Seer Proteograph XT + SomaSeq,88.88888888888889,16.666666666666664,94.44444444444444,False
R-HSA-5218900,R-HSA-5218900,11,Seer Proteograph XT,81.81818181818183,Seer Proteograph XT + SomaSeq,100.0,18.181818181818176,100.0,False
R-HSA-140534,Caspase activation via Death Receptors in the presence of ligand,16,SomaSeq,81.25,Seer Proteograph XT + SomaSeq,93.75,12.5,93.75,False
R-HSA-69416,R-HSA-69416,11,Seer Proteograph XT,81.81818181818183,Seer Proteograph XT + SomaSeq,100.0,18.181818181818176,100.0,False
R-HSA-3371378,R-HSA-3371378,11,Seer Proteograph XT,81.81818181818183,Seer Proteograph XT + SomaSeq,100.0,18.181818181818176,100.0,False
R-HSA-73772,RNA Polymerase I Promoter Escape,52,Seer Proteograph XT,34.61538461538461,Seer Proteograph XT + SomaSeq,42.30769230769231,7.6923076923076925,44.23076923076923,False
R-HSA-73762,RNA Polymerase I Transcription Initiation,44,Seer Proteograph XT,63.63636363636363,Seer Proteograph XT + SomaSeq,75.0,11.363636363636365,77.27272727272727,False
R-HSA-73863,RNA Polymerase I Transcription Termination,30,Seer Proteograph XT,56.666666666666664,Seer Proteograph XT + SomaSeq,66.66666666666666,9.999999999999998,66.66666666666667,False
R-HSA-9735871,SARS-CoV-1 targets host intracellular signalling and regulatory pathways,17,Seer Proteograph XT,100.0,Seer Proteograph XT + SomaSeq,100.0,0.0,100.0,False
R-HSA-209968,Thyroxine biosynthesis,14,SomaSeq,35.714285714285715,Seer Proteograph XT + SomaSeq,42.857142857142854,7.14285714285714,50.0,False
R-HSA-8877330,RUNX1 and FOXP3 control the development of regulatory T lymphocytes (Tregs),10,SomaSeq,90.0,Seer Proteograph XT + SomaSeq,100.0,9.999999999999998,100.0,False
R-HSA-8939242,RUNX1 regulates transcription of genes involved in differentiation of keratinocytes,10,SomaSeq,80.0,Seer Proteograph XT + SomaSeq,100.0,19.999999999999996,100.0,False
R-HSA-9616222,Transcriptional regulation of granulopoiesis,50,SomaSeq,46.0,Seer Proteograph XT + SomaSeq,54.0,8.000000000000002,54.0,False
R-HSA-1433557,Signaling by SCF-KIT,45,SomaSeq,88.88888888888889,Seer Proteograph XT + SomaSeq,95.55555555555556,6.666666666666677,95.55555555555556,False
R-HSA-8875360,R-HSA-8875360,15,SomaSeq,93.33333333333333,SomaSeq + Olink Explore HT,100.0,6.666666666666665,100.0,True
R-HSA-1059683,Interleukin-6 signaling,11,SomaSeq,90.9090909090909,Seer Proteograph XT + SomaSeq,100.0,9.090909090909093,100.0,False
R-HSA-5637810,Constitutive Signaling by EGFRvIII,15,Seer Proteograph XT,93.33333333333333,Seer Proteograph XT + SomaSeq,93.33333333333333,0.0,93.33333333333333,False
R-HSA-1236382,Constitutive Signaling by Ligand-Responsive EGFR Cancer Variants,19,SomaSeq,89.47368421052632,SomaSeq + Olink Explore HT,94.73684210526315,5.263157894736836,94.73684210526316,True
R-HSA-9680350,Signaling by CSF1 (M-CSF) in myeloid cells,31,Seer Proteograph XT,87.09677419354838,Seer Proteograph XT + SomaSeq,93.54838709677419,6.451612903225801,96.7741935483871,False
R-HSA-1433559,Regulation of KIT signaling,17,SomaSeq,100.0,Seer Proteograph XT + SomaSeq,100.0,0.0,100.0,False
R-HSA-6807004,R-HSA-6807004,22,SomaSeq,90.9090909090909,Seer Proteograph XT + SomaSeq,95.45454545454545,4.545454545454552,100.0,False
R-HSA-427389,ERCC6 (CSB) and EHMT2 (G9a) positively regulate rRNA expression,35,Seer Proteograph XT,34.285714285714285,Seer Proteograph XT + SomaSeq,40.0,5.714285714285716,40.0,False
R-HSA-9668328,R-HSA-9668328,32,Seer Proteograph XT,81.25,Seer Proteograph XT + Olink Explore HT,87.5,6.25,90.625,True
R-HSA-9770562,R-HSA-9770562,124,Seer Proteograph XT,88.70967741935483,Seer Proteograph XT + SomaSeq,95.96774193548387,7.258064516129037,96.7741935483871,False
R-HSA-6783783,Interleukin-10 signaling,45,SomaSeq,84.44444444444444,Seer Proteograph XT + SomaSeq,97.77777777777777,13.33333333333333,97.77777777777777,False
R-HSA-9942503,Differentiation of naive CD4+ T cells to T helper 1 cells (Th1 cells),13,SomaSeq,76.92307692307693,Seer Proteograph XT + SomaSeq,84.61538461538461,7.692307692307687,84.61538461538461,False
R-HSA-1538133,R-HSA-1538133,28,SomaSeq,67.85714285714286,Seer Proteograph XT + SomaSeq,78.57142857142857,10.71428571428571,82.14285714285714,False
R-HSA-1362300,R-HSA-1362300,17,SomaSeq,52.94117647058824,Seer Proteograph XT + SomaSeq,70.58823529411765,17.647058823529417,76.47058823529412,False
R-HSA-75035,Chk1/Chk2(Cds1) mediated inactivation of Cyclin B:Cdk1 complex,17,SomaSeq,70.58823529411765,SomaSeq + Olink Explore HT,76.47058823529412,5.88235294117646,76.47058823529412,True
R-HSA-69273,Cyclin A/B1/B2 associated events during G2/M transition,34,SomaSeq,52.94117647058824,Seer Proteograph XT + SomaSeq,67.64705882352942,14.70588235294118,79.41176470588235,False
R-HSA-2032785,R-HSA-2032785,14,SomaSeq,64.28571428571429,Seer Proteograph XT + SomaSeq,78.57142857142857,14.28571428571428,85.71428571428571,False
R-HSA-69205,R-HSA-69205,29,SomaSeq,58.620689655172406,Seer Proteograph XT + SomaSeq,72.41379310344827,13.793103448275868,75.86206896551724,False
R-HSA-156711,Polo-like kinase mediated events,18,SomaSeq,66.66666666666666,Seer Proteograph XT + SomaSeq,77.77777777777779,11.111111111111116,88.88888888888889,False
R-HSA-9661069,R-HSA-9661069,17,SomaSeq,70.58823529411765,SomaSeq + Olink Explore HT,76.47058823529412,5.88235294117646,82.3529411764706,True
R-HSA-9825892,Regulation of MITF-M-dependent genes involved in cell cycle and proliferation,19,SomaSeq,68.42105263157895,Seer Proteograph XT + SomaSeq,78.94736842105263,10.526315789473683,84.21052631578948,False
R-HSA-73776,R-HSA-73776,42,Seer Proteograph XT,57.14285714285714,Seer Proteograph XT + SomaSeq,73.80952380952381,16.666666666666675,76.19047619047619,False
R-HSA-167200,R-HSA-167200,40,Seer Proteograph XT,77.5,Seer Proteograph XT + SomaSeq,87.5,9.999999999999998,87.5,False
R-HSA-167172,R-HSA-167172,66,Seer Proteograph XT,71.21212121212122,Seer Proteograph XT + SomaSeq,81.81818181818183,10.606060606060607,83.33333333333333,False
R-HSA-113418,R-HSA-113418,29,Seer Proteograph XT,72.41379310344827,Seer Proteograph XT + SomaSeq,86.20689655172413,13.793103448275856,86.20689655172414,False
R-HSA-167160,R-HSA-167160,23,Seer Proteograph XT,65.21739130434783,Seer Proteograph XT + SomaSeq,82.6086956521739,17.391304347826086,82.6086956521739,False
R-HSA-75953,R-HSA-75953,42,Seer Proteograph XT,57.14285714285714,Seer Proteograph XT + SomaSeq,73.80952380952381,16.666666666666675,76.19047619047619,False
R-HSA-167158,R-HSA-167158,29,Seer Proteograph XT,72.41379310344827,Seer Proteograph XT + SomaSeq,86.20689655172413,13.793103448275856,86.20689655172414,False
R-HSA-73779,R-HSA-73779,42,Seer Proteograph XT,57.14285714285714,Seer Proteograph XT + SomaSeq,73.80952380952381,16.666666666666675,76.19047619047619,False
R-HSA-77075,R-HSA-77075,24,Seer Proteograph XT,66.66666666666666,Seer Proteograph XT + SomaSeq,83.33333333333334,16.666666666666675,83.33333333333333,False
R-HSA-5696395,R-HSA-5696395,39,Seer Proteograph XT,69.23076923076923,Seer Proteograph XT + SomaSeq,84.61538461538461,15.384615384615385,87.17948717948718,False
R-HSA-167152,R-HSA-167152,41,Seer Proteograph XT,78.04878048780488,Seer Proteograph XT + SomaSeq,87.8048780487805,9.756097560975608,87.8048780487805,False
R-HSA-167246,R-HSA-167246,40,Seer Proteograph XT,77.5,Seer Proteograph XT + SomaSeq,87.5,9.999999999999998,87.5,False
R-HSA-167162,R-HSA-167162,42,Seer Proteograph XT,57.14285714285714,Seer Proteograph XT + SomaSeq,73.80952380952381,16.666666666666675,76.19047619047619,False
R-HSA-72086,R-HSA-72086,26,Seer Proteograph XT,69.23076923076923,Seer Proteograph XT + SomaSeq,84.61538461538461,15.384615384615385,84.61538461538461,False
R-HSA-167161,R-HSA-167161,42,Seer Proteograph XT,57.14285714285714,Seer Proteograph XT + SomaSeq,73.80952380952381,16.666666666666675,76.19047619047619,False
R-HSA-167169,R-HSA-167169,40,Seer Proteograph XT,77.5,Seer Proteograph XT + SomaSeq,87.5,9.999999999999998,87.5,False
R-HSA-76042,R-HSA-76042,42,Seer Proteograph XT,57.14285714285714,Seer Proteograph XT + SomaSeq,73.80952380952381,16.666666666666675,76.19047619047619,False
R-HSA-167290,R-HSA-167290,31,Seer Proteograph XT,90.32258064516128,Seer Proteograph XT + SomaSeq,96.7741935483871,6.451612903225811,96.7741935483871,False
R-HSA-6807505,R-HSA-6807505,67,Seer Proteograph XT,73.13432835820896,Seer Proteograph XT + SomaSeq,88.05970149253731,14.925373134328357,89.55223880597015,False
R-HSA-2173796,SMAD2/SMAD3:SMAD4 heterotrimer regulates transcription,37,SomaSeq,62.16216216216216,Seer Proteograph XT + SomaSeq,86.48648648648648,24.32432432432433,89.1891891891892,False
R-HSA-2173793,Transcriptional activity of SMAD2/SMAD3:SMAD4 heterotrimer,27,Seer Proteograph XT,66.66666666666666,Seer Proteograph XT + SomaSeq,92.5925925925926,25.92592592592593,96.29629629629629,False
R-HSA-167287,R-HSA-167287,31,Seer Proteograph XT,90.32258064516128,Seer Proteograph XT + SomaSeq,96.7741935483871,6.451612903225811,96.7741935483871,False
R-HSA-68962,R-HSA-68962,34,Seer Proteograph XT,61.76470588235294,Seer Proteograph XT + SomaSeq,76.47058823529412,14.705882352941169,79.41176470588235,False
R-HSA-176974,R-HSA-176974,13,Seer Proteograph XT,69.23076923076923,Seer Proteograph XT + SomaSeq,76.92307692307693,7.692307692307699,76.92307692307692,False
R-HSA-167243,R-HSA-167243,30,Seer Proteograph XT,90.0,Seer Proteograph XT + SomaSeq,96.66666666666667,6.666666666666665,96.66666666666667,False
R-HSA-167238,R-HSA-167238,30,Seer Proteograph XT,90.0,Seer Proteograph XT + SomaSeq,96.66666666666667,6.666666666666665,96.66666666666667,False
R-HSA-1461957,R-HSA-1461957,38,SomaSeq,57.89473684210527,Seer Proteograph XT + SomaSeq,63.1578947368421,5.263157894736836,63.1578947368421,False
R-HSA-6804115,TP53 regulates transcription of additional cell cycle genes whose exact role in the p53 pathway remain uncertain,23,Seer Proteograph XT,60.86956521739131,Seer Proteograph XT + Olink Explore HT,78.26086956521739,17.391304347826086,78.26086956521739,True
R-HSA-429947,R-HSA-429947,23,Seer Proteograph XT,91.30434782608695,Seer Proteograph XT + Olink Explore HT,95.65217391304348,4.34782608695653,95.65217391304348,True
R-HSA-9013422,R-HSA-9013422,22,Seer Proteograph XT,95.45454545454545,Seer Proteograph XT + Olink Explore HT,100.0,4.545454545454541,100.0,True
R-HSA-389960,R-HSA-389960,26,Seer Proteograph XT,84.61538461538461,Seer Proteograph XT + SomaSeq,88.46153846153845,3.8461538461538436,88.46153846153847,False
R-HSA-6814122,R-HSA-6814122,38,Seer Proteograph XT,71.05263157894737,Seer Proteograph XT + SomaSeq,76.31578947368422,5.263157894736848,78.94736842105263,False
R-HSA-202433,Generation of second messenger molecules,36,Seer Proteograph XT,75.0,Seer Proteograph XT + SomaSeq,83.33333333333334,8.333333333333337,83.33333333333333,False
R-HSA-937072,TRAF6-mediated induction of TAK1 complex within TLR4 complex,16,Seer Proteograph XT,56.25,Seer Proteograph XT + SomaSeq,81.25,25.0,87.5,False
R-HSA-9824878,"Regulation of TBK1, IKKε (IKBKE)-mediated activation of IRF3, IRF7 ",15,Seer Proteograph XT,66.66666666666666,Seer Proteograph XT + SomaSeq,86.66666666666667,20.000000000000007,93.33333333333333,False
R-HSA-975163,IRAK2 mediated activation of TAK1 complex upon TLR7/8 or 9 stimulation,15,Seer Proteograph XT,60.0,Seer Proteograph XT + SomaSeq,80.0,20.000000000000007,86.66666666666667,False
R-HSA-936964,"Activation of IRF3, IRF7 mediated by TBK1, IKKε (IKBKE)",19,SomaSeq,68.42105263157895,Seer Proteograph XT + SomaSeq,84.21052631578947,15.78947368421052,89.47368421052632,False
R-HSA-446107,R-HSA-446107,11,Biognosys TrueDiscovery,90.9090909090909,Seer Proteograph XT + SomaSeq,100.0,9.090909090909093,100.0,False
R-HSA-5621575,CD209 (DC-SIGN) signaling,18,Seer Proteograph XT,94.44444444444444,Seer Proteograph XT + SomaSeq,100.0,5.555555555555558,100.0,False
R-HSA-5690714,R-HSA-5690714,68,Seer Proteograph XT,77.94117647058823,Seer Proteograph XT + Biognosys TrueDiscovery,85.29411764705883,7.352941176470584,85.29411764705883,True
R-HSA-202430,Translocation of ZAP-70 to Immunological synapse,26,Seer Proteograph XT,65.38461538461539,Seer Proteograph XT + SomaSeq,76.92307692307693,11.538461538461542,76.92307692307692,False
R-HSA-2029481,FCGR activation,92,Seer Proteograph XT,79.34782608695652,Seer Proteograph XT + Biognosys TrueDiscovery,88.04347826086956,8.695652173913048,88.04347826086956,True
R-HSA-202427,Phosphorylation of CD3 and TCR zeta chains,28,Seer Proteograph XT,67.85714285714286,Seer Proteograph XT + SomaSeq,78.57142857142857,10.71428571428571,78.57142857142857,False
R-HSA-5669034,TNFs bind their physiological receptors,29,SomaSeq,86.20689655172413,SomaSeq + Olink Explore HT,96.55172413793103,10.344827586206906,96.55172413793103,True
R-HSA-9931295,R-HSA-9931295,19,Seer Proteograph XT,63.1578947368421,Seer Proteograph XT + SomaSeq,78.94736842105263,15.789473684210531,84.21052631578948,False
R-HSA-9701898,STAT3 nuclear events downstream of ALK signaling,11,Seer Proteograph XT,81.81818181818183,Seer Proteograph XT + SomaSeq,90.9090909090909,9.090909090909083,90.9090909090909,False
R-HSA-2160916,R-HSA-2160916,16,Seer Proteograph XT,81.25,Seer Proteograph XT + SomaSeq,93.75,12.5,93.75,False
R-HSA-391160,R-HSA-391160,18,SomaSeq,94.44444444444444,Seer Proteograph XT + SomaSeq,100.0,5.555555555555558,100.0,False
R-HSA-416700,R-HSA-416700,19,Seer Proteograph XT,84.21052631578947,Seer Proteograph XT + SomaSeq,94.73684210526315,10.526315789473683,94.73684210526316,False
R-HSA-73614,R-HSA-73614,11,SomaSeq,90.9090909090909,Seer Proteograph XT + SomaSeq,100.0,9.090909090909093,100.0,False
R-HSA-1362277,R-HSA-1362277,19,SomaSeq,68.42105263157895,Seer Proteograph XT + SomaSeq,84.21052631578947,15.78947368421052,89.47368421052632,False
R-HSA-8866652,R-HSA-8866652,30,SomaSeq,86.66666666666667,Seer Proteograph XT + SomaSeq,96.66666666666667,9.999999999999998,100.0,False
R-HSA-9634285,Constitutive Signaling by Overexpressed ERBB2,11,Seer Proteograph XT,90.9090909090909,Seer Proteograph XT + SomaSeq,100.0,9.090909090909093,100.0,False
R-HSA-9665348,Signaling by ERBB2 ECD mutants,16,Seer Proteograph XT,87.5,Seer Proteograph XT + SomaSeq,93.75,6.25,93.75,False
R-HSA-5625970,R-HSA-5625970,10,Seer Proteograph XT,100.0,Seer Proteograph XT + SomaSeq,100.0,0.0,100.0,False
R-HSA-114604,GPVI-mediated activation cascade,31,Seer Proteograph XT,93.54838709677419,Seer Proteograph XT + Nomic Omni,96.7741935483871,3.2258064516129115,96.7741935483871,True
R-HSA-9943411,CHD1 and CHD2 subfamily,66,Seer Proteograph XT,56.060606060606055,Seer Proteograph XT + SomaSeq,65.15151515151516,9.090909090909093,66.66666666666667,False
R-HSA-9823730,R-HSA-9823730,15,Seer Proteograph XT,46.666666666666664,Seer Proteograph XT + SomaSeq,60.0,13.33333333333333,60.0,False
R-HSA-9764725,Negative Regulation of CDH1 Gene Transcription,55,SomaSeq,47.27272727272727,Seer Proteograph XT + SomaSeq,60.0,12.727272727272727,60.0,False
R-HSA-9926550,R-HSA-9926550,13,Seer Proteograph XT,84.61538461538461,Seer Proteograph XT + SomaSeq,92.3076923076923,7.692307692307699,92.3076923076923,False
R-HSA-9762293,R-HSA-9762293,10,Seer Proteograph XT,50.0,Seer Proteograph XT + SomaSeq,70.0,19.999999999999996,70.0,False
R-HSA-9937850,NuRD complex assembly,56,Seer Proteograph XT,37.5,Seer Proteograph XT + SomaSeq,48.214285714285715,10.714285714285715,51.785714285714285,False
R-HSA-9940951,Interaction of NuRD complexes with transcription factors,50,Seer Proteograph XT,36.0,Seer Proteograph XT + SomaSeq,44.0,8.000000000000002,48.0,False
R-HSA-2122947,NOTCH1 Intracellular Domain Regulates Transcription,48,SomaSeq,58.333333333333336,Seer Proteograph XT + SomaSeq,79.16666666666666,20.833333333333325,83.33333333333333,False
R-HSA-9703465,Signaling by FLT3 fusion proteins,19,Seer Proteograph XT,78.94736842105263,Seer Proteograph XT + SomaSeq,89.47368421052632,10.526315789473683,89.47368421052632,False
R-HSA-5625900,R-HSA-5625900,19,SomaSeq,94.73684210526315,Seer Proteograph XT + SomaSeq,100.0,5.263157894736848,100.0,False
R-HSA-3232118,SUMOylation of transcription factors,20,SomaSeq,55.00000000000001,Seer Proteograph XT + SomaSeq,80.0,25.0,80.0,False
R-HSA-1566977,R-HSA-1566977,20,Seer Proteograph XT,80.0,Seer Proteograph XT + Olink Explore HT,90.0,9.999999999999998,95.0,True
R-HSA-606279,Deposition of new CENPA-containing nucleosomes at the centromere,46,Seer Proteograph XT,28.26086956521739,Seer Proteograph XT + SomaSeq,36.95652173913043,8.695652173913043,39.130434782608695,False
R-HSA-983189,Kinesins,64,Seer Proteograph XT,60.9375,Seer Proteograph XT + Olink Explore HT,85.9375,25.0,90.625,True
R-HSA-1483213,R-HSA-1483213,13,Seer Proteograph XT,92.3076923076923,Seer Proteograph XT + SomaSeq,100.0,7.692307692307687,100.0,False
R-HSA-9937080,R-HSA-9937080,23,SomaSeq,60.86956521739131,Seer Proteograph XT + SomaSeq,69.56521739130434,8.695652173913038,73.91304347826087,False
R-HSA-5578768,R-HSA-5578768,14,SomaSeq,71.42857142857143,Seer Proteograph XT + SomaSeq,78.57142857142857,7.14285714285714,85.71428571428571,False
R-HSA-5661231,R-HSA-5661231,12,Seer Proteograph XT,41.66666666666667,Seer Proteograph XT + Biognosys TrueDiscovery,50.0,8.333333333333332,50.0,True
R-HSA-5627117,R-HSA-5627117,18,Seer Proteograph XT,94.44444444444444,Seer Proteograph XT + SomaSeq,100.0,5.555555555555558,100.0,False
R-HSA-399954,Sema3A PAK dependent Axon repulsion,13,Seer Proteograph XT,92.3076923076923,Seer Proteograph XT + SomaSeq,100.0,7.692307692307687,100.0,False
R-HSA-1834941,R-HSA-1834941,16,Seer Proteograph XT,87.5,Seer Proteograph XT + SomaSeq,93.75,6.25,93.75,False
R-HSA-174403,R-HSA-174403,13,Seer Proteograph XT,69.23076923076923,SomaSeq + Biognosys TrueDiscovery,84.61538461538461,15.384615384615385,84.61538461538461,True
R-HSA-264642,R-HSA-264642,17,Seer Proteograph XT,47.05882352941176,Seer Proteograph XT + Olink Explore HT,70.58823529411765,23.529411764705888,76.47058823529412,True
R-HSA-5696400,R-HSA-5696400,38,Seer Proteograph XT,71.05263157894737,Seer Proteograph XT + SomaSeq,86.8421052631579,15.789473684210531,89.47368421052632,False
R-HSA-9981148,R-HSA-9981148,39,Seer Proteograph XT,66.66666666666666,Seer Proteograph XT + SomaSeq,89.74358974358975,23.076923076923084,89.74358974358974,False
R-HSA-8873719,R-HSA-8873719,66,Seer Proteograph XT,84.84848484848484,Seer Proteograph XT + SomaSeq,92.42424242424242,7.575757575757569,92.42424242424242,False
R-HSA-162588,R-HSA-162588,28,Seer Proteograph XT,85.71428571428571,Seer Proteograph XT + SomaSeq,92.85714285714286,7.142857142857151,96.42857142857143,False
R-HSA-917729,R-HSA-917729,31,Seer Proteograph XT,87.09677419354838,Seer Proteograph XT + SomaSeq,93.54838709677419,6.451612903225801,96.7741935483871,False
R-HSA-399997,R-HSA-399997,11,Seer Proteograph XT,90.9090909090909,Seer Proteograph XT + Olink Explore HT,100.0,9.090909090909093,100.0,True
R-HSA-629594,Highly calcium permeable postsynaptic nicotinic acetylcholine receptors,11,SomaSeq,27.27272727272727,Seer Proteograph XT + SomaSeq,27.27272727272727,0.0,27.272727272727273,False
R-HSA-181431,Acetylcholine binding and downstream events,14,SomaSeq,21.428571428571427,Seer Proteograph XT + SomaSeq,28.57142857142857,7.142857142857142,28.571428571428573,False
R-HSA-622323,Presynaptic nicotinic acetylcholine receptors,12,SomaSeq,25.0,Seer Proteograph XT + SomaSeq,33.33333333333333,8.333333333333332,33.333333333333336,False
R-HSA-622327,Postsynaptic nicotinic acetylcholine receptors,14,SomaSeq,21.428571428571427,Seer Proteograph XT + SomaSeq,28.57142857142857,7.142857142857142,28.571428571428573,False
R-HSA-975578,R-HSA-975578,10,Biognosys TrueDiscovery,80.0,Seer Proteograph XT + SomaSeq,80.0,0.0,80.0,False
R-HSA-1810476,R-HSA-1810476,17,SomaSeq,88.23529411764706,Seer Proteograph XT + SomaSeq,94.11764705882352,5.882352941176472,94.11764705882354,False
R-HSA-975144,R-HSA-975144,14,SomaSeq,64.28571428571429,Seer Proteograph XT + SomaSeq,85.71428571428571,21.42857142857142,92.85714285714286,False
R-HSA-937039,R-HSA-937039,14,SomaSeq,64.28571428571429,Seer Proteograph XT + SomaSeq,85.71428571428571,21.42857142857142,92.85714285714286,False
R-HSA-5684264,R-HSA-5684264,16,SomaSeq,75.0,SomaSeq + Olink Explore HT,87.5,12.5,87.5,True
R-HSA-1606322,R-HSA-1606322,21,SomaSeq,85.71428571428571,Seer Proteograph XT + SomaSeq,90.47619047619048,4.761904761904767,90.47619047619048,False
R-HSA-8866907,R-HSA-8866907,11,SomaSeq,54.54545454545454,Seer Proteograph XT + SomaSeq,54.54545454545454,0.0,54.54545454545455,False
R-HSA-6788467,IL-6-type cytokine receptor ligand interactions,18,SomaSeq,88.88888888888889,Seer Proteograph XT + SomaSeq,94.44444444444444,5.555555555555558,94.44444444444444,False
R-HSA-420029,Tight junction interactions,27,SomaSeq,22.22222222222222,SomaSeq + Olink Explore HT,33.33333333333333,11.11111111111111,40.74074074074074,True
R-HSA-5621480,Dectin-2 family,29,Seer Proteograph XT,58.620689655172406,Seer Proteograph XT + SomaSeq,72.41379310344827,13.793103448275868,79.3103448275862,False
R-HSA-264876,Insulin processing,24,Seer Proteograph XT,83.33333333333334,Seer Proteograph XT + SomaSeq,91.66666666666666,8.333333333333325,91.66666666666667,False
R-HSA-5620924,R-HSA-5620924,58,Seer Proteograph XT,55.172413793103445,Seer Proteograph XT + SomaSeq,67.24137931034483,12.06896551724138,72.41379310344827,False
R-HSA-1592389,Activation of Matrix Metalloproteinases,36,Seer Proteograph XT,86.11111111111111,Seer Proteograph XT + SomaSeq,97.22222222222221,11.111111111111105,97.22222222222223,False
R-HSA-4085001,R-HSA-4085001,33,SomaSeq,78.78787878787878,Seer Proteograph XT + SomaSeq,93.93939393939394,15.15151515151516,93.93939393939394,False
R-HSA-9864848,R-HSA-9864848,50,Seer Proteograph XT,78.0,Seer Proteograph XT + SomaSeq,90.0,12.0,90.0,False
R-HSA-4419969,Depolymerization of the Nuclear Lamina,16,Seer Proteograph XT,87.5,Seer Proteograph XT + SomaSeq,87.5,0.0,87.5,False
R-HSA-2485179,R-HSA-2485179,11,Seer Proteograph XT,36.36363636363637,Seer Proteograph XT + Olink Explore HT,54.54545454545454,18.181818181818176,54.54545454545455,True
R-HSA-1679131,R-HSA-1679131,14,SomaSeq,85.71428571428571,Seer Proteograph XT + SomaSeq,92.85714285714286,7.142857142857151,92.85714285714286,False
R-HSA-8948216,R-HSA-8948216,44,Seer Proteograph XT,65.9090909090909,Seer Proteograph XT + SomaSeq,86.36363636363636,20.45454545454546,93.18181818181819,False
R-HSA-8874081,R-HSA-8874081,30,Seer Proteograph XT,83.33333333333334,Seer Proteograph XT + SomaSeq,90.0,6.666666666666665,90.0,False
R-HSA-3000157,R-HSA-3000157,30,Seer Proteograph XT,70.0,Seer Proteograph XT + SomaSeq,76.66666666666667,6.666666666666677,83.33333333333333,False
R-HSA-430116,R-HSA-430116,12,Seer Proteograph XT,100.0,Seer Proteograph XT + SomaSeq,100.0,0.0,100.0,False
R-HSA-9931953,R-HSA-9931953,23,Seer Proteograph XT,65.21739130434783,Olink Explore HT + Biognosys TrueDiscovery,78.26086956521739,13.043478260869568,82.6086956521739,True
R-HSA-9638630,R-HSA-9638630,23,Seer Proteograph XT,65.21739130434783,Olink Explore HT + Biognosys TrueDiscovery,78.26086956521739,13.043478260869568,82.6086956521739,True
R-HSA-3371568,R-HSA-3371568,28,SomaSeq,78.57142857142857,Seer Proteograph XT + SomaSeq,85.71428571428571,7.14285714285714,89.28571428571429,False
R-HSA-3371511,R-HSA-3371511,30,SomaSeq,73.33333333333333,Seer Proteograph XT + SomaSeq,86.66666666666667,13.333333333333341,90.0,False
R-HSA-2142789,R-HSA-2142789,13,Seer Proteograph XT,84.61538461538461,Seer Proteograph XT + SomaSeq,84.61538461538461,0.0,84.61538461538461,False
R-HSA-9636383,R-HSA-9636383,10,SomaSeq,90.0,SomaSeq + Olink Explore HT,100.0,9.999999999999998,100.0,True
R-HSA-77595,R-HSA-77595,19,Seer Proteograph XT,78.94736842105263,Seer Proteograph XT + SomaSeq,94.73684210526315,15.78947368421052,94.73684210526316,False
R-HSA-73856,R-HSA-73856,28,Seer Proteograph XT,64.28571428571429,Seer Proteograph XT + SomaSeq,85.71428571428571,21.42857142857142,85.71428571428571,False
R-HSA-73780,R-HSA-73780,19,Seer Proteograph XT,68.42105263157895,Seer Proteograph XT + SomaSeq,84.21052631578947,15.78947368421052,84.21052631578948,False
R-HSA-73980,R-HSA-73980,24,Seer Proteograph XT,66.66666666666666,Seer Proteograph XT + SomaSeq,79.16666666666666,12.5,79.16666666666667,False
R-HSA-2197563,R-HSA-2197563,11,SomaSeq,63.63636363636363,Seer Proteograph XT + SomaSeq,63.63636363636363,0.0,63.63636363636363,False
R-HSA-9022699,R-HSA-9022699,18,SomaSeq,61.111111111111114,Seer Proteograph XT + SomaSeq,77.77777777777779,16.666666666666664,88.88888888888889,False
R-HSA-881907,Gastrin-CREB signalling pathway via PKC and MAPK,18,Seer Proteograph XT,94.44444444444444,Seer Proteograph XT + SomaSeq,94.44444444444444,0.0,94.44444444444444,False
R-HSA-9819196,Zygotic genome activation (ZGA),18,SomaSeq,33.33333333333333,Seer Proteograph XT + SomaSeq,44.44444444444444,11.11111111111111,44.44444444444444,False
R-HSA-350054,R-HSA-350054,28,Seer Proteograph XT,75.0,Seer Proteograph XT + SomaSeq,85.71428571428571,10.71428571428571,85.71428571428571,False
R-HSA-9617629,R-HSA-9617629,10,Seer Proteograph XT,100.0,Seer Proteograph XT + SomaSeq,100.0,0.0,100.0,False
R-HSA-918233,TRAF3-dependent IRF activation pathway,15,Seer Proteograph XT,86.66666666666667,Seer Proteograph XT + SomaSeq,93.33333333333333,6.666666666666665,93.33333333333333,False
R-HSA-210744,R-HSA-210744,16,SomaSeq,56.25,Seer Proteograph XT + SomaSeq,62.5,6.25,62.5,False
R-HSA-9833109,R-HSA-9833109,34,SomaSeq,76.47058823529412,Seer Proteograph XT + SomaSeq,88.23529411764706,11.764705882352944,94.11764705882354,False
R-HSA-9013508,R-HSA-9013508,25,SomaSeq,56.00000000000001,Seer Proteograph XT + SomaSeq,72.0,15.999999999999993,76.0,False
R-HSA-933541,TRAF6 mediated IRF7 activation,30,SomaSeq,73.33333333333333,Seer Proteograph XT + SomaSeq,86.66666666666667,13.333333333333341,86.66666666666667,False
R-HSA-8941856,R-HSA-8941856,14,SomaSeq,64.28571428571429,Seer Proteograph XT + SomaSeq,71.42857142857143,7.14285714285714,71.42857142857143,False
R-HSA-8875555,R-HSA-8875555,11,Seer Proteograph XT,90.9090909090909,Seer Proteograph XT + SomaSeq,100.0,9.090909090909093,100.0,False
R-HSA-9027284,Erythropoietin activates RAS,13,SomaSeq,92.3076923076923,Seer Proteograph XT + SomaSeq,100.0,7.692307692307687,100.0,False
R-HSA-9006335,Signaling by Erythropoietin,24,Seer Proteograph XT,87.5,Seer Proteograph XT + SomaSeq,95.83333333333334,8.333333333333337,95.83333333333333,False
R-HSA-399956,CRMPs in Sema3A signaling,16,SomaSeq,81.25,Seer Proteograph XT + SomaSeq,87.5,6.25,87.5,False
R-HSA-9931530,R-HSA-9931530,14,Seer Proteograph XT,57.14285714285714,Seer Proteograph XT + SomaSeq,71.42857142857143,14.28571428571429,71.42857142857143,False
R-HSA-451927,R-HSA-451927,42,SomaSeq,76.19047619047619,Seer Proteograph XT + Olink Explore HT,95.23809523809523,19.047619047619047,95.23809523809524,True
R-HSA-912526,R-HSA-912526,27,SomaSeq,74.07407407407408,Seer Proteograph XT + SomaSeq,96.29629629629629,22.22222222222222,96.29629629629629,False
R-HSA-9705462,R-HSA-9705462,26,SomaSeq,84.61538461538461,Seer Proteograph XT + SomaSeq,96.15384615384616,11.538461538461542,100.0,False
R-HSA-9674555,Signaling by CSF3 (G-CSF),31,SomaSeq,83.87096774193549,Seer Proteograph XT + SomaSeq,96.7741935483871,12.903225806451612,100.0,False
R-HSA-1170546,R-HSA-1170546,15,SomaSeq,93.33333333333333,Seer Proteograph XT + SomaSeq,93.33333333333333,0.0,93.33333333333333,False
R-HSA-9694631,R-HSA-9694631,15,Seer Proteograph XT,93.33333333333333,Seer Proteograph XT + SomaSeq,93.33333333333333,0.0,93.33333333333333,False
R-HSA-445144,Signal transduction by L1,19,Seer Proteograph XT,78.94736842105263,Seer Proteograph XT + SomaSeq,78.94736842105263,0.0,78.94736842105263,False
R-HSA-9828806,R-HSA-9828806,14,Seer Proteograph XT,78.57142857142857,Seer Proteograph XT + SomaSeq,85.71428571428571,7.14285714285714,85.71428571428571,False
R-HSA-167242,R-HSA-167242,21,Seer Proteograph XT,90.47619047619048,Seer Proteograph XT + SomaSeq,100.0,9.523809523809524,100.0,False
R-HSA-381771,"Synthesis, secretion, and inactivation of Glucagon-like Peptide-1 (GLP-1)",23,Seer Proteograph XT,56.52173913043478,Seer Proteograph XT + SomaSeq,65.21739130434783,8.695652173913048,65.21739130434783,False
R-HSA-9733709,R-HSA-9733709,23,SomaSeq,73.91304347826086,SomaSeq + Olink Explore HT,78.26086956521739,4.34782608695653,78.26086956521739,True
R-HSA-9796292,R-HSA-9796292,13,SomaSeq,61.53846153846154,Seer Proteograph XT + SomaSeq,76.92307692307693,15.384615384615385,76.92307692307692,False
R-HSA-196791,R-HSA-196791,10,SomaSeq,80.0,SomaSeq + Olink Explore HT,90.0,9.999999999999998,90.0,True
R-HSA-9684482,R-HSA-9684482,45,Seer Proteograph XT,95.55555555555556,Seer Proteograph XT + SomaSeq,95.55555555555556,0.0,95.55555555555556,False
R-HSA-110314,R-HSA-110314,30,Seer Proteograph XT,66.66666666666666,Seer Proteograph XT + SomaSeq,86.66666666666667,20.000000000000007,93.33333333333333,False
R-HSA-5668599,R-HSA-5668599,25,Seer Proteograph XT,84.0,Seer Proteograph XT + SomaSeq,92.0,8.000000000000007,92.0,False
R-HSA-9673324,R-HSA-9673324,11,SomaSeq,72.72727272727273,Seer Proteograph XT + SomaSeq,90.9090909090909,18.181818181818176,90.9090909090909,False
R-HSA-194002,R-HSA-194002,10,SomaSeq,70.0,Seer Proteograph XT + SomaSeq,70.0,0.0,70.0,False
R-HSA-193048,R-HSA-193048,11,SomaSeq,36.36363636363637,SomaSeq + Olink Explore HT,54.54545454545454,18.181818181818176,54.54545454545455,True
R-HSA-211999,CYP2E1 reactions,11,SomaSeq,72.72727272727273,Seer Proteograph XT + SomaSeq,81.81818181818183,9.090909090909093,81.81818181818181,False
R-HSA-211958,Miscellaneous substrates,12,Seer Proteograph XT,41.66666666666667,Seer Proteograph XT + SomaSeq,66.66666666666666,24.999999999999993,66.66666666666667,False
R-HSA-211979,R-HSA-211979,12,SomaSeq,41.66666666666667,Seer Proteograph XT + SomaSeq,58.333333333333336,16.666666666666668,58.333333333333336,False
R-HSA-2453902,R-HSA-2453902,22,SomaSeq,54.54545454545454,Seer Proteograph XT + SomaSeq,72.72727272727273,18.181818181818187,72.72727272727273,False
R-HSA-9857492,R-HSA-9857492,10,Seer Proteograph XT,90.0,Seer Proteograph XT + SomaSeq,100.0,9.999999999999998,100.0,False
R-HSA-418890,R-HSA-418890,10,Seer Proteograph XT,60.0,Seer Proteograph XT + SomaSeq,70.0,9.999999999999998,70.0,False
R-HSA-428542,R-HSA-428542,11,SomaSeq,100.0,Seer Proteograph XT + SomaSeq,100.0,0.0,100.0,False
R-HSA-450513,R-HSA-450513,17,Seer Proteograph XT,94.11764705882352,Seer Proteograph XT + SomaSeq,100.0,5.882352941176472,100.0,False
R-HSA-430039,R-HSA-430039,15,Seer Proteograph XT,86.66666666666667,Seer Proteograph XT + SomaSeq,93.33333333333333,6.666666666666665,93.33333333333333,False
R-HSA-429958,R-HSA-429958,17,Seer Proteograph XT,94.11764705882352,Seer Proteograph XT + SomaSeq,94.11764705882352,0.0,94.11764705882354,False
R-HSA-9754678,R-HSA-9754678,36,Seer Proteograph XT,80.55555555555556,Seer Proteograph XT + SomaSeq,94.44444444444444,13.888888888888884,94.44444444444444,False
R-HSA-72165,R-HSA-72165,49,Seer Proteograph XT,83.6734693877551,Seer Proteograph XT + SomaSeq,93.87755102040816,10.204081632653061,95.91836734693878,False
R-HSA-3134975,R-HSA-3134975,15,SomaSeq,80.0,Seer Proteograph XT + SomaSeq,86.66666666666667,6.666666666666665,93.33333333333333,False
R-HSA-3270619,R-HSA-3270619,13,Seer Proteograph XT,84.61538461538461,Seer Proteograph XT + SomaSeq,92.3076923076923,7.692307692307699,92.3076923076923,False
R-HSA-71336,Pentose phosphate pathway,15,Seer Proteograph XT,86.66666666666667,Seer Proteograph XT + Olink Explore HT,93.33333333333333,6.666666666666665,93.33333333333333,True
R-HSA-75109,R-HSA-75109,14,Seer Proteograph XT,50.0,Seer Proteograph XT + SomaSeq,64.28571428571429,14.28571428571429,64.28571428571429,False
R-HSA-9820865,R-HSA-9820865,11,Seer Proteograph XT,90.9090909090909,Seer Proteograph XT + SomaSeq,100.0,9.090909090909093,100.0,False
R-HSA-2892245,R-HSA-2892245,10,SomaSeq,60.0,Seer Proteograph XT + SomaSeq,60.0,0.0,60.0,False
R-HSA-3772470,R-HSA-3772470,12,SomaSeq,100.0,Seer Proteograph XT + SomaSeq,100.0,0.0,100.0,False
R-HSA-452723,R-HSA-452723,34,SomaSeq,58.82352941176471,SomaSeq + Olink Explore HT,67.64705882352942,8.823529411764708,67.6470588235294,True
R-HSA-204174,R-HSA-204174,16,Seer Proteograph XT,68.75,Seer Proteograph XT + SomaSeq,81.25,12.5,81.25,False
R-HSA-8849932,R-HSA-8849932,21,SomaSeq,71.42857142857143,Seer Proteograph XT + SomaSeq,76.19047619047619,4.761904761904756,80.95238095238095,False
R-HSA-9831926,R-HSA-9831926,11,SomaSeq,45.45454545454545,Seer Proteograph XT + SomaSeq,54.54545454545454,9.090909090909088,63.63636363636363,False
R-HSA-69166,R-HSA-69166,14,Seer Proteograph XT,92.85714285714286,Seer Proteograph XT + SomaSeq,100.0,7.14285714285714,100.0,False
R-HSA-69183,R-HSA-69183,15,Seer Proteograph XT,93.33333333333333,Seer Proteograph XT + SomaSeq,100.0,6.666666666666665,100.0,False
R-HSA-192823,R-HSA-192823,58,Seer Proteograph XT,81.03448275862068,Seer Proteograph XT + SomaSeq,82.75862068965517,1.7241379310344862,84.48275862068965,False
R-HSA-9710421,Defective pyroptosis,34,Seer Proteograph XT,32.35294117647059,Seer Proteograph XT + SomaSeq,35.294117647058826,2.941176470588236,35.294117647058826,False
R-HSA-5334118,DNA methylation,26,SomaSeq,11.538461538461538,Seer Proteograph XT + SomaSeq,15.384615384615385,3.8461538461538463,15.384615384615385,False
R-HSA-400511,R-HSA-400511,13,Seer Proteograph XT,61.53846153846154,Seer Proteograph XT + SomaSeq,76.92307692307693,15.384615384615385,76.92307692307692,False
R-HSA-9821002,Chromatin modifications during the maternal to zygotic transition (MZT),33,Seer Proteograph XT,18.181818181818183,Seer Proteograph XT + SomaSeq,30.303030303030305,12.121212121212121,30.303030303030305,False
R-HSA-2892247,R-HSA-2892247,14,SomaSeq,64.28571428571429,SomaSeq + Olink Explore HT,71.42857142857143,7.14285714285714,71.42857142857143,True
R-HSA-112409,RAF-independent MAPK1/3 activation,23,SomaSeq,73.91304347826086,Seer Proteograph XT + SomaSeq,82.6086956521739,8.695652173913048,82.6086956521739,False
R-HSA-198753,R-HSA-198753,22,Seer Proteograph XT,81.81818181818183,Seer Proteograph XT + SomaSeq,100.0,18.181818181818176,100.0,False
R-HSA-202670,R-HSA-202670,13,Seer Proteograph XT,92.3076923076923,Seer Proteograph XT + SomaSeq,100.0,7.692307692307687,100.0,False
R-HSA-9752946,Expression and translocation of olfactory receptors,412,SomaSeq,0.7281553398058253,Seer Proteograph XT + SomaSeq,1.2135922330097086,0.48543689320388345,1.4563106796116505,False
R-HSA-156902,R-HSA-156902,58,Seer Proteograph XT,81.03448275862068,Seer Proteograph XT + SomaSeq,82.75862068965517,1.7241379310344862,84.48275862068965,False
R-HSA-156842,R-HSA-156842,63,Seer Proteograph XT,80.95238095238095,Seer Proteograph XT + SomaSeq,84.12698412698413,3.1746031746031744,85.71428571428571,False
R-HSA-9735869,R-HSA-9735869,22,Seer Proteograph XT,90.9090909090909,Seer Proteograph XT + SomaSeq,90.9090909090909,0.0,90.9090909090909,False
R-HSA-2408557,R-HSA-2408557,62,Seer Proteograph XT,79.03225806451613,Seer Proteograph XT + SomaSeq,80.64516129032258,1.6129032258064502,82.25806451612904,False
R-HSA-3928663,EPHA-mediated growth cone collapse,29,SomaSeq,93.10344827586206,Seer Proteograph XT + SomaSeq,100.0,6.896551724137934,100.0,False
R-HSA-2179392,EGFR Transactivation by Gastrin,10,Seer Proteograph XT,100.0,Seer Proteograph XT + SomaSeq,100.0,0.0,100.0,False
R-HSA-72706,R-HSA-72706,82,Seer Proteograph XT,86.58536585365853,Seer Proteograph XT + SomaSeq,87.8048780487805,1.2195121951219523,89.02439024390245,False
R-HSA-156827,R-HSA-156827,81,Seer Proteograph XT,86.41975308641975,Seer Proteograph XT + SomaSeq,87.65432098765432,1.2345679012345734,88.88888888888889,False
R-HSA-72689,R-HSA-72689,70,Seer Proteograph XT,84.28571428571429,Seer Proteograph XT + SomaSeq,85.71428571428571,1.4285714285714235,87.14285714285714,False
R-HSA-72695,R-HSA-72695,38,Seer Proteograph XT,94.73684210526315,Seer Proteograph XT + SomaSeq,94.73684210526315,0.0,94.73684210526316,False
R-HSA-72649,R-HSA-72649,45,Seer Proteograph XT,95.55555555555556,Seer Proteograph XT + SomaSeq,95.55555555555556,0.0,95.55555555555556,False
R-HSA-72702,R-HSA-72702,45,Seer Proteograph XT,95.55555555555556,Seer Proteograph XT + SomaSeq,95.55555555555556,0.0,95.55555555555556,False
R-HSA-72662,R-HSA-72662,46,Seer Proteograph XT,95.65217391304348,Seer Proteograph XT + SomaSeq,95.65217391304348,0.0,95.65217391304348,False
R-HSA-9840373,R-HSA-9840373,10,Seer Proteograph XT,90.0,Seer Proteograph XT + SomaSeq,90.0,0.0,90.0,False
R-HSA-4755510,SUMOylation of immune response proteins,12,Seer Proteograph XT,83.33333333333334,Seer Proteograph XT + SomaSeq,91.66666666666666,8.333333333333325,91.66666666666667,False
R-HSA-975956,R-HSA-975956,64,Seer Proteograph XT,82.8125,Seer Proteograph XT + SomaSeq,84.375,1.5625,85.9375,False
R-HSA-6785470,R-HSA-6785470,20,Seer Proteograph XT,75.0,Seer Proteograph XT + SomaSeq,80.0,5.000000000000004,80.0,False
R-HSA-8868766,R-HSA-8868766,31,Seer Proteograph XT,64.51612903225806,Seer Proteograph XT + SomaSeq,77.41935483870968,12.903225806451612,80.64516129032258,False
R-HSA-3322077,R-HSA-3322077,13,Seer Proteograph XT,61.53846153846154,Seer Proteograph XT + SomaSeq,76.92307692307693,15.384615384615385,84.61538461538461,False
R-HSA-9027276,R-HSA-9027276,12,Seer Proteograph XT,75.0,Seer Proteograph XT + SomaSeq,91.66666666666666,16.666666666666664,91.66666666666667,False
R-HSA-1296072,Voltage gated Potassium channels,45,SomaSeq,17.77777777777778,SomaSeq + Olink Explore HT,24.444444444444443,6.666666666666665,26.666666666666668,True
R-HSA-2468052,R-HSA-2468052,11,Seer Proteograph XT,81.81818181818183,Seer Proteograph XT + SomaSeq,81.81818181818183,0.0,81.81818181818181,False
R-HSA-5689896,Ovarian tumor domain proteases,39,SomaSeq,71.7948717948718,Seer Proteograph XT + SomaSeq,82.05128205128204,10.256410256410254,89.74358974358974,False
R-HSA-6803529,R-HSA-6803529,24,Seer Proteograph XT,79.16666666666666,Seer Proteograph XT + SomaSeq,100.0,20.833333333333336,100.0,False
R-HSA-9913635,R-HSA-9913635,12,Seer Proteograph XT,66.66666666666666,Seer Proteograph XT + SomaSeq,75.0,8.333333333333337,83.33333333333333,False
R-HSA-9935598,R-HSA-9935598,10,Seer Proteograph XT,90.0,Seer Proteograph XT + SomaSeq,90.0,0.0,90.0,False
R-HSA-9769733,Fibrin formation,13,Seer Proteograph XT,76.92307692307693,Seer Proteograph XT + SomaSeq,76.92307692307693,0.0,76.92307692307692,False
R-HSA-399955,SEMA3A-Plexin repulsion signaling by inhibiting Integrin adhesion,14,Seer Proteograph XT,78.57142857142857,Seer Proteograph XT + SomaSeq,92.85714285714286,14.28571428571429,100.0,False
R-HSA-6803211,TP53 Regulates Transcription of Death Receptors and Ligands,12,SomaSeq,75.0,SomaSeq + Olink Explore HT,100.0,25.0,100.0,True
R-HSA-9837092,R-HSA-9837092,19,Seer Proteograph XT,68.42105263157895,Seer Proteograph XT + SomaSeq,78.94736842105263,10.526315789473683,78.94736842105263,False
R-HSA-9836573,R-HSA-9836573,26,Seer Proteograph XT,76.92307692307693,Seer Proteograph XT + SomaSeq,84.61538461538461,7.692307692307687,84.61538461538461,False
R-HSA-1799339,R-HSA-1799339,80,Seer Proteograph XT,81.25,Seer Proteograph XT + SomaSeq,85.0,3.749999999999998,86.25,False
R-HSA-2730905,Role of LAT2/NTAL/LAB on calcium mobilization,94,Seer Proteograph XT,79.7872340425532,Seer Proteograph XT + Biognosys TrueDiscovery,86.17021276595744,6.382978723404253,87.23404255319149,True
R-HSA-2871796,FCERI mediated MAPK activation,103,Seer Proteograph XT,80.58252427184466,Seer Proteograph XT + Biognosys TrueDiscovery,86.40776699029125,5.825242718446599,89.32038834951456,True
R-HSA-1362409,R-HSA-1362409,13,Seer Proteograph XT,92.3076923076923,Seer Proteograph XT + SomaSeq,92.3076923076923,0.0,92.3076923076923,False
R-HSA-5685939,R-HSA-5685939,12,SomaSeq,66.66666666666666,Seer Proteograph XT + SomaSeq,83.33333333333334,16.666666666666675,91.66666666666667,False
R-HSA-190377,FGFR2b ligand binding and activation,10,SomaSeq,100.0,Seer Proteograph XT + SomaSeq,100.0,0.0,100.0,False
R-HSA-5654695,PI-3K cascade:FGFR2,23,SomaSeq,95.65217391304348,Seer Proteograph XT + SomaSeq,95.65217391304348,0.0,95.65217391304348,False
R-HSA-5655332,Signaling by FGFR3 in disease,22,SomaSeq,95.45454545454545,Seer Proteograph XT + SomaSeq,95.45454545454545,0.0,95.45454545454545,False
R-HSA-5654221,Phospholipase C-mediated cascade; FGFR2,18,SomaSeq,100.0,Seer Proteograph XT + SomaSeq,100.0,0.0,100.0,False
R-HSA-5654689,PI-3K cascade:FGFR1,22,SomaSeq,95.45454545454545,Seer Proteograph XT + SomaSeq,95.45454545454545,0.0,95.45454545454545,False
R-HSA-5654712,FRS-mediated FGFR4 signaling,22,SomaSeq,95.45454545454545,Seer Proteograph XT + SomaSeq,95.45454545454545,0.0,95.45454545454545,False
R-HSA-5654687,Downstream signaling of activated FGFR1,32,SomaSeq,93.75,Seer Proteograph XT + SomaSeq,93.75,0.0,93.75,False
R-HSA-5654719,SHC-mediated cascade:FGFR4,20,SomaSeq,100.0,Seer Proteograph XT + SomaSeq,100.0,0.0,100.0,False
R-HSA-8851708,Signaling by FGFR2 IIIa TM,17,Seer Proteograph XT,82.35294117647058,Seer Proteograph XT + SomaSeq,100.0,17.647058823529417,100.0,False
R-HSA-5654700,FRS-mediated FGFR2 signaling,25,SomaSeq,96.0,Seer Proteograph XT + SomaSeq,96.0,0.0,96.0,False
R-HSA-5654704,SHC-mediated cascade:FGFR3,18,SomaSeq,100.0,Seer Proteograph XT + SomaSeq,100.0,0.0,100.0,False
R-HSA-5654699,SHC-mediated cascade:FGFR2,23,SomaSeq,100.0,Seer Proteograph XT + SomaSeq,100.0,0.0,100.0,False
R-HSA-5654688,SHC-mediated cascade:FGFR1,22,SomaSeq,100.0,Seer Proteograph XT + SomaSeq,100.0,0.0,100.0,False
R-HSA-5655253,Signaling by FGFR2 in disease,41,SomaSeq,85.36585365853658,Seer Proteograph XT + SomaSeq,97.5609756097561,12.195121951219512,97.5609756097561,False
R-HSA-190322,FGFR4 ligand binding and activation,14,SomaSeq,100.0,Seer Proteograph XT + SomaSeq,100.0,0.0,100.0,False
R-HSA-190375,FGFR2c ligand binding and activation,13,SomaSeq,100.0,Seer Proteograph XT + SomaSeq,100.0,0.0,100.0,False
R-HSA-1839130,Signaling by activated point mutants of FGFR3,12,SomaSeq,100.0,Seer Proteograph XT + SomaSeq,100.0,0.0,100.0,False
R-HSA-2033514,FGFR3 mutant receptor activation,12,SomaSeq,100.0,Seer Proteograph XT + SomaSeq,100.0,0.0,100.0,False
R-HSA-1839126,FGFR2 mutant receptor activation,31,SomaSeq,83.87096774193549,Seer Proteograph XT + SomaSeq,100.0,16.129032258064512,100.0,False
R-HSA-190372,FGFR3c ligand binding and activation,13,SomaSeq,100.0,Seer Proteograph XT + SomaSeq,100.0,0.0,100.0,False
R-HSA-5654710,PI-3K cascade:FGFR3,18,SomaSeq,94.44444444444444,Seer Proteograph XT + SomaSeq,94.44444444444444,0.0,94.44444444444444,False
R-HSA-5654227,Phospholipase C-mediated cascade; FGFR3,13,SomaSeq,100.0,Seer Proteograph XT + SomaSeq,100.0,0.0,100.0,False
R-HSA-5654693,FRS-mediated FGFR1 signaling,24,SomaSeq,95.83333333333334,Seer Proteograph XT + SomaSeq,95.83333333333334,0.0,95.83333333333333,False
R-HSA-5654706,FRS-mediated FGFR3 signaling,20,SomaSeq,95.0,Seer Proteograph XT + SomaSeq,95.0,0.0,95.0,False
R-HSA-2033519,Activated point mutants of FGFR2,17,SomaSeq,100.0,Seer Proteograph XT + SomaSeq,100.0,0.0,100.0,False
R-HSA-5654219,Phospholipase C-mediated cascade: FGFR1,17,SomaSeq,100.0,Seer Proteograph XT + SomaSeq,100.0,0.0,100.0,False
R-HSA-1839122,Signaling by activated point mutants of FGFR1,12,SomaSeq,100.0,Seer Proteograph XT + SomaSeq,100.0,0.0,100.0,False
R-HSA-5654228,Phospholipase C-mediated cascade; FGFR4,15,SomaSeq,100.0,Seer Proteograph XT + SomaSeq,100.0,0.0,100.0,False
R-HSA-5654720,PI-3K cascade:FGFR4,20,SomaSeq,95.0,Seer Proteograph XT + SomaSeq,95.0,0.0,95.0,False
R-HSA-5658623,R-HSA-5658623,13,SomaSeq,100.0,Seer Proteograph XT + SomaSeq,100.0,0.0,100.0,False
R-HSA-189200,Cellular hexose transport,21,Seer Proteograph XT,42.857142857142854,Seer Proteograph XT + SomaSeq,47.61904761904761,4.761904761904762,47.61904761904762,False
R-HSA-9832991,R-HSA-9832991,10,SomaSeq,60.0,Seer Proteograph XT + SomaSeq,70.0,9.999999999999998,70.0,False
R-HSA-5655291,Signaling by FGFR4 in disease,11,SomaSeq,90.9090909090909,Seer Proteograph XT + SomaSeq,90.9090909090909,0.0,90.9090909090909,False
R-HSA-1660517,R-HSA-1660517,11,Seer Proteograph XT,72.72727272727273,Seer Proteograph XT + SomaSeq,90.9090909090909,18.181818181818176,90.9090909090909,False
R-HSA-1660516,R-HSA-1660516,15,Seer Proteograph XT,93.33333333333333,Seer Proteograph XT + SomaSeq,93.33333333333333,0.0,93.33333333333333,False
R-HSA-209822,R-HSA-209822,10,SomaSeq,60.0,Seer Proteograph XT + SomaSeq,70.0,9.999999999999998,70.0,False
R-HSA-209952,R-HSA-209952,12,SomaSeq,66.66666666666666,Seer Proteograph XT + SomaSeq,75.0,8.333333333333337,75.0,False
R-HSA-375281,R-HSA-375281,13,SomaSeq,69.23076923076923,Seer Proteograph XT + SomaSeq,69.23076923076923,0.0,69.23076923076923,False
R-HSA-175474,R-HSA-175474,16,Seer Proteograph XT,75.0,Seer Proteograph XT + SomaSeq,87.5,12.5,93.75,False
R-HSA-210990,PECAM1 interactions,11,Seer Proteograph XT,90.9090909090909,Seer Proteograph XT + SomaSeq,90.9090909090909,0.0,90.9090909090909,False
R-HSA-9670439,"Signaling by phosphorylated juxtamembrane, extracellular and kinase domain KIT mutants",19,Seer Proteograph XT,94.73684210526315,Seer Proteograph XT + SomaSeq,94.73684210526315,0.0,94.73684210526316,False
R-HSA-4641263,R-HSA-4641263,21,SomaSeq,90.47619047619048,Seer Proteograph XT + SomaSeq,95.23809523809523,4.761904761904756,100.0,False
R-HSA-8983432,R-HSA-8983432,14,Seer Proteograph XT,78.57142857142857,Seer Proteograph XT + SomaSeq,100.0,21.42857142857143,100.0,False
R-HSA-420499,Class C/3 (Metabotropic glutamate/pheromone receptors),40,SomaSeq,25.0,Seer Proteograph XT + SomaSeq,25.0,0.0,25.0,False
R-HSA-997272,Inhibition  of voltage gated Ca2+ channels via Gbeta/gamma subunits,30,Seer Proteograph XT,43.333333333333336,Seer Proteograph XT + SomaSeq,56.666666666666664,13.33333333333333,60.0,False
R-HSA-1296041,Activation of G protein gated Potassium channels,30,Seer Proteograph XT,43.333333333333336,Seer Proteograph XT + SomaSeq,56.666666666666664,13.33333333333333,60.0,False
R-HSA-5083636,R-HSA-5083636,19,Seer Proteograph XT,47.368421052631575,Olink Explore HT + Biognosys TrueDiscovery,63.1578947368421,15.789473684210526,68.42105263157895,True
R-HSA-5083625,R-HSA-5083625,19,Seer Proteograph XT,47.368421052631575,Olink Explore HT + Biognosys TrueDiscovery,63.1578947368421,15.789473684210526,68.42105263157895,True
R-HSA-9823739,R-HSA-9823739,11,SomaSeq,63.63636363636363,Seer Proteograph XT + SomaSeq,72.72727272727273,9.090909090909093,72.72727272727273,False
R-HSA-190861,R-HSA-190861,38,Seer Proteograph XT,42.10526315789473,Seer Proteograph XT + SomaSeq,52.63157894736842,10.526315789473683,60.526315789473685,False
R-HSA-190872,R-HSA-190872,21,Seer Proteograph XT,66.66666666666666,Seer Proteograph XT + Olink Explore HT,76.19047619047619,9.523809523809524,80.95238095238095,True
R-HSA-190840,R-HSA-190840,20,Seer Proteograph XT,70.0,Seer Proteograph XT + Olink Explore HT,80.0,10.000000000000009,85.0,True
R-HSA-418592,R-HSA-418592,25,Seer Proteograph XT,76.0,Seer Proteograph XT + SomaSeq,80.0,4.0000000000000036,84.0,False
R-HSA-202040,R-HSA-202040,24,Seer Proteograph XT,66.66666666666666,Seer Proteograph XT + SomaSeq,79.16666666666666,12.5,83.33333333333333,False
R-HSA-392170,R-HSA-392170,22,Seer Proteograph XT,72.72727272727273,Seer Proteograph XT + SomaSeq,77.27272727272727,4.545454545454541,81.81818181818181,False
R-HSA-392851,R-HSA-392851,19,Seer Proteograph XT,68.42105263157895,Seer Proteograph XT + SomaSeq,73.68421052631578,5.263157894736836,78.94736842105263,False
R-HSA-9717207,"Sensory perception of sweet, bitter, and umami (glutamate) taste",41,SomaSeq,19.51219512195122,Seer Proteograph XT + SomaSeq,29.268292682926827,9.756097560975608,31.70731707317073,False
R-HSA-500657,R-HSA-500657,21,Seer Proteograph XT,71.42857142857143,Seer Proteograph XT + SomaSeq,76.19047619047619,4.761904761904756,80.95238095238095,False
R-HSA-418217,R-HSA-418217,20,Seer Proteograph XT,70.0,Seer Proteograph XT + SomaSeq,75.0,5.000000000000004,80.0,False
R-HSA-9856872,R-HSA-9856872,10,Seer Proteograph XT,80.0,Seer Proteograph XT + SomaSeq,90.0,9.999999999999998,90.0,False
R-HSA-74749,Signal attenuation,10,Seer Proteograph XT,90.0,Seer Proteograph XT + SomaSeq,90.0,0.0,90.0,False
R-HSA-8851805,MET activates RAS signaling,11,Seer Proteograph XT,90.9090909090909,Seer Proteograph XT + SomaSeq,100.0,9.090909090909093,100.0,False
R-HSA-167044,Signalling to RAS,20,SomaSeq,90.0,SomaSeq + Olink Explore HT,95.0,4.999999999999993,95.0,True
R-HSA-9673770,Signaling by PDGFRA extracellular domain mutants,12,Seer Proteograph XT,91.66666666666666,Seer Proteograph XT + SomaSeq,91.66666666666666,0.0,91.66666666666667,False
R-HSA-9673767,"Signaling by PDGFRA transmembrane, juxtamembrane and kinase domain mutants",12,Seer Proteograph XT,91.66666666666666,Seer Proteograph XT + SomaSeq,91.66666666666666,0.0,91.66666666666667,False
R-HSA-9683610,R-HSA-9683610,11,Seer Proteograph XT,90.9090909090909,Seer Proteograph XT + SomaSeq,90.9090909090909,0.0,90.9090909090909,False
R-HSA-392154,R-HSA-392154,23,SomaSeq,60.86956521739131,Seer Proteograph XT + SomaSeq,73.91304347826086,13.043478260869556,82.6086956521739,False
R-HSA-9821993,Replacement of protamines by nucleosomes in the male pronucleus,19,Seer Proteograph XT,15.789473684210526,Seer Proteograph XT + SomaSeq,21.052631578947366,5.263157894736842,21.05263157894737,False
R-HSA-171007,p38MAPK events,13,SomaSeq,92.3076923076923,Seer Proteograph XT + SomaSeq,92.3076923076923,0.0,92.3076923076923,False
R-HSA-6787450,R-HSA-6787450,11,Seer Proteograph XT,72.72727272727273,Seer Proteograph XT + SomaSeq,72.72727272727273,0.0,72.72727272727273,False
R-HSA-390666,Serotonin receptors,12,SomaSeq,25.0,SomaSeq + Olink Explore HT,41.66666666666667,16.666666666666668,41.666666666666664,True
R-HSA-442660,SLC-mediated transport of neurotransmitters,25,Seer Proteograph XT,28.000000000000004,Seer Proteograph XT + SomaSeq,44.0,15.999999999999998,44.0,False
R-HSA-9927354,R-HSA-9927354,11,Seer Proteograph XT,81.81818181818183,Seer Proteograph XT + SomaSeq,90.9090909090909,9.090909090909083,90.9090909090909,False
R-HSA-912694,R-HSA-912694,25,SomaSeq,80.0,Seer Proteograph XT + SomaSeq,84.0,3.9999999999999925,88.0,False
R-HSA-877312,R-HSA-877312,14,SomaSeq,78.57142857142857,Seer Proteograph XT + SomaSeq,100.0,21.42857142857143,100.0,False
R-HSA-8854691,R-HSA-8854691,26,SomaSeq,92.3076923076923,Seer Proteograph XT + SomaSeq,96.15384615384616,3.8461538461538436,96.15384615384616,False
R-HSA-209560,R-HSA-209560,13,SomaSeq,76.92307692307693,Seer Proteograph XT + SomaSeq,92.3076923076923,15.384615384615385,100.0,False
R-HSA-209543,R-HSA-209543,13,SomaSeq,76.92307692307693,Seer Proteograph XT + SomaSeq,92.3076923076923,15.384615384615385,100.0,False
R-HSA-9828211,"Regulation of TBK1, IKKε-mediated activation of IRF3, IRF7 upon TLR3 ligation",12,Seer Proteograph XT,58.333333333333336,Seer Proteograph XT + SomaSeq,83.33333333333334,25.0,91.66666666666667,False
R-HSA-9013973,TICAM1-dependent activation of IRF3/IRF7,14,Seer Proteograph XT,57.14285714285714,Seer Proteograph XT + SomaSeq,78.57142857142857,21.42857142857143,85.71428571428571,False
R-HSA-450321,JNK (c-Jun kinases) phosphorylation and  activation mediated by activated human TAK1,22,Seer Proteograph XT,72.72727272727273,Seer Proteograph XT + SomaSeq,81.81818181818183,9.090909090909093,86.36363636363636,False
R-HSA-450302,activated TAK1 mediates p38 MAPK activation,23,Seer Proteograph XT,69.56521739130434,Seer Proteograph XT + SomaSeq,82.6086956521739,13.043478260869568,86.95652173913044,False
R-HSA-388844,R-HSA-388844,20,SomaSeq,75.0,SomaSeq + Olink Explore HT,95.0,19.999999999999996,95.0,True
R-HSA-9020558,R-HSA-9020558,11,SomaSeq,90.9090909090909,Seer Proteograph XT + SomaSeq,100.0,9.090909090909093,100.0,False
R-HSA-9020958,R-HSA-9020958,10,Seer Proteograph XT,90.0,Seer Proteograph XT + SomaSeq,90.0,0.0,90.0,False
R-HSA-110056,MAPK3 (ERK1) activation,10,Seer Proteograph XT,80.0,Seer Proteograph XT + SomaSeq,90.0,9.999999999999998,90.0,False
R-HSA-1855183,R-HSA-1855183,15,Seer Proteograph XT,86.66666666666667,Seer Proteograph XT + SomaSeq,100.0,13.33333333333333,100.0,False
R-HSA-1855167,R-HSA-1855167,10,SomaSeq,80.0,Seer Proteograph XT + SomaSeq,90.0,9.999999999999998,90.0,False
R-HSA-418457,R-HSA-418457,16,SomaSeq,56.25,Seer Proteograph XT + SomaSeq,75.0,18.75,81.25,False
R-HSA-975110,R-HSA-975110,13,SomaSeq,53.84615384615385,Seer Proteograph XT + SomaSeq,69.23076923076923,15.384615384615385,76.92307692307692,False
R-HSA-937042,IRAK2 mediated activation of TAK1 complex,10,Seer Proteograph XT,60.0,Seer Proteograph XT + SomaSeq,80.0,20.000000000000007,90.0,False
R-HSA-2586552,Signaling by Leptin,11,Seer Proteograph XT,81.81818181818183,Seer Proteograph XT + SomaSeq,100.0,18.181818181818176,100.0,False
R-HSA-5656169,Termination of translesion DNA synthesis,32,SomaSeq,65.625,Seer Proteograph XT + SomaSeq,90.625,25.0,96.875,False
R-HSA-139853,R-HSA-139853,16,Seer Proteograph XT,75.0,Seer Proteograph XT + SomaSeq,87.5,12.5,87.5,False
R-HSA-3214842,R-HSA-3214842,27,Seer Proteograph XT,59.25925925925925,Seer Proteograph XT + SomaSeq,66.66666666666666,7.4074074074074066,70.37037037037037,False
R-HSA-5576886,Phase 4 - resting membrane potential,19,Seer Proteograph XT,15.789473684210526,Seer Proteograph XT + SomaSeq,26.31578947368421,10.526315789473683,26.31578947368421,False
R-HSA-68884,R-HSA-68884,13,Seer Proteograph XT,76.92307692307693,Seer Proteograph XT + SomaSeq,92.3076923076923,15.384615384615385,92.3076923076923,False
R-HSA-2299718,Condensation of Prophase Chromosomes,35,Seer Proteograph XT,20.0,Seer Proteograph XT + SomaSeq,25.71428571428571,5.714285714285711,25.714285714285715,False
R-HSA-68616,Assembly of the ORC complex at the origin of replication,30,Seer Proteograph XT,23.333333333333332,Seer Proteograph XT + SomaSeq,30.0,6.666666666666665,30.0,False
R-HSA-352230,R-HSA-352230,38,Seer Proteograph XT,50.0,Seer Proteograph XT + SomaSeq,63.1578947368421,13.157894736842103,63.1578947368421,False
R-HSA-9958863,R-HSA-9958863,43,Seer Proteograph XT,46.51162790697674,Seer Proteograph XT + SomaSeq,60.46511627906976,13.95348837209302,60.46511627906977,False
R-HSA-5358565,R-HSA-5358565,14,Seer Proteograph XT,71.42857142857143,Seer Proteograph XT + SomaSeq,92.85714285714286,21.42857142857143,92.85714285714286,False
R-HSA-5696397,R-HSA-5696397,24,Seer Proteograph XT,70.83333333333334,Seer Proteograph XT + SomaSeq,91.66666666666666,20.833333333333325,95.83333333333333,False
R-HSA-5358606,R-HSA-5358606,14,Seer Proteograph XT,71.42857142857143,Seer Proteograph XT + SomaSeq,92.85714285714286,21.42857142857143,92.85714285714286,False
R-HSA-419408,Lysosphingolipid and LPA receptors,17,Seer Proteograph XT,35.294117647058826,Seer Proteograph XT + SomaSeq,41.17647058823529,5.882352941176467,47.05882352941177,False
R-HSA-1482925,R-HSA-1482925,18,SomaSeq,72.22222222222221,Seer Proteograph XT + SomaSeq,83.33333333333334,11.111111111111116,83.33333333333333,False
R-HSA-1482788,Acyl chain remodelling of PC,27,SomaSeq,62.96296296296296,Seer Proteograph XT + SomaSeq,85.18518518518519,22.22222222222222,88.88888888888889,False
R-HSA-1482801,Acyl chain remodelling of PS,22,Seer Proteograph XT,59.09090909090909,Seer Proteograph XT + SomaSeq,86.36363636363636,27.27272727272727,86.36363636363636,False
R-HSA-9937008,R-HSA-9937008,24,Seer Proteograph XT,70.83333333333334,Seer Proteograph XT + Olink Explore HT,79.16666666666666,8.333333333333325,79.16666666666667,True
R-HSA-391903,R-HSA-391903,15,Seer Proteograph XT,46.666666666666664,Seer Proteograph XT + SomaSeq,53.333333333333336,6.666666666666665,53.333333333333336,False
R-HSA-5656121,Translesion synthesis by POLI,17,Seer Proteograph XT,58.82352941176471,Seer Proteograph XT + SomaSeq,88.23529411764706,29.411764705882348,94.11764705882354,False
R-HSA-9968295,Somatic hypermutation of immunoglobulin genes by error-prone mismatch repair (MMR),22,SomaSeq,68.18181818181817,Seer Proteograph XT + SomaSeq,86.36363636363636,18.181818181818187,90.9090909090909,False
R-HSA-5655862,Translesion synthesis by POLK,17,Seer Proteograph XT,58.82352941176471,Seer Proteograph XT + SomaSeq,88.23529411764706,29.411764705882348,94.11764705882354,False
R-HSA-110312,Translesion synthesis by REV1,16,Seer Proteograph XT,62.5,Seer Proteograph XT + SomaSeq,87.5,25.0,93.75,False
R-HSA-181430,R-HSA-181430,18,Seer Proteograph XT,61.111111111111114,Seer Proteograph XT + Olink Explore HT,83.33333333333334,22.22222222222222,83.33333333333333,True
R-HSA-9754560,R-HSA-9754560,11,Seer Proteograph XT,100.0,Seer Proteograph XT + SomaSeq,100.0,0.0,100.0,False
R-HSA-2151209,R-HSA-2151209,10,SomaSeq,50.0,Seer Proteograph XT + SomaSeq,70.0,19.999999999999996,80.0,False
R-HSA-73728,RNA Polymerase I Promoter Opening,25,SomaSeq,20.0,Seer Proteograph XT + SomaSeq,20.0,0.0,20.0,False
R-HSA-1482922,R-HSA-1482922,17,SomaSeq,70.58823529411765,Seer Proteograph XT + SomaSeq,88.23529411764706,17.647058823529406,88.23529411764706,False
R-HSA-3295583,R-HSA-3295583,28,Seer Proteograph XT,39.285714285714285,Seer Proteograph XT + SomaSeq,50.0,10.714285714285715,53.57142857142857,False
R-HSA-6793080,R-HSA-6793080,15,SomaSeq,46.666666666666664,Seer Proteograph XT + SomaSeq,66.66666666666666,19.999999999999996,73.33333333333333,False
R-HSA-977068,R-HSA-977068,26,Seer Proteograph XT,50.0,Seer Proteograph XT + SomaSeq,69.23076923076923,19.23076923076923,76.92307692307692,False
R-HSA-174490,R-HSA-174490,14,Seer Proteograph XT,71.42857142857143,Seer Proteograph XT + SomaSeq,85.71428571428571,14.28571428571428,92.85714285714286,False
R-HSA-174495,R-HSA-174495,14,Seer Proteograph XT,71.42857142857143,Seer Proteograph XT + SomaSeq,85.71428571428571,14.28571428571428,92.85714285714286,False
R-HSA-111367,R-HSA-111367,10,SomaSeq,70.0,Seer Proteograph XT + SomaSeq,70.0,0.0,70.0,False
R-HSA-77588,R-HSA-77588,11,SomaSeq,72.72727272727273,Seer Proteograph XT + SomaSeq,72.72727272727273,0.0,72.72727272727273,False
R-HSA-8948747,R-HSA-8948747,10,Seer Proteograph XT,70.0,Seer Proteograph XT + SomaSeq,90.0,20.000000000000007,100.0,False
R-HSA-2470946,R-HSA-2470946,10,Seer Proteograph XT,90.0,Seer Proteograph XT + SomaSeq,90.0,0.0,90.0,False
R-HSA-389397,Orexin and neuropeptides FF and QRFP bind to their respective receptors,10,Seer Proteograph XT,20.0,Seer Proteograph XT + SomaSeq,40.0,20.0,40.0,False
R-HSA-110320,R-HSA-110320,18,Seer Proteograph XT,72.22222222222221,Seer Proteograph XT + SomaSeq,88.88888888888889,16.666666666666664,100.0,False
R-HSA-417957,R-HSA-417957,12,Seer Proteograph XT,41.66666666666667,Seer Proteograph XT + SomaSeq,50.0,8.333333333333332,50.0,False
R-HSA-69091,R-HSA-69091,14,Seer Proteograph XT,92.85714285714286,Seer Proteograph XT + SomaSeq,100.0,7.14285714285714,100.0,False
R-HSA-9634600,R-HSA-9634600,12,Seer Proteograph XT,100.0,Seer Proteograph XT + SomaSeq,100.0,0.0,100.0,False
R-HSA-977347,R-HSA-977347,11,Seer Proteograph XT,72.72727272727273,Seer Proteograph XT + SomaSeq,72.72727272727273,0.0,72.72727272727273,False
R-HSA-162710,R-HSA-162710,18,Seer Proteograph XT,61.111111111111114,Seer Proteograph XT + SomaSeq,66.66666666666666,5.5555555555555465,66.66666666666667,False
R-HSA-113501,R-HSA-113501,13,Seer Proteograph XT,76.92307692307693,Seer Proteograph XT + SomaSeq,92.3076923076923,15.384615384615385,92.3076923076923,False
R-HSA-181429,R-HSA-181429,18,Seer Proteograph XT,55.55555555555556,Seer Proteograph XT + Olink Explore HT,77.77777777777779,22.22222222222222,83.33333333333333,True
R-HSA-392517,R-HSA-392517,16,Seer Proteograph XT,87.5,Seer Proteograph XT + SomaSeq,100.0,12.5,100.0,False
R-HSA-9912633,"Antigen processing: Ub, ATP-independent proteasomal degradation",19,Seer Proteograph XT,100.0,Seer Proteograph XT + SomaSeq,100.0,0.0,100.0,False
R-HSA-9014325,"TICAM1,TRAF6-dependent induction of TAK1 complex",11,Seer Proteograph XT,45.45454545454545,Seer Proteograph XT + SomaSeq,72.72727272727273,27.272727272727277,81.81818181818181,False
R-HSA-427359,SIRT1 negatively regulates rRNA expression,29,SomaSeq,13.793103448275861,Seer Proteograph XT + SomaSeq,13.793103448275861,0.0,13.793103448275861,False
R-HSA-549127,SLC-mediated transport of organic cations,15,Seer Proteograph XT,40.0,Seer Proteograph XT + SomaSeq,46.666666666666664,6.666666666666665,46.666666666666664,False
R-HSA-435354,R-HSA-435354,15,Seer Proteograph XT,60.0,Seer Proteograph XT + SomaSeq,73.33333333333333,13.33333333333333,80.0,False
R-HSA-442380,R-HSA-442380,10,Seer Proteograph XT,70.0,Seer Proteograph XT + Olink Explore HT,90.0,20.000000000000007,90.0,True
R-HSA-3238698,R-HSA-3238698,21,SomaSeq,52.38095238095239,Seer Proteograph XT + SomaSeq,57.14285714285714,4.761904761904756,57.142857142857146,False
