platform,pathway,observed,expected,fold,n_pathway,n_panel_annotated,pval,qval,pathway_name
Alamar NULISA,R-HSA-380108,31,1.7025641025641025,18.207831325301207,45,332,2.117941601919706e-34,1.51221030377067e-31,Chemokine receptors bind chemokines
Alamar NULISA,R-HSA-6783783,30,1.6647293447293448,18.02094742606791,44,332,4.2205136197115055e-33,1.5067233622370074e-30,Interleukin-10 signaling
Alamar NULISA,R-HSA-5669034,22,1.0593732193732193,20.766996557659212,28,332,7.986444972380432e-27,1.900773903426543e-24,TNFs bind their physiological receptors
Alamar NULISA,R-HSA-375276,39,4.805014245014245,8.116521202921923,127,332,1.5514005998177395e-25,2.769250070674665e-23,Peptide ligand-binding receptors
Alamar NULISA,R-HSA-5668541,31,3.178119658119658,9.75419535283993,84,332,3.1772088043480567e-23,4.537054172609025e-21,TNFR2 non-canonical NF-kB pathway
Alamar NULISA,R-HSA-6785807,32,3.7834757834757835,8.457831325301205,100,332,1.0001857948599855e-21,1.1902210958833829e-19,Interleukin-4 and Interleukin-13 signaling
Alamar NULISA,R-HSA-373076,39,6.885925925925926,5.663726333907057,182,332,2.5848527956088777e-19,2.6365498515210553e-17,Class A/1 (Rhodopsin-like receptors)
Alamar NULISA,R-HSA-449836,13,0.8701994301994302,14.939104243059193,23,332,2.1001452506249206e-13,1.8743796361827417e-11,Other interleukin signaling
Alamar NULISA,R-HSA-418594,32,7.718290598290598,4.145995747696669,204,332,4.736436015141435e-12,3.757572572012205e-10,G alpha (i) signalling events
Alamar NULISA,R-HSA-6811558,20,4.199658119658119,4.762292412894823,111,332,4.752430128113748e-09,3.393235111473216e-07,"PI5P, PP2A and IER3 Regulate PI3K/AKT Signaling"
Alamar NULISA,R-HSA-9968734,11,1.135042735042735,9.691265060240964,30,332,5.530784219256818e-09,3.589981756863062e-07,Differentiation of Circulating Monocytes
Alamar NULISA,R-HSA-2219530,17,3.178119658119658,5.3490748709122204,84,332,1.1273967986174022e-08,6.708010951773544e-07,Constitutive Signaling by Aberrant PI3K in Cancer
Alamar NULISA,R-HSA-199418,20,4.426666666666667,4.518072289156627,117,332,1.2223327780482068e-08,6.713427719433996e-07,Negative regulation of the PI3K/AKT network
Alamar NULISA,R-HSA-451927,12,1.5133903133903135,7.929216867469879,40,332,1.518602278357798e-08,7.744871619624769e-07,
Alamar NULISA,R-HSA-76005,20,4.653675213675213,4.297678518953864,123,332,2.952073509826318e-08,1.4051869906773273e-06,Response to elevated platelet cytosolic Ca2+
Alamar NULISA,R-HSA-5676594,8,0.6053561253561254,13.215361445783133,16,332,3.813031983363526e-08,1.7015655225759733e-06,TNF receptor superfamily (TNFSF) members mediating non-canonical NF-kB pathway
Alamar NULISA,R-HSA-114608,19,4.426666666666667,4.292168674698795,117,332,6.738924052313281e-08,2.8303481019715783e-06,Platelet degranulation 
Alamar NULISA,R-HSA-5673001,27,9.193846153846154,2.936746987951807,243,332,4.4024958077049447e-07,1.7463233370562948e-05,RAF/MAP kinase cascade
Alamar NULISA,R-HSA-6788467,7,0.6431908831908832,10.883238837703756,17,332,1.4608219854461613e-06,5.489615250571364e-05,IL-6-type cytokine receptor ligand interactions
Alamar NULISA,R-HSA-9020702,15,3.5564672364672365,4.217668546526531,94,332,2.091374645770781e-06,7.466207485401689e-05,Interleukin-1 signaling
Alamar NULISA,R-HSA-933542,8,0.9458689458689459,8.457831325301205,25,332,2.375353817660581e-06,7.70910284458934e-05,TRAF6 mediated NF-kB activation
Alamar NULISA,R-HSA-8854691,8,0.9458689458689459,8.457831325301205,25,332,2.375353817660581e-06,7.70910284458934e-05,
Alamar NULISA,R-HSA-977225,11,1.9674074074074075,5.591114457831325,52,332,2.8952176428177287e-06,8.98776259552982e-05,Amyloid fiber formation
Alamar NULISA,R-HSA-9660826,8,0.9837037037037037,8.132530120481928,26,332,3.3190117891871144e-06,9.479097669918399e-05,Purinergic signaling in leishmaniasis infection
Alamar NULISA,R-HSA-912526,8,0.9837037037037037,8.132530120481928,26,332,3.3190117891871144e-06,9.479097669918399e-05,
Alamar NULISA,R-HSA-879415,6,0.4918518518518519,12.198795180722891,13,332,3.842401707909705e-06,0.00010551826228644343,Advanced glycosylation endproduct receptor signaling
Alamar NULISA,R-HSA-512988,10,1.7403988603988605,5.7458093242535355,46,332,6.350535767801418e-06,0.00016793639030408195,"Interleukin-3, Interleukin-5 and GM-CSF signaling"
Alamar NULISA,R-HSA-445989,9,1.5133903133903135,5.9469126506024095,40,332,1.3802039090610808e-05,0.00035195199681057563,TAK1-dependent IKK and NF-kappa-B activation  
Alamar NULISA,R-HSA-8877330,5,0.3783475783475784,13.215361445783131,10,332,1.6209981988874313e-05,0.00039910093586400895,RUNX1 and FOXP3 control the development of regulatory T lymphocytes (Tregs)
Alamar NULISA,R-HSA-381426,15,4.275327635327636,3.5085030387034863,113,332,2.121184718580005e-05,0.0004996275906181215,Regulation of Insulin-like Growth Factor (IGF) transport and uptake by Insulin-like Growth Factor Binding Proteins (IGFBPs)
Alamar NULISA,R-HSA-8957275,14,3.7834757834757835,3.700301204819277,100,332,2.169251443860191e-05,0.0004996275906181215,Post-translational protein phosphorylation
Alamar NULISA,R-HSA-6798695,36,17.744501424501426,2.028797492742826,469,332,3.659777890367314e-05,0.0008028425309314474,Neutrophil degranulation
Alamar NULISA,R-HSA-1592389,8,1.3242165242165242,6.041308089500861,35,332,3.710616739599127e-05,0.0008028425309314474,Activation of Matrix Metalloproteinases
Alamar NULISA,R-HSA-1236394,9,1.853903133903134,4.854622571920334,49,332,7.678376825899803e-05,0.0016124591334389588,Signaling by ERBB4
Alamar NULISA,R-HSA-168928,11,2.8754415954415955,3.825499365884591,76,332,0.0001218681906138044,0.00248611108852161,DDX58/IFIH1-mediated induction of interferon-alpha/beta
Alamar NULISA,R-HSA-1257604,22,9.345185185185185,2.354153455928979,247,332,0.00016197826255570375,0.003186402786757221,PIP3 activates AKT signaling
Alamar NULISA,R-HSA-844456,5,0.5675213675213675,8.810240963855422,15,332,0.00016512171303923975,0.003186402786757221,The NLRP3 inflammasome
Alamar NULISA,R-HSA-9942503,4,0.4161823361823362,9.611171960569552,11,332,0.0005376509655966576,0.010102178669368777,Differentiation of naive CD4+ T cells to T helper 1 cells (Th1 cells)
Alamar NULISA,R-HSA-9918485,7,1.5512250712250713,4.512562444901557,41,332,0.0007716745715230556,0.014127580617114404,Dengue Virus Attachment and Entry
Alamar NULISA,R-HSA-168179,12,4.1618233618233615,2.8833515881708656,110,332,0.0008859357754279385,0.0158139535913887,Toll Like Receptor TLR1:TLR2 Cascade
Alamar NULISA,R-HSA-209560,4,0.4918518518518519,8.132530120481928,13,332,0.0010968712660733952,0.019101611804302542,
Alamar NULISA,R-HSA-202733,17,7.377777777777778,2.3042168674698793,195,332,0.001131223450881986,0.019230798664993762,Cell surface interactions at the vascular wall
Alamar NULISA,R-HSA-198933,17,7.415612535612536,2.29246065896238,196,332,0.0011969600601094363,0.019875104253910175,Immunoregulatory interactions between a Lymphoid and a non-Lymphoid cell
Alamar NULISA,R-HSA-1474228,13,4.956353276353276,2.6228961648119196,131,332,0.0013342963404213376,0.021651990615018976,Degradation of the extracellular matrix
Alamar NULISA,R-HSA-9820960,5,0.8701994301994302,5.7458093242535355,23,332,0.0014416099584630157,0.02287354467427985,Respiratory syncytial virus (RSV) attachment and entry
Alamar NULISA,R-HSA-168142,10,3.405128205128205,2.9367469879518073,90,332,0.0020408666061620816,0.030357890766660966,Toll Like Receptor 10 (TLR10) Cascade
Alamar NULISA,R-HSA-168176,10,3.405128205128205,2.9367469879518073,90,332,0.0020408666061620816,0.030357890766660966,Toll Like Receptor 5 (TLR5) Cascade
Alamar NULISA,R-HSA-975871,10,3.405128205128205,2.9367469879518073,90,332,0.0020408666061620816,0.030357890766660966,MyD88 cascade initiated on plasma membrane
Alamar NULISA,R-HSA-166058,11,4.0104843304843305,2.742810866105933,106,332,0.002157965817826442,0.03081575187856159,MyD88:MAL(TIRAP) cascade initiated on plasma membrane
Alamar NULISA,R-HSA-168188,11,4.0104843304843305,2.742810866105933,106,332,0.002157965817826442,0.03081575187856159,Toll Like Receptor TLR6:TLR2 Cascade
Alamar NULISA,R-HSA-975138,10,3.5186324786324787,2.84201321414691,93,332,0.0026087086597212745,0.03386578150983618,TRAF6 mediated induction of NFkB and MAP kinases upon TLR7/8 or 9 activation
Alamar NULISA,R-HSA-975155,10,3.5186324786324787,2.84201321414691,93,332,0.0026087086597212745,0.03386578150983618,MyD88 dependent cascade initiated on endosome
Alamar NULISA,R-HSA-205043,4,0.6053561253561254,6.607680722891566,16,332,0.0025517781862839446,0.03386578150983618,
Alamar NULISA,R-HSA-9931295,4,0.6053561253561254,6.607680722891566,16,332,0.0025517781862839446,0.03386578150983618,
Alamar NULISA,R-HSA-1810476,4,0.6053561253561254,6.607680722891566,16,332,0.0025517781862839446,0.03386578150983618,
Alamar NULISA,R-HSA-168181,10,3.632136752136752,2.7532003012048194,96,332,0.0032966579607921977,0.041294978666765424,Toll Like Receptor 7/8 (TLR7/8) Cascade
Alamar NULISA,R-HSA-448424,8,2.497094017094017,3.203723986856517,66,332,0.0032698226725215436,0.041294978666765424,
Alamar NULISA,R-HSA-3000178,8,2.5349287749287748,3.1559072109332855,67,332,0.0035940588382510578,0.04314909385916618,ECM proteoglycans
Alamar NULISA,R-HSA-168164,10,3.66997150997151,2.724816792944976,97,332,0.003555584288016734,0.04314909385916618,Toll Like Receptor 3 (TLR3) Cascade
Alamar NULISA,R-HSA-9020591,6,1.5133903133903135,3.9646084337349397,40,332,0.0036259742738795116,0.04314909385916618,Interleukin-12 signaling
Alamar NULISA,R-HSA-168138,10,3.7456410256410257,2.6697699890470976,99,332,0.004121779733797914,0.04746694725696307,Toll Like Receptor 9 (TLR9) Cascade
Alamar NULISA,R-HSA-1566948,6,1.5512250712250713,3.867910667058478,41,332,0.004115282794283476,0.04746694725696307,Elastic fibre formation
Alamar NULISA,R-HSA-1251985,5,1.135042735042735,4.405120481927711,30,332,0.004915422257145017,0.05457801382792626,Nuclear signaling by ERBB4
Alamar NULISA,R-HSA-186797,7,2.1187464387464385,3.3038403614457836,56,332,0.00490523905270371,0.05457801382792626,Signaling by PDGF
Alamar NULISA,R-HSA-1606322,4,0.7188603988603989,5.56436271401395,19,332,0.004968586693018496,0.05457801382792626,
Alamar NULISA,R-HSA-3000471,3,0.3783475783475784,7.929216867469879,10,332,0.005282251561188782,0.055463641392482214,
Alamar NULISA,R-HSA-8963888,3,0.3783475783475784,7.929216867469879,10,332,0.005282251561188782,0.055463641392482214,Chylomicron assembly
Alamar NULISA,R-HSA-5689877,3,0.3783475783475784,7.929216867469879,10,332,0.005282251561188782,0.055463641392482214,
Alamar NULISA,R-HSA-166016,12,5.183361823361824,2.3150998153196727,137,332,0.005646998861572045,0.058434162132788986,Toll Like Receptor 4 (TLR4) Cascade
Alamar NULISA,R-HSA-9839383,3,0.4161823361823362,7.208378970427163,11,332,0.0070614767845358275,0.06813370843457542,
Alamar NULISA,R-HSA-8963901,3,0.4161823361823362,7.208378970427163,11,332,0.0070614767845358275,0.06813370843457542,Chylomicron remodeling
Alamar NULISA,R-HSA-9818030,3,0.4161823361823362,7.208378970427163,11,332,0.0070614767845358275,0.06813370843457542,
Alamar NULISA,R-HSA-1059683,3,0.4161823361823362,7.208378970427163,11,332,0.0070614767845358275,0.06813370843457542,Interleukin-6 signaling
Alamar NULISA,R-HSA-9020558,3,0.4161823361823362,7.208378970427163,11,332,0.0070614767845358275,0.06813370843457542,
Alamar NULISA,R-HSA-1266695,4,0.7945299145299145,5.034423407917384,21,332,0.007228582174488826,0.06881610230113362,
Alamar NULISA,R-HSA-9927432,4,0.8323646723646724,4.805585980284776,22,332,0.008576301787810109,0.07850614713456945,Developmental Lineage of Mammary Gland Myoepithelial Cells
Alamar NULISA,R-HSA-5686938,4,0.8323646723646724,4.805585980284776,22,332,0.008576301787810109,0.07850614713456945,
Alamar NULISA,R-HSA-2129379,5,1.2863817663817665,3.886871013465627,34,332,0.008485378265036727,0.07850614713456945,Molecules associated with elastic fibres
Alamar NULISA,R-HSA-1442490,7,2.3835897435897437,2.936746987951807,63,332,0.009350045853909352,0.08450547771761112,Collagen degradation
Alamar NULISA,R-HSA-9769739,6,1.8917378917378918,3.1716867469879517,50,332,0.010952327858221282,0.09774952613462494,Regulation of clotting cascade
Alamar NULISA,R-HSA-179812,3,0.4918518518518519,6.099397590361446,13,332,0.01157172455971466,0.10075867482483253,GRB2 events in EGFR signaling
Alamar NULISA,R-HSA-209543,3,0.4918518518518519,6.099397590361446,13,332,0.01157172455971466,0.10075867482483253,
Alamar NULISA,R-HSA-9013507,4,0.908034188034188,4.405120481927711,24,332,0.01174095259740379,0.10100048378971453,NOTCH3 Activation and Transmission of Signal to the Nucleus
Alamar NULISA,R-HSA-9759194,8,3.178119658119658,2.517211703958692,84,332,0.013836664758753515,0.11114523670451695,Nuclear events mediated by NFE2L2
Alamar NULISA,R-HSA-389948,11,5.145527065527066,2.1377790574060946,136,332,0.013914167608330632,0.11114523670451695,Co-inhibition by PD-1
Alamar NULISA,R-HSA-166166,9,3.8213105413105413,2.3552129309316476,101,332,0.014026911860658126,0.11114523670451695,MyD88-independent TLR4 cascade 
Alamar NULISA,R-HSA-937061,9,3.8213105413105413,2.3552129309316476,101,332,0.014026911860658126,0.11114523670451695,TRIF (TICAM1)-mediated TLR4 signaling 
Alamar NULISA,R-HSA-9009391,7,2.572763532763533,2.720809709425939,68,332,0.013966004513856834,0.11114523670451695,Extra-nuclear estrogen signaling
Alamar NULISA,R-HSA-180336,3,0.5296866096866096,5.663726333907057,14,332,0.014321234981534396,0.11114523670451695,SHC1 events in EGFR signaling
Alamar NULISA,R-HSA-5684264,3,0.5296866096866096,5.663726333907057,14,332,0.014321234981534396,0.11114523670451695,
Alamar NULISA,R-HSA-190322,3,0.5296866096866096,5.663726333907057,14,332,0.014321234981534396,0.11114523670451695,FGFR4 ligand binding and activation
Alamar NULISA,R-HSA-8983432,3,0.5296866096866096,5.663726333907057,14,332,0.014321234981534396,0.11114523670451695,
Alamar NULISA,R-HSA-9958825,7,2.6105982905982907,2.68137768465165,69,332,0.015055432435803283,0.11558686837810261,Activation of STAT3 by cadherin engagement
Alamar NULISA,R-HSA-9856649,6,2.043076923076923,2.9367469879518073,54,332,0.015703359298550965,0.11802314251753042,
Alamar NULISA,R-HSA-5620971,4,0.9837037037037037,4.066265060240964,26,332,0.015570255797229714,0.11802314251753042,Pyroptosis
Alamar NULISA,R-HSA-180292,3,0.5675213675213675,5.2861445783132535,15,332,0.017408536719111696,0.12683362466781378,GAB1 signalosome
Alamar NULISA,R-HSA-445144,3,0.5675213675213675,5.2861445783132535,15,332,0.017408536719111696,0.12683362466781378,Signal transduction by L1
Alamar NULISA,R-HSA-5654228,3,0.5675213675213675,5.2861445783132535,15,332,0.017408536719111696,0.12683362466781378,Phospholipase C-mediated cascade; FGFR4
Alamar NULISA,R-HSA-3000170,4,1.0215384615384615,3.91566265060241,27,332,0.01774679672313782,0.12799204909414547,Syndecan interactions
Alamar NULISA,R-HSA-9860927,4,1.0593732193732193,3.7758175559380383,28,332,0.020103596439720435,0.1435396785796039,"Turbulent (oscillatory, disturbed) flow shear stress activates signaling by PIEZO1 and integrins in endothelial cells"
Alamar NULISA,R-HSA-2173789,5,1.589059829059829,3.146514629948365,42,332,0.020307883895713273,0.143562664371676,TGF-beta receptor signaling activates SMADs
Alamar NULISA,R-HSA-9034015,3,0.6053561253561254,4.955760542168674,16,332,0.020837019457456567,0.14585913620219598,Signaling by NTRK3 (TRKC)
Alamar NULISA,R-HSA-3000171,7,2.79977207977208,2.5002035167697816,74,332,0.02142155416893136,0.14849504540404848,Non-integrin membrane-ECM interactions
Alamar NULISA,R-HSA-9614085,6,2.1944159544159545,2.734212712920648,58,332,0.021719426342624366,0.14911221546763265,FOXO-mediated transcription
Alamar NULISA,R-HSA-1834949,6,2.2322507122507123,2.687870124566061,59,332,0.023436360271892543,0.1593672498488693,
Alamar NULISA,R-HSA-9694614,3,0.6431908831908832,4.664245216158752,17,332,0.02460811002346993,0.1597290050614321,Attachment and Entry
Alamar NULISA,R-HSA-975634,5,1.6647293447293448,3.0034912376779848,44,332,0.024395148283292915,0.1597290050614321,Retinoid metabolism and transport
Alamar NULISA,R-HSA-210993,3,0.6431908831908832,4.664245216158752,17,332,0.02460811002346993,0.1597290050614321,Tie2 Signaling
Alamar NULISA,R-HSA-168927,3,0.6431908831908832,4.664245216158752,17,332,0.02460811002346993,0.1597290050614321,"TICAM1, RIP1-mediated IKK complex recruitment"
Alamar NULISA,R-HSA-9692916,5,1.6647293447293448,3.0034912376779848,44,332,0.024395148283292915,0.1597290050614321,
Alamar NULISA,R-HSA-182971,4,1.135042735042735,3.524096385542169,30,332,0.02537173923701921,0.16174483763599748,EGFR downregulation
Alamar NULISA,R-HSA-9680350,4,1.135042735042735,3.524096385542169,30,332,0.02537173923701921,0.16174483763599748,Signaling by CSF1 (M-CSF) in myeloid cells
Alamar NULISA,R-HSA-194138,8,3.5943019943019943,2.2257450856055803,95,332,0.02707563029419809,0.17107964628369413,Signaling by VEGF
Alamar NULISA,R-HSA-5213460,4,1.1728774928774928,3.4104158569762926,31,332,0.02828863685080233,0.17263321975617832,RIPK1-mediated regulated necrosis
Alamar NULISA,R-HSA-5357956,4,1.1728774928774928,3.4104158569762926,31,332,0.02828863685080233,0.17263321975617832,TNFR1-induced NF-kappa-B signaling pathway
Alamar NULISA,R-HSA-5675482,4,1.1728774928774928,3.4104158569762926,31,332,0.02828863685080233,0.17263321975617832,Regulation of necroptotic cell death
Alamar NULISA,R-HSA-5654733,4,1.1728774928774928,3.4104158569762926,31,332,0.02828863685080233,0.17263321975617832,Negative regulation of FGFR4 signaling
Alamar NULISA,R-HSA-1236382,3,0.681025641025641,4.405120481927711,18,332,0.02872146071598537,0.17378917755265724,Constitutive Signaling by Ligand-Responsive EGFR Cancer Variants
Alamar NULISA,R-HSA-3560783,3,0.7188603988603989,4.173272035510463,19,332,0.03317512459529167,0.1910245077503085,"Defective B4GALT7 causes EDS, progeroid type"
Alamar NULISA,R-HSA-3560801,3,0.7188603988603989,4.173272035510463,19,332,0.03317512459529167,0.1910245077503085,Defective B3GAT3 causes JDSSDHD
Alamar NULISA,R-HSA-4420332,3,0.7188603988603989,4.173272035510463,19,332,0.03317512459529167,0.1910245077503085,Defective B3GALT6 causes EDSP2 and SEMDJL1
Alamar NULISA,R-HSA-9609523,3,0.7188603988603989,4.173272035510463,19,332,0.03317512459529167,0.1910245077503085,Insertion of tail-anchored proteins into the endoplasmic reticulum membrane
Alamar NULISA,R-HSA-112409,3,0.7188603988603989,4.173272035510463,19,332,0.03317512459529167,0.1910245077503085,RAF-independent MAPK1/3 activation
Alamar NULISA,R-HSA-5654720,3,0.7188603988603989,4.173272035510463,19,332,0.03317512459529167,0.1910245077503085,PI-3K cascade:FGFR4
Alamar NULISA,R-HSA-9705671,9,4.4645014245014245,2.0159025934245456,118,332,0.034570728354401066,0.1966224246450221,
Alamar NULISA,R-HSA-8950505,4,1.2485470085470085,3.203723986856517,33,332,0.03469807493735685,0.1966224246450221,Gene and protein expression by JAK-STAT signaling after Interleukin-12 stimulation
Alamar NULISA,R-HSA-9620244,3,0.7566951566951567,3.9646084337349397,20,332,0.03796571850539948,0.2081669788433411,
Alamar NULISA,R-HSA-5607764,7,3.1402849002849003,2.229097111336914,83,332,0.03718052222620944,0.2081669788433411,CLEC7A (Dectin-1) signaling
Alamar NULISA,R-HSA-3769402,4,1.2863817663817665,3.1094968107725016,34,332,0.038193101160332886,0.2081669788433411,
Alamar NULISA,R-HSA-202430,3,0.7566951566951567,3.9646084337349397,20,332,0.03796571850539948,0.2081669788433411,Translocation of ZAP-70 to Immunological synapse
Alamar NULISA,R-HSA-5654719,3,0.7566951566951567,3.9646084337349397,20,332,0.03796571850539948,0.2081669788433411,SHC-mediated cascade:FGFR4
Alamar NULISA,R-HSA-9692914,7,3.178119658119658,2.2025602409638556,84,332,0.03930269108688729,0.21259182906089033,
Alamar NULISA,R-HSA-2428928,5,1.8917378917378918,2.6430722891566263,50,332,0.039683899647109847,0.21303988231606338,IRS-related events triggered by IGF1R
Alamar NULISA,R-HSA-9755511,8,3.934814814814815,2.033132530120482,104,332,0.04302372665301458,0.22293653794372148,KEAP1-NFE2L2 pathway
Alamar NULISA,R-HSA-8853884,4,1.3242165242165242,3.0206540447504304,35,332,0.04188251549202338,0.22293653794372148,Transcriptional Regulation by VENTX
Alamar NULISA,R-HSA-2428924,5,1.9295726495726495,2.5912473423104183,51,332,0.04268985130879027,0.22293653794372148,IGF1R signaling cascade
Alamar NULISA,R-HSA-2559582,5,1.9295726495726495,2.5912473423104183,51,332,0.04268985130879027,0.22293653794372148,Senescence-Associated Secretory Phenotype (SASP)
Alamar NULISA,R-HSA-5654712,3,0.7945299145299145,3.775817555938038,21,332,0.043088574560551214,0.22293653794372148,FRS-mediated FGFR4 signaling
Alamar NULISA,R-HSA-419037,4,1.362051282051282,2.9367469879518073,36,332,0.045766373356498156,0.23372977719051274,NCAM1 interactions
Alamar NULISA,R-HSA-2404192,5,1.9674074074074075,2.541415662650602,52,332,0.04582936807657113,0.23372977719051274,Signaling by Type 1 Insulin-like Growth Factor 1 Receptor (IGF1R)
Alamar NULISA,R-HSA-9634638,3,0.8323646723646724,3.6041894852135816,22,332,0.04853788078782617,0.24066699223963808,Estrogen-dependent nuclear events downstream of ESR-membrane signaling
Alamar NULISA,R-HSA-9958810,3,0.8323646723646724,3.6041894852135816,22,332,0.04853788078782617,0.24066699223963808,
Alamar NULISA,R-HSA-9613829,3,0.8323646723646724,3.6041894852135816,22,332,0.04853788078782617,0.24066699223963808,
Alamar NULISA,R-HSA-202427,3,0.8323646723646724,3.6041894852135816,22,332,0.04853788078782617,0.24066699223963808,Phosphorylation of CD3 and TCR zeta chains
Alamar NULISA,R-HSA-9970672,2,0.3783475783475784,5.286144578313253,10,332,0.052539551811603524,0.2517667113656706,FXIIa activates plasma kallikrein-kinin system
Alamar NULISA,R-HSA-9028731,2,0.3783475783475784,5.286144578313253,10,332,0.052539551811603524,0.2517667113656706,Activated NTRK2 signals through FRS2 and FRS3
Alamar NULISA,R-HSA-2179392,2,0.3783475783475784,5.286144578313253,10,332,0.052539551811603524,0.2517667113656706,EGFR Transactivation by Gastrin
Alamar NULISA,R-HSA-190377,2,0.3783475783475784,5.286144578313253,10,332,0.052539551811603524,0.2517667113656706,FGFR2b ligand binding and activation
Alamar NULISA,R-HSA-975110,2,0.3783475783475784,5.286144578313253,10,332,0.052539551811603524,0.2517667113656706,
Alamar NULISA,R-HSA-2979096,3,0.8701994301994302,3.4474855945521212,23,332,0.05430681158005974,0.25678849978915663,
Alamar NULISA,R-HSA-9769735,3,0.8701994301994302,3.4474855945521212,23,332,0.05430681158005974,0.25678849978915663,Initiation of coagulation cascade
Alamar NULISA,R-HSA-9909649,4,1.4755555555555555,2.710843373493976,39,332,0.0585785884640393,0.2751652116008162,
Alamar NULISA,R-HSA-9013700,2,0.4161823361823362,4.805585980284776,11,332,0.06264579070650744,0.2778204631332069,
Alamar NULISA,R-HSA-193692,2,0.4161823361823362,4.805585980284776,11,332,0.06264579070650744,0.2778204631332069,
Alamar NULISA,R-HSA-9664873,2,0.4161823361823362,4.805585980284776,11,332,0.06264579070650744,0.2778204631332069,
Alamar NULISA,R-HSA-159854,2,0.4161823361823362,4.805585980284776,11,332,0.06264579070650744,0.2778204631332069,"Gamma-carboxylation, transport, and amino-terminal cleavage of proteins"
Alamar NULISA,R-HSA-3371378,2,0.4161823361823362,4.805585980284776,11,332,0.06264579070650744,0.2778204631332069,
Alamar NULISA,R-HSA-5218900,2,0.4161823361823362,4.805585980284776,11,332,0.06264579070650744,0.2778204631332069,
Alamar NULISA,R-HSA-69416,2,0.4161823361823362,4.805585980284776,11,332,0.06264579070650744,0.2778204631332069,
Alamar NULISA,R-HSA-4755510,2,0.4161823361823362,4.805585980284776,11,332,0.06264579070650744,0.2778204631332069,
Alamar NULISA,R-HSA-9828211,2,0.4161823361823362,4.805585980284776,11,332,0.06264579070650744,0.2778204631332069,
Alamar NULISA,R-HSA-9634815,3,0.9458689458689459,3.1716867469879517,25,332,0.06677189256338718,0.2907020200625515,Transcriptional Regulation by NPAS4
Alamar NULISA,R-HSA-5205685,3,0.9458689458689459,3.1716867469879517,25,332,0.06677189256338718,0.2907020200625515,
Alamar NULISA,R-HSA-3371568,3,0.9458689458689459,3.1716867469879517,25,332,0.06677189256338718,0.2907020200625515,
Alamar NULISA,R-HSA-9615017,3,0.9837037037037037,3.049698795180723,26,332,0.0734503669241903,0.2996774970506964,"FOXO-mediated transcription of oxidative stress, metabolic and neuronal genes"
Alamar NULISA,R-HSA-9909648,8,4.350997150997151,1.8386589837611313,115,332,0.06966174420442184,0.2996774970506964,Regulation of PD-L1(CD274) expression
Alamar NULISA,R-HSA-3656237,2,0.454017094017094,4.405120481927711,12,332,0.07334405870326484,0.2996774970506964,Defective EXT2 causes exostoses 2
Alamar NULISA,R-HSA-3656253,2,0.454017094017094,4.405120481927711,12,332,0.07334405870326484,0.2996774970506964,"Defective EXT1 causes exostoses 1, TRPS2 and CHDS"
Alamar NULISA,R-HSA-9614399,2,0.454017094017094,4.405120481927711,12,332,0.07334405870326484,0.2996774970506964,
Alamar NULISA,R-HSA-9705462,3,0.9837037037037037,3.049698795180723,26,332,0.0734503669241903,0.2996774970506964,
Alamar NULISA,R-HSA-3772470,2,0.454017094017094,4.405120481927711,12,332,0.07334405870326484,0.2996774970506964,
Alamar NULISA,R-HSA-1839122,2,0.454017094017094,4.405120481927711,12,332,0.07334405870326484,0.2996774970506964,Signaling by activated point mutants of FGFR1
Alamar NULISA,R-HSA-1839130,2,0.454017094017094,4.405120481927711,12,332,0.07334405870326484,0.2996774970506964,Signaling by activated point mutants of FGFR3
Alamar NULISA,R-HSA-2033514,2,0.454017094017094,4.405120481927711,12,332,0.07334405870326484,0.2996774970506964,FGFR3 mutant receptor activation
Alamar NULISA,R-HSA-9013973,2,0.454017094017094,4.405120481927711,12,332,0.07334405870326484,0.2996774970506964,
Alamar NULISA,R-HSA-109704,4,1.626894586894587,2.458671896889885,43,332,0.07831353425681063,0.31770376965547037,PI3K Cascade
Alamar NULISA,R-HSA-1971475,3,1.0215384615384615,2.9367469879518073,27,332,0.08041331319932185,0.31950703713921663,Glycosaminoglycan-protein linkage region biosynthesis
Alamar NULISA,R-HSA-9755779,2,0.4918518518518519,4.066265060240964,13,332,0.08457539218391029,0.31950703713921663,
Alamar NULISA,R-HSA-9856532,2,0.4918518518518519,4.066265060240964,13,332,0.08457539218391029,0.31950703713921663,
Alamar NULISA,R-HSA-8847993,2,0.4918518518518519,4.066265060240964,13,332,0.08457539218391029,0.31950703713921663,ERBB2 Activates PTK6 Signaling
Alamar NULISA,R-HSA-75035,2,0.4918518518518519,4.066265060240964,13,332,0.08457539218391029,0.31950703713921663,
Alamar NULISA,R-HSA-937039,2,0.4918518518518519,4.066265060240964,13,332,0.08457539218391029,0.31950703713921663,
Alamar NULISA,R-HSA-975144,2,0.4918518518518519,4.066265060240964,13,332,0.08457539218391029,0.31950703713921663,
Alamar NULISA,R-HSA-1679131,2,0.4918518518518519,4.066265060240964,13,332,0.08457539218391029,0.31950703713921663,
Alamar NULISA,R-HSA-3371511,3,1.0215384615384615,2.9367469879518073,27,332,0.08041331319932185,0.31950703713921663,
Alamar NULISA,R-HSA-190372,2,0.4918518518518519,4.066265060240964,13,332,0.08457539218391029,0.31950703713921663,FGFR3c ligand binding and activation
Alamar NULISA,R-HSA-190375,2,0.4918518518518519,4.066265060240964,13,332,0.08457539218391029,0.31950703713921663,FGFR2c ligand binding and activation
Alamar NULISA,R-HSA-5654227,2,0.4918518518518519,4.066265060240964,13,332,0.08457539218391029,0.31950703713921663,Phospholipase C-mediated cascade; FGFR3
Alamar NULISA,R-HSA-5658623,2,0.4918518518518519,4.066265060240964,13,332,0.08457539218391029,0.31950703713921663,
Alamar NULISA,R-HSA-201556,3,1.0593732193732193,2.8318631669535286,28,332,0.08765047921047397,0.32765676521611736,
Alamar NULISA,R-HSA-186763,3,1.0593732193732193,2.8318631669535286,28,332,0.08765047921047397,0.32765676521611736,Downstream signal transduction
Alamar NULISA,R-HSA-202424,6,3.1024501424501425,1.933955333529239,82,332,0.08967271173577747,0.33347039676742246,Downstream TCR signaling
Alamar NULISA,R-HSA-5607761,4,1.7403988603988605,2.2983237297014143,46,332,0.0950169472489845,0.3489699224690085,Dectin-1 mediated noncanonical NF-kB signaling
Alamar NULISA,R-HSA-2173791,2,0.5296866096866096,3.7758175559380383,14,332,0.09628441838430626,0.3489699224690085,TGF-beta receptor signaling in EMT (epithelial to mesenchymal transition)
Alamar NULISA,R-HSA-9830364,2,0.5296866096866096,3.7758175559380383,14,332,0.09628441838430626,0.3489699224690085,
Alamar NULISA,R-HSA-5654732,3,1.0972079772079772,2.734212712920648,29,332,0.09515120023787073,0.3489699224690085,Negative regulation of FGFR3 signaling
Alamar NULISA,R-HSA-5637810,2,0.5296866096866096,3.7758175559380383,14,332,0.09628441838430626,0.3489699224690085,Constitutive Signaling by EGFRvIII
Alamar NULISA,R-HSA-112399,4,1.7782336182336183,2.24942322481415,47,332,0.10092934444780628,0.363957333008756,IRS-mediated signalling
Alamar NULISA,R-HSA-9706369,2,0.5675213675213675,3.524096385542169,15,332,0.10841916940972085,0.3651475799931164,
Alamar NULISA,R-HSA-111447,2,0.5675213675213675,3.524096385542169,15,332,0.10841916940972085,0.3651475799931164,
Alamar NULISA,R-HSA-8863795,3,1.135042735042735,2.6430722891566267,30,332,0.10290447368240989,0.3651475799931164,Downregulation of ERBB2 signaling
Alamar NULISA,R-HSA-190373,2,0.5675213675213675,3.524096385542169,15,332,0.10841916940972085,0.3651475799931164,FGFR1c ligand binding and activation
Alamar NULISA,R-HSA-9768919,2,0.5675213675213675,3.524096385542169,15,332,0.10841916940972085,0.3651475799931164,NPAS4 regulates expression of target genes
Alamar NULISA,R-HSA-5205647,3,1.135042735042735,2.6430722891566267,30,332,0.10290447368240989,0.3651475799931164,
Alamar NULISA,R-HSA-5357905,4,1.816068376068376,2.2025602409638556,48,332,0.10700752130310705,0.3651475799931164,Regulation of TNFR1 signaling
Alamar NULISA,R-HSA-9830674,2,0.5675213675213675,3.524096385542169,15,332,0.10841916940972085,0.3651475799931164,
Alamar NULISA,R-HSA-1963642,2,0.5675213675213675,3.524096385542169,15,332,0.10841916940972085,0.3651475799931164,PI3K events in ERBB2 signaling
Alamar NULISA,R-HSA-6785631,2,0.5675213675213675,3.524096385542169,15,332,0.10841916940972085,0.3651475799931164,ERBB2 Regulates Cell Motility
Alamar NULISA,R-HSA-140534,2,0.5675213675213675,3.524096385542169,15,332,0.10841916940972085,0.3651475799931164,
Alamar NULISA,R-HSA-202433,3,1.135042735042735,2.6430722891566267,30,332,0.10290447368240989,0.3651475799931164,Generation of second messenger molecules
Alamar NULISA,R-HSA-9665348,2,0.5675213675213675,3.524096385542169,15,332,0.10841916940972085,0.3651475799931164,Signaling by ERBB2 ECD mutants
Alamar NULISA,R-HSA-175474,2,0.5675213675213675,3.524096385542169,15,332,0.10841916940972085,0.3651475799931164,
Alamar NULISA,R-HSA-9674555,3,1.1728774928774928,2.5578118927322193,31,332,0.1108990276286535,0.37174603627633146,Signaling by CSF3 (G-CSF)
Alamar NULISA,R-HSA-177929,4,1.853903133903134,2.157610031964593,49,332,0.11324723497731912,0.37784357838227034,Signaling by EGFR
Alamar NULISA,R-HSA-8856825,6,3.3672934472934473,1.781846487071883,89,332,0.12034830881786,0.39426788243685673,Cargo recognition for clathrin-mediated endocytosis
Alamar NULISA,R-HSA-3000480,2,0.6053561253561254,3.303840361445783,16,332,0.12093090511718715,0.39426788243685673,Scavenging by Class A Receptors
Alamar NULISA,R-HSA-9976102,5,2.6105982905982907,1.9152697747511784,69,332,0.11942799471944351,0.39426788243685673,
Alamar NULISA,R-HSA-1963640,2,0.6053561253561254,3.303840361445783,16,332,0.12093090511718715,0.39426788243685673,GRB2 events in ERBB2 signaling
Alamar NULISA,R-HSA-9833109,3,1.2107122507122507,2.477880271084337,32,332,0.1191233837001541,0.39426788243685673,
Alamar NULISA,R-HSA-9833110,6,3.405128205128205,1.7620481927710845,90,332,0.12510932941087158,0.4060366418152832,RSV-host interactions
Alamar NULISA,R-HSA-438066,2,0.6431908831908832,3.1094968107725016,17,332,0.13377394446301613,0.409933889899543,
Alamar NULISA,R-HSA-9909615,5,2.6862678062678063,1.861318513490582,71,332,0.13045350680348852,0.409933889899543,Regulation of PD-L1(CD274) Post-translational modification
Alamar NULISA,R-HSA-74751,4,1.9674074074074075,2.033132530120482,52,332,0.1328903376318925,0.409933889899543,Insulin receptor signalling cascade
Alamar NULISA,R-HSA-3299685,3,1.2485470085470085,2.402792990142388,33,332,0.1275659145764338,0.409933889899543,
Alamar NULISA,R-HSA-9758274,2,0.6431908831908832,3.1094968107725016,17,332,0.13377394446301613,0.409933889899543,Regulation of NF-kappa B signaling
Alamar NULISA,R-HSA-9735871,2,0.6431908831908832,3.1094968107725016,17,332,0.13377394446301613,0.409933889899543,
Alamar NULISA,R-HSA-2173796,3,1.2485470085470085,2.402792990142388,33,332,0.1275659145764338,0.409933889899543,
Alamar NULISA,R-HSA-9937080,2,0.6431908831908832,3.1094968107725016,17,332,0.13377394446301613,0.409933889899543,
Alamar NULISA,R-HSA-881907,2,0.6431908831908832,3.1094968107725016,17,332,0.13377394446301613,0.409933889899543,Gastrin-CREB signalling pathway via PKC and MAPK
Alamar NULISA,R-HSA-8849932,2,0.6431908831908832,3.1094968107725016,17,332,0.13377394446301613,0.409933889899543,
Alamar NULISA,R-HSA-2033519,2,0.6431908831908832,3.1094968107725016,17,332,0.13377394446301613,0.409933889899543,Activated point mutants of FGFR2
Alamar NULISA,R-HSA-5654219,2,0.6431908831908832,3.1094968107725016,17,332,0.13377394446301613,0.409933889899543,Phospholipase C-mediated cascade: FGFR1
Alamar NULISA,R-HSA-5654710,2,0.6431908831908832,3.1094968107725016,17,332,0.13377394446301613,0.409933889899543,PI-3K cascade:FGFR3
Alamar NULISA,R-HSA-5654726,3,1.2863817663817665,2.332122608079376,34,332,0.1362148965199275,0.41386143027756694,Negative regulation of FGFR1 signaling
Alamar NULISA,R-HSA-5654727,3,1.2863817663817665,2.332122608079376,34,332,0.1362148965199275,0.41386143027756694,Negative regulation of FGFR2 signaling
Alamar NULISA,R-HSA-442982,2,0.681025641025641,2.9367469879518073,18,332,0.14690550493139506,0.43164827374903736,Ras activation upon Ca2+ influx through NMDA receptor
Alamar NULISA,R-HSA-3371571,3,1.3242165242165242,2.2654905335628226,35,332,0.14505855724129363,0.43164827374903736,
Alamar NULISA,R-HSA-8963889,2,0.681025641025641,2.9367469879518073,18,332,0.14690550493139506,0.43164827374903736,
Alamar NULISA,R-HSA-8862803,2,0.681025641025641,2.9367469879518073,18,332,0.14690550493139506,0.43164827374903736,Deregulated CDK5 triggers multiple neurodegenerative pathways in Alzheimer's disease models
Alamar NULISA,R-HSA-5603041,2,0.681025641025641,2.9367469879518073,18,332,0.14690550493139506,0.43164827374903736,
Alamar NULISA,R-HSA-391160,2,0.681025641025641,2.9367469879518073,18,332,0.14690550493139506,0.43164827374903736,
Alamar NULISA,R-HSA-5654221,2,0.681025641025641,2.9367469879518073,18,332,0.14690550493139506,0.43164827374903736,Phospholipase C-mediated cascade; FGFR2
Alamar NULISA,R-HSA-5654704,2,0.681025641025641,2.9367469879518073,18,332,0.14690550493139506,0.43164827374903736,SHC-mediated cascade:FGFR3
Alamar NULISA,R-HSA-216083,5,2.79977207977208,1.7858596548355583,74,332,0.14781577441395063,0.4325428808670523,Integrin cell surface interactions
Alamar NULISA,R-HSA-2172127,3,1.362051282051282,2.2025602409638556,36,332,0.15408511941263853,0.44904806228826083,DAP12 interactions
Alamar NULISA,R-HSA-9617324,2,0.7188603988603989,2.782181357006975,19,332,0.16028554967681896,0.45595172298505476,
Alamar NULISA,R-HSA-2024096,2,0.7188603988603989,2.782181357006975,19,332,0.16028554967681896,0.45595172298505476,HS-GAG degradation
Alamar NULISA,R-HSA-111471,2,0.7188603988603989,2.782181357006975,19,332,0.16028554967681896,0.45595172298505476,
Alamar NULISA,R-HSA-5654706,2,0.7188603988603989,2.782181357006975,19,332,0.16028554967681896,0.45595172298505476,FRS-mediated FGFR3 signaling
Alamar NULISA,R-HSA-450321,2,0.7188603988603989,2.782181357006975,19,332,0.16028554967681896,0.45595172298505476,
Alamar NULISA,R-HSA-388844,2,0.7188603988603989,2.782181357006975,19,332,0.16028554967681896,0.45595172298505476,
Alamar NULISA,R-HSA-75893,4,2.1187464387464385,1.8879087779690191,56,332,0.1610551554367884,0.4563229404042337,TNF signaling
Alamar NULISA,R-HSA-5689901,2,0.7566951566951567,2.6430722891566263,20,332,0.17387664202919895,0.4849528219095627,
Alamar NULISA,R-HSA-389513,2,0.7566951566951567,2.6430722891566263,20,332,0.17387664202919895,0.4849528219095627,Co-inhibition by CTLA4
Alamar NULISA,R-HSA-70263,2,0.7566951566951567,2.6430722891566263,20,332,0.17387664202919895,0.4849528219095627,
Alamar NULISA,R-HSA-450302,2,0.7566951566951567,2.6430722891566263,20,332,0.17387664202919895,0.4849528219095627,
Alamar NULISA,R-HSA-1236974,5,2.9889458689458688,1.6728305627573588,79,332,0.17876527027646152,0.49664748240230944,ER-Phagosome pathway
Alamar NULISA,R-HSA-375165,4,2.2322507122507123,1.791913416377374,59,332,0.18347769806636555,0.5077638620906395,NCAM signaling for neurite out-growth
Alamar NULISA,R-HSA-210991,2,0.7945299145299145,2.517211703958692,21,332,0.18764380702589858,0.5113651840324107,
Alamar NULISA,R-HSA-937041,2,0.7945299145299145,2.517211703958692,21,332,0.18764380702589858,0.5113651840324107,IKK complex recruitment mediated by RIP1
Alamar NULISA,R-HSA-5654689,2,0.7945299145299145,2.517211703958692,21,332,0.18764380702589858,0.5113651840324107,PI-3K cascade:FGFR1
Alamar NULISA,R-HSA-5655332,2,0.7945299145299145,2.517211703958692,21,332,0.18764380702589858,0.5113651840324107,Signaling by FGFR3 in disease
Alamar NULISA,R-HSA-416476,8,5.561709401709401,1.4384066879763955,147,332,0.19308852199324908,0.5202460554836975,G alpha (q) signalling events
Alamar NULISA,R-HSA-8939211,8,5.561709401709401,1.4384066879763955,147,332,0.19308852199324908,0.5202460554836975,ESR-mediated signaling
Alamar NULISA,R-HSA-9646399,3,1.5133903133903135,1.9823042168674698,40,332,0.19178676510575732,0.5202460554836975,
Alamar NULISA,R-HSA-9008059,2,0.8323646723646724,2.402792990142388,22,332,0.201554399649706,0.5310326249073435,
Alamar NULISA,R-HSA-9665686,2,0.8323646723646724,2.402792990142388,22,332,0.201554399649706,0.5310326249073435,Signaling by ERBB2 TMD/JMD mutants
Alamar NULISA,R-HSA-6807004,2,0.8323646723646724,2.402792990142388,22,332,0.201554399649706,0.5310326249073435,
Alamar NULISA,R-HSA-5654688,2,0.8323646723646724,2.402792990142388,22,332,0.201554399649706,0.5310326249073435,SHC-mediated cascade:FGFR1
Alamar NULISA,R-HSA-5654695,2,0.8323646723646724,2.402792990142388,22,332,0.201554399649706,0.5310326249073435,PI-3K cascade:FGFR2
Alamar NULISA,R-HSA-912694,2,0.8323646723646724,2.402792990142388,22,332,0.201554399649706,0.5310326249073435,
Alamar NULISA,R-HSA-8878171,8,5.6752136752136755,1.4096385542168675,150,332,0.2077654927945672,0.5453844185857389,Transcriptional regulation by RUNX1
Alamar NULISA,R-HSA-2424491,2,0.8701994301994302,2.2983237297014143,23,332,0.21557797946586266,0.5536786954626832,DAP12 signaling
Alamar NULISA,R-HSA-1250196,2,0.8701994301994302,2.2983237297014143,23,332,0.21557797946586266,0.5536786954626832,SHC1 events in ERBB2 signaling
Alamar NULISA,R-HSA-5621480,2,0.8701994301994302,2.2983237297014143,23,332,0.21557797946586266,0.5536786954626832,Dectin-2 family
Alamar NULISA,R-HSA-452723,2,0.8701994301994302,2.2983237297014143,23,332,0.21557797946586266,0.5536786954626832,
Alamar NULISA,R-HSA-5654693,2,0.8701994301994302,2.2983237297014143,23,332,0.21557797946586266,0.5536786954626832,FRS-mediated FGFR1 signaling
Alamar NULISA,R-HSA-5654699,2,0.8701994301994302,2.2983237297014143,23,332,0.21557797946586266,0.5536786954626832,SHC-mediated cascade:FGFR2
Alamar NULISA,R-HSA-9929491,3,1.626894586894587,1.8440039226674136,43,332,0.22141850274336275,0.5666408994937671,SPOP-mediated proteasomal degradation of PD-L1(CD274)
Alamar NULISA,R-HSA-9768727,2,0.908034188034188,2.2025602409638556,24,332,0.22968619136479723,0.577450495191779,
Alamar NULISA,R-HSA-2173788,2,0.908034188034188,2.2025602409638556,24,332,0.22968619136479723,0.577450495191779,Downregulation of TGF-beta receptor signaling
Alamar NULISA,R-HSA-5357786,2,0.908034188034188,2.2025602409638556,24,332,0.22968619136479723,0.577450495191779,TNFR1-induced proapoptotic signaling
Alamar NULISA,R-HSA-9664565,2,0.908034188034188,2.2025602409638556,24,332,0.22968619136479723,0.577450495191779,Signaling by ERBB2 KD Mutants
Alamar NULISA,R-HSA-5654700,2,0.908034188034188,2.2025602409638556,24,332,0.22968619136479723,0.577450495191779,FRS-mediated FGFR2 signaling
Alamar NULISA,R-HSA-5683826,2,0.9458689458689459,2.1144578313253013,25,332,0.24385265213013743,0.604551366739299,
Alamar NULISA,R-HSA-75153,3,1.7025641025641025,1.7620481927710845,45,332,0.24165369572170628,0.604551366739299,Apoptotic execution phase
Alamar NULISA,R-HSA-9927418,2,0.9458689458689459,2.1144578313253013,25,332,0.24385265213013743,0.604551366739299,Developmental Lineage of Mammary Gland Luminal Epithelial Cells
Alamar NULISA,R-HSA-380994,2,0.9458689458689459,2.1144578313253013,25,332,0.24385265213013743,0.604551366739299,ATF4 activates genes in response to endoplasmic reticulum  stress
Alamar NULISA,R-HSA-4420097,5,3.3672934472934473,1.4848720725599025,89,332,0.24681382830072812,0.6093948119378063,VEGFA-VEGFR2 Pathway
Alamar NULISA,R-HSA-1445148,4,2.5349287749287748,1.5779536054666428,67,332,0.2475132989663359,0.6093948119378063,
Alamar NULISA,R-HSA-9616222,2,0.9837037037037037,2.033132530120482,26,332,0.25805284256396593,0.6309922246255879,Transcriptional regulation of granulopoiesis
Alamar NULISA,R-HSA-933541,2,0.9837037037037037,2.033132530120482,26,332,0.25805284256396593,0.6309922246255879,
Alamar NULISA,R-HSA-909733,4,2.6105982905982907,1.5322158198009428,69,332,0.2642477537977155,0.6439347993568904,
Alamar NULISA,R-HSA-442742,2,1.0215384615384615,1.957831325301205,27,332,0.27226400491313774,0.6589711847728148,CREB1 phosphorylation through NMDA receptor-mediated activation of RAS signaling
Alamar NULISA,R-HSA-8864260,2,1.0215384615384615,1.957831325301205,27,332,0.27226400491313774,0.6589711847728148,Transcriptional regulation by the AP-2 (TFAP2) family of transcription factors
Alamar NULISA,R-HSA-373080,4,2.6862678062678063,1.4890548107924657,71,332,0.2811860075196553,0.6782662478683577,
Alamar NULISA,R-HSA-201722,2,1.0593732193732193,1.8879087779690191,28,332,0.2864650453518043,0.686362558326135,
Alamar NULISA,R-HSA-2173795,2,1.0593732193732193,1.8879087779690191,28,332,0.2864650453518043,0.686362558326135,
Alamar NULISA,R-HSA-438064,4,2.724102564102564,1.4683734939759037,72,332,0.2897184971525393,0.6918361437020503,Post NMDA receptor activation events
Alamar NULISA,R-HSA-373760,5,3.707806267806268,1.3485062699778707,98,332,0.3127958750959648,0.6927020759161421,L1CAM interactions
Alamar NULISA,R-HSA-5626467,2,1.0972079772079772,1.822808475280432,29,332,0.3006364412861696,0.6927020759161421,
Alamar NULISA,R-HSA-201451,2,1.135042735042735,1.7620481927710845,30,332,0.31476015325786677,0.6927020759161421,
Alamar NULISA,R-HSA-2122948,2,1.135042735042735,1.7620481927710845,30,332,0.31476015325786677,0.6927020759161421,
Alamar NULISA,R-HSA-9762292,1,0.3783475783475784,2.6430722891566263,10,332,0.32015642164191443,0.6927020759161421,
Alamar NULISA,R-HSA-419812,1,0.3783475783475784,2.6430722891566263,10,332,0.32015642164191443,0.6927020759161421,
Alamar NULISA,R-HSA-1169091,3,1.9295726495726495,1.554748405386251,51,332,0.30377573380138595,0.6927020759161421,Activation of NF-kappaB in B cells
Alamar NULISA,R-HSA-9766229,3,1.9295726495726495,1.554748405386251,51,332,0.30377573380138595,0.6927020759161421,Degradation of CDH1
Alamar NULISA,R-HSA-9768759,1,0.3783475783475784,2.6430722891566263,10,332,0.32015642164191443,0.6927020759161421,
Alamar NULISA,R-HSA-2022928,2,1.0972079772079772,1.822808475280432,29,332,0.3006364412861696,0.6927020759161421,HS-GAG biosynthesis
Alamar NULISA,R-HSA-1227986,3,1.9295726495726495,1.554748405386251,51,332,0.30377573380138595,0.6927020759161421,Signaling by ERBB2
Alamar NULISA,R-HSA-74752,4,2.7619373219373218,1.4482587885789735,73,332,0.2982864093477832,0.6927020759161421,Signaling by Insulin receptor
Alamar NULISA,R-HSA-9645460,1,0.3783475783475784,2.6430722891566263,10,332,0.32015642164191443,0.6927020759161421,
Alamar NULISA,R-HSA-5694530,2,1.0972079772079772,1.822808475280432,29,332,0.3006364412861696,0.6927020759161421,Cargo concentration in the ER
Alamar NULISA,R-HSA-8875656,1,0.3783475783475784,2.6430722891566263,10,332,0.32015642164191443,0.6927020759161421,
Alamar NULISA,R-HSA-1462054,1,0.3783475783475784,2.6430722891566263,10,332,0.32015642164191443,0.6927020759161421,Alpha-defensins
Alamar NULISA,R-HSA-8963693,1,0.3783475783475784,2.6430722891566263,10,332,0.32015642164191443,0.6927020759161421,
Alamar NULISA,R-HSA-9708530,1,0.3783475783475784,2.6430722891566263,10,332,0.32015642164191443,0.6927020759161421,
Alamar NULISA,R-HSA-1839124,2,1.135042735042735,1.7620481927710845,30,332,0.31476015325786677,0.6927020759161421,FGFR1 mutant receptor activation
Alamar NULISA,R-HSA-2022923,1,0.3783475783475784,2.6430722891566263,10,332,0.32015642164191443,0.6927020759161421,
Alamar NULISA,R-HSA-159740,1,0.3783475783475784,2.6430722891566263,10,332,0.32015642164191443,0.6927020759161421,Gamma-carboxylation of protein precursors
Alamar NULISA,R-HSA-8951936,1,0.3783475783475784,2.6430722891566263,10,332,0.32015642164191443,0.6927020759161421,RUNX3 regulates p14-ARF
Alamar NULISA,R-HSA-9701898,1,0.3783475783475784,2.6430722891566263,10,332,0.32015642164191443,0.6927020759161421,
Alamar NULISA,R-HSA-9636383,1,0.3783475783475784,2.6430722891566263,10,332,0.32015642164191443,0.6927020759161421,
Alamar NULISA,R-HSA-9796292,1,0.3783475783475784,2.6430722891566263,10,332,0.32015642164191443,0.6927020759161421,
Alamar NULISA,R-HSA-2892247,1,0.3783475783475784,2.6430722891566263,10,332,0.32015642164191443,0.6927020759161421,
Alamar NULISA,R-HSA-5654687,2,1.135042735042735,1.7620481927710845,30,332,0.31476015325786677,0.6927020759161421,Downstream signaling of activated FGFR1
Alamar NULISA,R-HSA-189200,1,0.3783475783475784,2.6430722891566263,10,332,0.32015642164191443,0.6927020759161421,
Alamar NULISA,R-HSA-210990,1,0.3783475783475784,2.6430722891566263,10,332,0.32015642164191443,0.6927020759161421,PECAM1 interactions
Alamar NULISA,R-HSA-9927354,1,0.3783475783475784,2.6430722891566263,10,332,0.32015642164191443,0.6927020759161421,
Alamar NULISA,R-HSA-8948747,1,0.3783475783475784,2.6430722891566263,10,332,0.32015642164191443,0.6927020759161421,
Alamar NULISA,R-HSA-9663891,4,2.8754415954415955,1.3910906785034876,76,332,0.3241529950277722,0.6983190634761242,
Alamar NULISA,R-HSA-163841,3,2.0052421652421653,1.4960786542395998,53,332,0.3247085841373575,0.6983190634761242,"Gamma carboxylation, hypusinylation, hydroxylation, and arylsulfatase activation"
Alamar NULISA,R-HSA-9920588,2,1.1728774928774928,1.7052079284881463,31,332,0.3288195412322952,0.7008273207159963,
Alamar NULISA,R-HSA-381042,2,1.1728774928774928,1.7052079284881463,31,332,0.3288195412322952,0.7008273207159963,PERK regulates gene expression
Alamar NULISA,R-HSA-1839126,2,1.1728774928774928,1.7052079284881463,31,332,0.3288195412322952,0.7008273207159963,FGFR2 mutant receptor activation
Alamar NULISA,R-HSA-1369062,1,0.4161823361823362,2.402792990142388,11,332,0.34590748473545524,0.701641886650895,
Alamar NULISA,R-HSA-5696394,2,1.2107122507122507,1.6519201807228916,32,332,0.34279928506777135,0.701641886650895,
Alamar NULISA,R-HSA-5682910,1,0.4161823361823362,2.402792990142388,11,332,0.34590748473545524,0.701641886650895,
Alamar NULISA,R-HSA-264870,1,0.4161823361823362,2.402792990142388,11,332,0.34590748473545524,0.701641886650895,
Alamar NULISA,R-HSA-8878159,4,2.951111111111111,1.355421686746988,78,332,0.3414850115073141,0.701641886650895,Transcriptional regulation by RUNX3
Alamar NULISA,R-HSA-8986944,3,2.043076923076923,1.4683734939759037,54,332,0.3351792280493525,0.701641886650895,
Alamar NULISA,R-HSA-9690406,1,0.4161823361823362,2.402792990142388,11,332,0.34590748473545524,0.701641886650895,
Alamar NULISA,R-HSA-5210891,1,0.4161823361823362,2.402792990142388,11,332,0.34590748473545524,0.701641886650895,
Alamar NULISA,R-HSA-351906,1,0.4161823361823362,2.402792990142388,11,332,0.34590748473545524,0.701641886650895,
Alamar NULISA,R-HSA-8875555,1,0.4161823361823362,2.402792990142388,11,332,0.34590748473545524,0.701641886650895,
Alamar NULISA,R-HSA-428542,1,0.4161823361823362,2.402792990142388,11,332,0.34590748473545524,0.701641886650895,
Alamar NULISA,R-HSA-9710421,1,0.4161823361823362,2.402792990142388,11,332,0.34590748473545524,0.701641886650895,
Alamar NULISA,R-HSA-3322077,1,0.4161823361823362,2.402792990142388,11,332,0.34590748473545524,0.701641886650895,
Alamar NULISA,R-HSA-9027276,1,0.4161823361823362,2.402792990142388,11,332,0.34590748473545524,0.701641886650895,
Alamar NULISA,R-HSA-5685939,1,0.4161823361823362,2.402792990142388,11,332,0.34590748473545524,0.701641886650895,
Alamar NULISA,R-HSA-8851805,1,0.4161823361823362,2.402792990142388,11,332,0.34590748473545524,0.701641886650895,MET activates RAS signaling
Alamar NULISA,R-HSA-442660,1,0.4161823361823362,2.402792990142388,11,332,0.34590748473545524,0.701641886650895,
Alamar NULISA,R-HSA-8856828,6,4.842849002849003,1.2389401355421685,128,332,0.3556700766267307,0.713370617940876,Clathrin-mediated endocytosis
Alamar NULISA,R-HSA-168638,2,1.2485470085470085,1.6018619934282585,33,332,0.356685308970438,0.713370617940876,NOD1/2 Signaling Pathway
Alamar NULISA,R-HSA-9764561,3,2.1187464387464385,1.4159315834767643,56,332,0.3560907252457445,0.713370617940876,Regulation of CDH1 Function
Alamar NULISA,R-HSA-5625740,2,1.2485470085470085,1.6018619934282585,33,332,0.356685308970438,0.713370617940876,
Alamar NULISA,R-HSA-9615710,2,1.2485470085470085,1.6018619934282585,33,332,0.356685308970438,0.713370617940876,
Alamar NULISA,R-HSA-888590,1,0.4918518518518519,2.033132530120482,13,332,0.39452852683004197,0.7149577871996191,
Alamar NULISA,R-HSA-418990,8,6.772421652421652,1.1812613582822913,179,332,0.36632118517605367,0.7149577871996191,Adherens junctions interactions
Alamar NULISA,R-HSA-442755,4,3.0646153846153847,1.3052208835341366,81,332,0.36752278262612464,0.7149577871996191,Activation of NMDA receptors and postsynaptic events
Alamar NULISA,R-HSA-9856530,3,2.2322507122507123,1.3439350622830304,59,332,0.3872777060683064,0.7149577871996191,High laminar flow shear stress activates signaling by PIEZO1 and PECAM1:CDH5:KDR in endothelial cells
Alamar NULISA,R-HSA-1358803,1,0.4918518518518519,2.033132530120482,13,332,0.39452852683004197,0.7149577871996191,
Alamar NULISA,R-HSA-75205,1,0.4918518518518519,2.033132530120482,13,332,0.39452852683004197,0.7149577871996191,Dissolution of Fibrin Clot
Alamar NULISA,R-HSA-177504,1,0.4918518518518519,2.033132530120482,13,332,0.39452852683004197,0.7149577871996191,
Alamar NULISA,R-HSA-450294,3,2.1944159544159545,1.367106356460324,58,332,0.3769149937970212,0.7149577871996191,
Alamar NULISA,R-HSA-196299,1,0.4918518518518519,2.033132530120482,13,332,0.39452852683004197,0.7149577871996191,
Alamar NULISA,R-HSA-5339716,1,0.4918518518518519,2.033132530120482,13,332,0.39452852683004197,0.7149577871996191,
Alamar NULISA,R-HSA-5358747,1,0.4918518518518519,2.033132530120482,13,332,0.39452852683004197,0.7149577871996191,
Alamar NULISA,R-HSA-5358749,1,0.4918518518518519,2.033132530120482,13,332,0.39452852683004197,0.7149577871996191,
Alamar NULISA,R-HSA-5358751,1,0.4918518518518519,2.033132530120482,13,332,0.39452852683004197,0.7149577871996191,
Alamar NULISA,R-HSA-5358752,1,0.4918518518518519,2.033132530120482,13,332,0.39452852683004197,0.7149577871996191,
Alamar NULISA,R-HSA-1236977,1,0.454017094017094,2.2025602409638556,12,332,0.3706859780111089,0.7149577871996191,
Alamar NULISA,R-HSA-877300,4,3.1024501424501425,1.2893035556861592,82,332,0.37619525045291174,0.7149577871996191,
Alamar NULISA,R-HSA-162594,1,0.4918518518518519,2.033132530120482,13,332,0.39452852683004197,0.7149577871996191,Early Phase of HIV Life Cycle
Alamar NULISA,R-HSA-9614657,1,0.4918518518518519,2.033132530120482,13,332,0.39452852683004197,0.7149577871996191,
Alamar NULISA,R-HSA-9754189,1,0.454017094017094,2.2025602409638556,12,332,0.3706859780111089,0.7149577871996191,
Alamar NULISA,R-HSA-9834899,1,0.454017094017094,2.2025602409638556,12,332,0.3706859780111089,0.7149577871996191,
Alamar NULISA,R-HSA-170968,1,0.454017094017094,2.2025602409638556,12,332,0.3706859780111089,0.7149577871996191,
Alamar NULISA,R-HSA-5083632,1,0.4918518518518519,2.033132530120482,13,332,0.39452852683004197,0.7149577871996191,
Alamar NULISA,R-HSA-933543,1,0.4918518518518519,2.033132530120482,13,332,0.39452852683004197,0.7149577871996191,
Alamar NULISA,R-HSA-5696395,2,1.2863817663817665,1.5547484053862508,34,332,0.37046470974859486,0.7149577871996191,
Alamar NULISA,R-HSA-975163,1,0.4918518518518519,2.033132530120482,13,332,0.39452852683004197,0.7149577871996191,
Alamar NULISA,R-HSA-5578768,1,0.454017094017094,2.2025602409638556,12,332,0.3706859780111089,0.7149577871996191,
Alamar NULISA,R-HSA-264642,1,0.4918518518518519,2.033132530120482,13,332,0.39452852683004197,0.7149577871996191,
Alamar NULISA,R-HSA-5696400,2,1.2863817663817665,1.5547484053862508,34,332,0.37046470974859486,0.7149577871996191,
Alamar NULISA,R-HSA-430116,1,0.454017094017094,2.2025602409638556,12,332,0.3706859780111089,0.7149577871996191,
Alamar NULISA,R-HSA-9027284,1,0.4918518518518519,2.033132530120482,13,332,0.39452852683004197,0.7149577871996191,Erythropoietin activates RAS
Alamar NULISA,R-HSA-9828806,1,0.454017094017094,2.2025602409638556,12,332,0.3706859780111089,0.7149577871996191,
Alamar NULISA,R-HSA-5689896,2,1.3242165242165242,1.5103270223752152,35,332,0.38412568868843167,0.7149577871996191,Ovarian tumor domain proteases
Alamar NULISA,R-HSA-5083636,1,0.4918518518518519,2.033132530120482,13,332,0.39452852683004197,0.7149577871996191,
Alamar NULISA,R-HSA-5083625,1,0.4918518518518519,2.033132530120482,13,332,0.39452852683004197,0.7149577871996191,
Alamar NULISA,R-HSA-174490,1,0.4918518518518519,2.033132530120482,13,332,0.39452852683004197,0.7149577871996191,
Alamar NULISA,R-HSA-174495,1,0.4918518518518519,2.033132530120482,13,332,0.39452852683004197,0.7149577871996191,
Alamar NULISA,R-HSA-3238698,1,0.454017094017094,2.2025602409638556,12,332,0.3706859780111089,0.7149577871996191,
Alamar NULISA,R-HSA-9607240,2,1.362051282051282,1.4683734939759037,36,332,0.3976574868811253,0.716988499073544,FLT3 Signaling
Alamar NULISA,R-HSA-9609736,2,1.362051282051282,1.4683734939759037,36,332,0.3976574868811253,0.716988499073544,
Alamar NULISA,R-HSA-111465,2,1.39988603988604,1.4286877238684466,37,332,0.41105032383888435,0.730573167320269,Apoptotic cleavage of cellular proteins
Alamar NULISA,R-HSA-180534,2,1.39988603988604,1.4286877238684466,37,332,0.41105032383888435,0.730573167320269,Vpu mediated degradation of CD4
Alamar NULISA,R-HSA-201681,6,5.183361823361824,1.1575499076598363,137,332,0.4169831694642934,0.730573167320269,TCF dependent signaling in response to WNT
Alamar NULISA,R-HSA-3214841,2,1.39988603988604,1.4286877238684466,37,332,0.41105032383888435,0.730573167320269,
Alamar NULISA,R-HSA-2162123,1,0.5296866096866096,1.8879087779690191,14,332,0.417470381325868,0.730573167320269,
Alamar NULISA,R-HSA-5655302,2,1.39988603988604,1.4286877238684466,37,332,0.41105032383888435,0.730573167320269,Signaling by FGFR1 in disease
Alamar NULISA,R-HSA-2022090,3,2.3079202279202278,1.2998716176180132,61,332,0.4078734039993624,0.730573167320269,Assembly of collagen fibrils and other multimeric structures
Alamar NULISA,R-HSA-937072,1,0.5296866096866096,1.8879087779690191,14,332,0.417470381325868,0.730573167320269,
Alamar NULISA,R-HSA-9824878,1,0.5296866096866096,1.8879087779690191,14,332,0.417470381325868,0.730573167320269,
Alamar NULISA,R-HSA-918233,1,0.5296866096866096,1.8879087779690191,14,332,0.417470381325868,0.730573167320269,
Alamar NULISA,R-HSA-3134975,1,0.5296866096866096,1.8879087779690191,14,332,0.417470381325868,0.730573167320269,
Alamar NULISA,R-HSA-877312,1,0.5296866096866096,1.8879087779690191,14,332,0.417470381325868,0.730573167320269,
Alamar NULISA,R-HSA-9725370,4,3.2916239316239317,1.2152056501869546,87,332,0.4193249002484655,0.7320243979887638,Signaling by ALK fusions and activated point mutants
Alamar NULISA,R-HSA-2691232,1,0.5675213675213675,1.7620481927710845,15,332,0.43954546789130683,0.7508025456325192,
Alamar NULISA,R-HSA-8866427,1,0.5675213675213675,1.7620481927710845,15,332,0.43954546789130683,0.7508025456325192,
Alamar NULISA,R-HSA-9707616,2,1.4755555555555555,1.355421686746988,39,332,0.43738453768842567,0.7508025456325192,
Alamar NULISA,R-HSA-9943962,1,0.5675213675213675,1.7620481927710845,15,332,0.43954546789130683,0.7508025456325192,
Alamar NULISA,R-HSA-8875360,1,0.5675213675213675,1.7620481927710845,15,332,0.43954546789130683,0.7508025456325192,
Alamar NULISA,R-HSA-381771,1,0.5675213675213675,1.7620481927710845,15,332,0.43954546789130683,0.7508025456325192,"Synthesis, secretion, and inactivation of Glucagon-like Peptide-1 (GLP-1)"
Alamar NULISA,R-HSA-110312,1,0.5675213675213675,1.7620481927710845,15,332,0.43954546789130683,0.7508025456325192,
Alamar NULISA,R-HSA-181430,1,0.5675213675213675,1.7620481927710845,15,332,0.43954546789130683,0.7508025456325192,
Alamar NULISA,R-HSA-181429,1,0.5675213675213675,1.7620481927710845,15,332,0.43954546789130683,0.7508025456325192,
Alamar NULISA,R-HSA-5689603,3,2.4592592592592593,1.2198795180722892,65,332,0.4483907274202888,0.7640834830025923,UCH proteinases
Alamar NULISA,R-HSA-422085,1,0.6053561253561254,1.6519201807228916,16,332,0.4607864387429151,0.7653476980167071,"Synthesis, secretion, and deacylation of Ghrelin"
Alamar NULISA,R-HSA-9013695,1,0.6053561253561254,1.6519201807228916,16,332,0.4607864387429151,0.7653476980167071,
Alamar NULISA,R-HSA-450408,2,1.5512250712250713,1.2893035556861592,41,332,0.463067514766411,0.7653476980167071,AUF1 (hnRNP D0) binds and destabilizes mRNA
Alamar NULISA,R-HSA-9929356,2,1.5512250712250713,1.2893035556861592,41,332,0.463067514766411,0.7653476980167071,GSK3B-mediated proteasomal degradation of PD-L1(CD274)
Alamar NULISA,R-HSA-389356,2,1.5512250712250713,1.2893035556861592,41,332,0.463067514766411,0.7653476980167071,Co-stimulation by CD28
Alamar NULISA,R-HSA-901032,1,0.6053561253561254,1.6519201807228916,16,332,0.4607864387429151,0.7653476980167071,
Alamar NULISA,R-HSA-2024101,1,0.6053561253561254,1.6519201807228916,16,332,0.4607864387429151,0.7653476980167071,
Alamar NULISA,R-HSA-1295596,1,0.6053561253561254,1.6519201807228916,16,332,0.4607864387429151,0.7653476980167071,
Alamar NULISA,R-HSA-9825892,1,0.6053561253561254,1.6519201807228916,16,332,0.4607864387429151,0.7653476980167071,
Alamar NULISA,R-HSA-5655253,2,1.5133903133903135,1.3215361445783131,40,332,0.45031073624540807,0.7653476980167071,Signaling by FGFR2 in disease
Alamar NULISA,R-HSA-5655862,1,0.6053561253561254,1.6519201807228916,16,332,0.4607864387429151,0.7653476980167071,
Alamar NULISA,R-HSA-5656121,1,0.6053561253561254,1.6519201807228916,16,332,0.4607864387429151,0.7653476980167071,
Alamar NULISA,R-HSA-392517,1,0.6053561253561254,1.6519201807228916,16,332,0.4607864387429151,0.7653476980167071,
Alamar NULISA,R-HSA-212436,31,30.343475783475782,1.0216364209957036,802,332,0.4781134512841329,0.7756082388706136,Generic Transcription Pathway
Alamar NULISA,R-HSA-189483,1,0.6431908831908832,1.5547484053862508,17,332,0.48122471963540875,0.7756082388706136,Heme degradation
Alamar NULISA,R-HSA-2022377,1,0.6431908831908832,1.5547484053862508,17,332,0.48122471963540875,0.7756082388706136,Metabolism of Angiotensinogen to Angiotensins
Alamar NULISA,R-HSA-9938027,13,12.447635327635327,1.0443750686637128,329,332,0.4769670759366408,0.7756082388706136,Affinity selection of immunoglobulins
Alamar NULISA,R-HSA-5687128,3,2.572763532763533,1.166061304039688,68,332,0.4780356823572962,0.7756082388706136,MAPK6/MAPK4 signaling
Alamar NULISA,R-HSA-9604323,2,1.589059829059829,1.258605851979346,42,332,0.475649168746005,0.7756082388706136,Negative regulation of NOTCH4 signaling
Alamar NULISA,R-HSA-450604,1,0.6431908831908832,1.5547484053862508,17,332,0.48122471963540875,0.7756082388706136,
Alamar NULISA,R-HSA-5602498,1,0.6431908831908832,1.5547484053862508,17,332,0.48122471963540875,0.7756082388706136,
Alamar NULISA,R-HSA-1433559,1,0.6431908831908832,1.5547484053862508,17,332,0.48122471963540875,0.7756082388706136,Regulation of KIT signaling
Alamar NULISA,R-HSA-936964,1,0.6431908831908832,1.5547484053862508,17,332,0.48122471963540875,0.7756082388706136,
Alamar NULISA,R-HSA-8851708,1,0.6431908831908832,1.5547484053862508,17,332,0.48122471963540875,0.7756082388706136,Signaling by FGFR2 IIIa TM
Alamar NULISA,R-HSA-9833482,3,2.6105982905982907,1.1491618648507071,69,332,0.48775331547364087,0.7813187770382982,PKR-mediated signaling
Alamar NULISA,R-HSA-5676590,2,1.626894586894587,1.2293359484449424,43,332,0.48805066464857283,0.7813187770382982,NIK-->noncanonical NF-kB signaling
Alamar NULISA,R-HSA-1433557,2,1.626894586894587,1.2293359484449424,43,332,0.48805066464857283,0.7813187770382982,Signaling by SCF-KIT
Alamar NULISA,R-HSA-1181150,1,0.681025641025641,1.4683734939759037,18,332,0.5008905557944681,0.7825729908911383,
Alamar NULISA,R-HSA-8941858,2,1.6647293447293448,1.201396495071194,44,332,0.5002675975735977,0.7825729908911383,Regulation of RUNX3 expression and activity
Alamar NULISA,R-HSA-9769743,1,0.681025641025641,1.4683734939759037,18,332,0.5008905557944681,0.7825729908911383,Amplification and propagation of coagulation cascade
Alamar NULISA,R-HSA-9968297,1,0.681025641025641,1.4683734939759037,18,332,0.5008905557944681,0.7825729908911383,
Alamar NULISA,R-HSA-9909505,1,0.681025641025641,1.4683734939759037,18,332,0.5008905557944681,0.7825729908911383,
Alamar NULISA,R-HSA-6804760,1,0.681025641025641,1.4683734939759037,18,332,0.5008905557944681,0.7825729908911383,Regulation of TP53 Activity through Methylation
Alamar NULISA,R-HSA-1912420,1,0.681025641025641,1.4683734939759037,18,332,0.5008905557944681,0.7825729908911383,
Alamar NULISA,R-HSA-5621575,1,0.681025641025641,1.4683734939759037,18,332,0.5008905557944681,0.7825729908911383,CD209 (DC-SIGN) signaling
Alamar NULISA,R-HSA-416700,1,0.681025641025641,1.4683734939759037,18,332,0.5008905557944681,0.7825729908911383,
Alamar NULISA,R-HSA-9733709,1,0.681025641025641,1.4683734939759037,18,332,0.5008905557944681,0.7825729908911383,
Alamar NULISA,R-HSA-110320,1,0.681025641025641,1.4683734939759037,18,332,0.5008905557944681,0.7825729908911383,
Alamar NULISA,R-HSA-171319,1,0.7188603988603989,1.3910906785034876,19,332,0.5198130561343377,0.8016123587039247,
Alamar NULISA,R-HSA-210500,1,0.7188603988603989,1.3910906785034876,19,332,0.5198130561343377,0.8016123587039247,
Alamar NULISA,R-HSA-2022870,1,0.7188603988603989,1.3910906785034876,19,332,0.5198130561343377,0.8016123587039247,
Alamar NULISA,R-HSA-5625900,1,0.7188603988603989,1.3910906785034876,19,332,0.5198130561343377,0.8016123587039247,
Alamar NULISA,R-HSA-167044,1,0.7188603988603989,1.3910906785034876,19,332,0.5198130561343377,0.8016123587039247,Signalling to RAS
Alamar NULISA,R-HSA-9912633,1,0.7188603988603989,1.3910906785034876,19,332,0.5198130561343377,0.8016123587039247,"Antigen processing: Ub, ATP-independent proteasomal degradation"
Alamar NULISA,R-HSA-165159,2,1.7403988603988605,1.1491618648507071,46,332,0.5241330595391361,0.8065323373080672,
Alamar NULISA,R-HSA-9918432,2,1.7782336182336183,1.124711612407075,47,332,0.5357755714840172,0.8104355451020983,
Alamar NULISA,R-HSA-381340,3,2.79977207977208,1.071515792901335,74,332,0.5349568879218215,0.8104355451020983,Transcriptional regulation of white adipocyte differentiation
Alamar NULISA,R-HSA-5218921,1,0.7566951566951567,1.3215361445783131,20,332,0.538020235824082,0.8104355451020983,VEGFR2 mediated cell proliferation
Alamar NULISA,R-HSA-901042,1,0.7566951566951567,1.3215361445783131,20,332,0.538020235824082,0.8104355451020983,
Alamar NULISA,R-HSA-212676,1,0.7566951566951567,1.3215361445783131,20,332,0.538020235824082,0.8104355451020983,
Alamar NULISA,R-HSA-9818027,1,0.7566951566951567,1.3215361445783131,20,332,0.538020235824082,0.8104355451020983,
Alamar NULISA,R-HSA-1368108,1,0.7566951566951567,1.3215361445783131,20,332,0.538020235824082,0.8104355451020983,
Alamar NULISA,R-HSA-912631,1,0.7566951566951567,1.3215361445783131,20,332,0.538020235824082,0.8104355451020983,Regulation of signaling by CBL
Alamar NULISA,R-HSA-9968295,1,0.7566951566951567,1.3215361445783131,20,332,0.538020235824082,0.8104355451020983,
Alamar NULISA,R-HSA-977068,1,0.7566951566951567,1.3215361445783131,20,332,0.538020235824082,0.8104355451020983,
Alamar NULISA,R-HSA-3371453,3,2.8754415954415955,1.0433180088776157,76,332,0.5531395105825775,0.8195348902613422,
Alamar NULISA,R-HSA-917937,2,1.816068376068376,1.1012801204819278,48,332,0.5472214162408133,0.8195348902613422,
Alamar NULISA,R-HSA-9648002,1,0.7945299145299145,1.258605851979346,21,332,0.5555390572639911,0.8195348902613422,RAS processing
Alamar NULISA,R-HSA-9619665,1,0.7945299145299145,1.258605851979346,21,332,0.5555390572639911,0.8195348902613422,
Alamar NULISA,R-HSA-5218920,1,0.7945299145299145,1.258605851979346,21,332,0.5555390572639911,0.8195348902613422,
Alamar NULISA,R-HSA-9927426,1,0.7945299145299145,1.258605851979346,21,332,0.5555390572639911,0.8195348902613422,
Alamar NULISA,R-HSA-8935690,1,0.7945299145299145,1.258605851979346,21,332,0.5555390572639911,0.8195348902613422,
Alamar NULISA,R-HSA-174048,1,0.7945299145299145,1.258605851979346,21,332,0.5555390572639911,0.8195348902613422,
Alamar NULISA,R-HSA-9844594,1,0.7945299145299145,1.258605851979346,21,332,0.5555390572639911,0.8195348902613422,
Alamar NULISA,R-HSA-4641263,1,0.7945299145299145,1.258605851979346,21,332,0.5555390572639911,0.8195348902613422,
Alamar NULISA,R-HSA-3928665,2,1.853903133903134,1.0788050159822964,49,332,0.5584687713658832,0.8204664665745692,EPH-ephrin mediated repulsion of cells
Alamar NULISA,R-HSA-9931269,2,1.853903133903134,1.0788050159822964,49,332,0.5584687713658832,0.8204664665745692,AMPK-induced ERAD and lysosome mediated degradation of PD-L1(CD274)
Alamar NULISA,R-HSA-163560,1,0.8323646723646724,1.201396495071194,22,332,0.572395469531338,0.8340619698885211,
Alamar NULISA,R-HSA-9759475,1,0.8323646723646724,1.201396495071194,22,332,0.572395469531338,0.8340619698885211,
Alamar NULISA,R-HSA-166208,1,0.8323646723646724,1.201396495071194,22,332,0.572395469531338,0.8340619698885211,
Alamar NULISA,R-HSA-163125,3,2.951111111111111,1.016566265060241,78,332,0.5708951171988605,0.8340619698885211,
Alamar NULISA,R-HSA-2644606,2,1.9295726495726495,1.0364989369241673,51,332,0.580362783185924,0.8405254101313383,
Alamar NULISA,R-HSA-2894862,2,1.9295726495726495,1.0364989369241673,51,332,0.580362783185924,0.8405254101313383,
Alamar NULISA,R-HSA-5628897,3,2.9889458689458688,1.0036983376544153,79,332,0.5796082113893561,0.8405254101313383,TP53 Regulates Metabolic Genes
Alamar NULISA,R-HSA-1483191,1,0.8701994301994302,1.1491618648507071,23,332,0.5886144463524962,0.8422258811536719,
Alamar NULISA,R-HSA-6783310,1,0.8701994301994302,1.1491618648507071,23,332,0.5886144463524962,0.8422258811536719,
Alamar NULISA,R-HSA-166786,3,3.026780626780627,0.9911521084337349,80,332,0.5882094107290414,0.8422258811536719,Creation of C4 and C2 activators
Alamar NULISA,R-HSA-9006335,1,0.8701994301994302,1.1491618648507071,23,332,0.5886144463524962,0.8422258811536719,Signaling by Erythropoietin
Alamar NULISA,R-HSA-5668599,1,0.8701994301994302,1.1491618648507071,23,332,0.5886144463524962,0.8422258811536719,
Alamar NULISA,R-HSA-5696397,1,0.8701994301994302,1.1491618648507071,23,332,0.5886144463524962,0.8422258811536719,
Alamar NULISA,R-HSA-6794361,2,1.9674074074074075,1.016566265060241,52,332,0.5910077703135436,0.8439590960077402,
Alamar NULISA,R-HSA-69473,2,2.0052421652421653,0.9973857694930666,53,332,0.6014508756537862,0.8509134046875828,G2/M DNA damage checkpoint
Alamar NULISA,R-HSA-1614635,1,0.908034188034188,1.1012801204819278,24,332,0.6042200226563088,0.8509134046875828,
Alamar NULISA,R-HSA-110373,1,0.908034188034188,1.1012801204819278,24,332,0.6042200226563088,0.8509134046875828,
Alamar NULISA,R-HSA-389357,1,0.908034188034188,1.1012801204819278,24,332,0.6042200226563088,0.8509134046875828,CD28 dependent PI3K/Akt signaling
Alamar NULISA,R-HSA-4641262,1,0.908034188034188,1.1012801204819278,24,332,0.6042200226563088,0.8509134046875828,
Alamar NULISA,R-HSA-451326,1,0.908034188034188,1.1012801204819278,24,332,0.6042200226563088,0.8509134046875828,
Alamar NULISA,R-HSA-9619483,1,0.908034188034188,1.1012801204819278,24,332,0.6042200226563088,0.8509134046875828,
Alamar NULISA,R-HSA-9707564,2,2.043076923076923,0.9789156626506025,54,332,0.6116920928693415,0.8597404612376177,Cytoprotection by HMOX1
Alamar NULISA,R-HSA-9764260,1,0.9458689458689459,1.0572289156626506,25,332,0.619235329761566,0.8652329265161608,
Alamar NULISA,R-HSA-179409,1,0.9458689458689459,1.0572289156626506,25,332,0.619235329761566,0.8652329265161608,
Alamar NULISA,R-HSA-3000157,1,0.9458689458689459,1.0572289156626506,25,332,0.619235329761566,0.8652329265161608,
Alamar NULISA,R-HSA-9679191,5,5.334700854700855,0.937259677005896,141,332,0.6220894559290879,0.8675231865886109,Potential therapeutics for SARS
Alamar NULISA,R-HSA-1234174,2,2.1187464387464385,0.9439543889845096,56,332,0.6315702590331422,0.8785425189982944,Cellular response to hypoxia
Alamar NULISA,R-HSA-196807,1,0.9837037037037037,1.016566265060241,26,332,0.63368262924947,0.8785425189982944,
Alamar NULISA,R-HSA-2173793,1,0.9837037037037037,1.016566265060241,26,332,0.63368262924947,0.8785425189982944,
Alamar NULISA,R-HSA-420092,1,1.0215384615384615,0.9789156626506025,27,332,0.6475833455700986,0.880713349975334,
Alamar NULISA,R-HSA-9022692,1,1.0215384615384615,0.9789156626506025,27,332,0.6475833455700986,0.880713349975334,
Alamar NULISA,R-HSA-399719,1,1.0215384615384615,0.9789156626506025,27,332,0.6475833455700986,0.880713349975334,
Alamar NULISA,R-HSA-399721,1,1.0215384615384615,0.9789156626506025,27,332,0.6475833455700986,0.880713349975334,
Alamar NULISA,R-HSA-8876198,3,3.253789173789174,0.9220019613337068,86,332,0.6374016545057732,0.880713349975334,
Alamar NULISA,R-HSA-456926,1,1.0215384615384615,0.9789156626506025,27,332,0.6475833455700986,0.880713349975334,Thrombin signalling through proteinase activated receptors (PARs)
Alamar NULISA,R-HSA-166663,3,3.2916239316239317,0.911404237640216,87,332,0.6451901100149628,0.880713349975334,Initial triggering of complement
Alamar NULISA,R-HSA-9683701,1,1.0215384615384615,0.9789156626506025,27,332,0.6475833455700986,0.880713349975334,
Alamar NULISA,R-HSA-162588,1,1.0215384615384615,0.9789156626506025,27,332,0.6475833455700986,0.880713349975334,
Alamar NULISA,R-HSA-8874081,1,1.0215384615384615,0.9789156626506025,27,332,0.6475833455700986,0.880713349975334,
Alamar NULISA,R-HSA-532668,1,1.0593732193732193,0.9439543889845096,28,332,0.6609580974300353,0.8921060143006525,
Alamar NULISA,R-HSA-9840310,1,1.0593732193732193,0.9439543889845096,28,332,0.6609580974300353,0.8921060143006525,
Alamar NULISA,R-HSA-1222556,1,1.0593732193732193,0.9439543889845096,28,332,0.6609580974300353,0.8921060143006525,
Alamar NULISA,R-HSA-110314,1,1.0593732193732193,0.9439543889845096,28,332,0.6609580974300353,0.8921060143006525,
Alamar NULISA,R-HSA-525793,1,1.0972079772079772,0.911404237640216,29,332,0.6738267280066018,0.9009593329526474,
Alamar NULISA,R-HSA-2559580,2,2.27008547008547,0.8810240963855422,60,332,0.6689331239067213,0.9009593329526474,Oxidative Stress Induced Senescence
Alamar NULISA,R-HSA-2559585,1,1.0972079772079772,0.911404237640216,29,332,0.6738267280066018,0.9009593329526474,Oncogene Induced Senescence
Alamar NULISA,R-HSA-9031628,1,1.0972079772079772,0.911404237640216,29,332,0.6738267280066018,0.9009593329526474,
Alamar NULISA,R-HSA-9861718,1,1.0972079772079772,0.911404237640216,29,332,0.6738267280066018,0.9009593329526474,
Alamar NULISA,R-HSA-8873719,2,2.3079202279202278,0.8665810784120087,61,332,0.677782605937479,0.904554730167028,
Alamar NULISA,R-HSA-422356,2,2.3457549857549855,0.8526039642440731,62,332,0.6864388631062082,0.9076247189959864,Regulation of insulin secretion
Alamar NULISA,R-HSA-9913351,1,1.135042735042735,0.8810240963855422,30,332,0.6862083340324203,0.9076247189959864,Formation of the dystrophin-glycoprotein complex (DGC)
Alamar NULISA,R-HSA-3214815,1,1.135042735042735,0.8810240963855422,30,332,0.6862083340324203,0.9076247189959864,
Alamar NULISA,R-HSA-8866652,1,1.135042735042735,0.8810240963855422,30,332,0.6862083340324203,0.9076247189959864,
Alamar NULISA,R-HSA-917729,1,1.135042735042735,0.8810240963855422,30,332,0.6862083340324203,0.9076247189959864,
Alamar NULISA,R-HSA-9029569,1,1.1728774928774928,0.8526039642440731,31,332,0.6981212937924244,0.916284198102557,NR1H3 & NR1H2 regulate gene expression linked to cholesterol transport and efflux
Alamar NULISA,R-HSA-204005,2,2.3835897435897437,0.8390705679862306,63,332,0.6949038006282797,0.916284198102557,COPII-mediated vesicle transport
Alamar NULISA,R-HSA-432720,1,1.1728774928774928,0.8526039642440731,31,332,0.6981212937924244,0.916284198102557,Lysosome Vesicle Biogenesis
Alamar NULISA,R-HSA-5656169,1,1.1728774928774928,0.8526039642440731,31,332,0.6981212937924244,0.916284198102557,
Alamar NULISA,R-HSA-9764265,4,4.72934472934473,0.8457831325301204,125,332,0.7020193748469787,0.9178613011323511,Regulation of CDH1 Expression and Function
Alamar NULISA,R-HSA-9764274,4,4.72934472934473,0.8457831325301204,125,332,0.7020193748469787,0.9178613011323511,Regulation of Expression and Function of Type I Classical Cadherins
Alamar NULISA,R-HSA-195253,2,2.4214245014245015,0.8259600903614458,64,332,0.7031794561896304,0.9178613011323511,Degradation of beta-catenin by the destruction complex
Alamar NULISA,R-HSA-5083635,1,1.2107122507122507,0.8259600903614458,32,332,0.7095832940738651,0.9245300583371162,Defective B3GALTL causes PpS
Alamar NULISA,R-HSA-1632852,4,4.805014245014245,0.8324637131201973,127,332,0.713774645907542,0.928297080469918,
Alamar NULISA,R-HSA-199992,2,2.497094017094017,0.8009309967141293,66,332,0.7191716591814157,0.9320951236618837,trans-Golgi Network Vesicle Budding
Alamar NULISA,R-HSA-5173214,1,1.2485470085470085,0.8009309967141293,33,332,0.7206113561083471,0.9320951236618837,O-glycosylation of TSR domain-containing proteins
Alamar NULISA,R-HSA-936440,1,1.2485470085470085,0.8009309967141293,33,332,0.7206113561083471,0.9320951236618837,
Alamar NULISA,R-HSA-70171,2,2.6484330484330485,0.7551635111876076,70,332,0.7489862294860544,0.9406260307468775,
Alamar NULISA,R-HSA-9609690,2,2.8376068376068377,0.7048192771084337,75,332,0.7823999334526393,0.9406260307468775,HCMV Early Events
Alamar NULISA,R-HSA-112310,1,1.4377207977207977,0.6955453392517438,38,332,0.7697948159876259,0.9406260307468775,
Alamar NULISA,R-HSA-1989781,3,3.7834757834757835,0.7929216867469879,100,332,0.7356590216801895,0.9406260307468775,
Alamar NULISA,R-HSA-400206,3,3.859145299145299,0.7773742026931255,102,332,0.7478284051782155,0.9406260307468775,
Alamar NULISA,R-HSA-382556,2,2.8754415954415955,0.6955453392517438,76,332,0.7885961610977762,0.9406260307468775,ABC-family protein mediated transport
Alamar NULISA,R-HSA-9725554,1,1.4755555555555555,0.677710843373494,39,332,0.7785424548902364,0.9406260307468775,
Alamar NULISA,R-HSA-5693565,1,1.5133903133903135,0.6607680722891566,40,332,0.7869586528042063,0.9406260307468775,Recruitment and ATM-mediated phosphorylation of repair and signaling proteins at DNA double strand breaks
Alamar NULISA,R-HSA-373752,1,1.5512250712250713,0.6446517778430796,41,332,0.7950559312551513,0.9406260307468775,Netrin-1 signaling
Alamar NULISA,R-HSA-69481,3,4.086153846153846,0.7341867469879518,108,332,0.7816645561509639,0.9406260307468775,G2/M Checkpoints
Alamar NULISA,R-HSA-9918487,2,2.9132763532763533,0.6865122828978251,77,332,0.7946368146845079,0.9406260307468775,
Alamar NULISA,R-HSA-9759476,4,5.183361823361824,0.7716999384398909,137,332,0.7674613792289323,0.9406260307468775,Regulation of Homotypic Cell-Cell Adhesion
Alamar NULISA,R-HSA-445355,1,1.4377207977207977,0.6955453392517438,38,332,0.7697948159876259,0.9406260307468775,Smooth Muscle Contraction
Alamar NULISA,R-HSA-9035034,1,1.4377207977207977,0.6955453392517438,38,332,0.7697948159876259,0.9406260307468775,
Alamar NULISA,R-HSA-9824585,1,1.362051282051282,0.7341867469879518,36,332,0.7512526596118123,0.9406260307468775,
Alamar NULISA,R-HSA-112314,4,5.41037037037037,0.7393209200438117,143,332,0.7957116562620644,0.9406260307468775,Neurotransmitter receptors and postsynaptic signal transmission
Alamar NULISA,R-HSA-2565942,2,2.6484330484330485,0.7551635111876076,70,332,0.7489862294860544,0.9406260307468775,
Alamar NULISA,R-HSA-432040,1,1.3242165242165242,0.7551635111876076,35,332,0.7414305714804047,0.9406260307468775,
Alamar NULISA,R-HSA-9660821,1,1.362051282051282,0.7341867469879518,36,332,0.7512526596118123,0.9406260307468775,ADORA2B mediated anti-inflammatory cytokines production
Alamar NULISA,R-HSA-381676,1,1.2863817663817665,0.7773742026931254,34,332,0.731221860543491,0.9406260307468775,
Alamar NULISA,R-HSA-73933,1,1.39988603988604,0.7143438619342233,37,332,0.760702724494394,0.9406260307468775,
Alamar NULISA,R-HSA-76009,1,1.362051282051282,0.7341867469879518,36,332,0.7512526596118123,0.9406260307468775,Platelet Aggregation (Plug Formation)
Alamar NULISA,R-HSA-1236978,1,1.5133903133903135,0.6607680722891566,40,332,0.7869586528042063,0.9406260307468775,Cross-presentation of soluble exogenous antigens (endosomes)
Alamar NULISA,R-HSA-169911,1,1.4377207977207977,0.6955453392517438,38,332,0.7697948159876259,0.9406260307468775,Regulation of Apoptosis
Alamar NULISA,R-HSA-174113,1,1.5512250712250713,0.6446517778430796,41,332,0.7950559312551513,0.9406260307468775,SCF-beta-TrCP mediated degradation of Emi1
Alamar NULISA,R-HSA-180585,1,1.5133903133903135,0.6607680722891566,40,332,0.7869586528042063,0.9406260307468775,Vif-mediated degradation of APOBEC3G
Alamar NULISA,R-HSA-211733,1,1.3242165242165242,0.7551635111876076,35,332,0.7414305714804047,0.9406260307468775,Regulation of activated PAK-2p34 by proteasome mediated degradation
Alamar NULISA,R-HSA-349425,1,1.39988603988604,0.7143438619342233,37,332,0.760702724494394,0.9406260307468775,Autodegradation of the E3 ubiquitin ligase COP1
Alamar NULISA,R-HSA-4641257,1,1.5133903133903135,0.6607680722891566,40,332,0.7869586528042063,0.9406260307468775,Degradation of AXIN
Alamar NULISA,R-HSA-5362768,1,1.5512250712250713,0.6446517778430796,41,332,0.7950559312551513,0.9406260307468775,Hh mutants are degraded by ERAD
Alamar NULISA,R-HSA-75815,1,1.4377207977207977,0.6955453392517438,38,332,0.7697948159876259,0.9406260307468775,Ubiquitin-dependent degradation of Cyclin D
Alamar NULISA,R-HSA-8854050,1,1.5512250712250713,0.6446517778430796,41,332,0.7950559312551513,0.9406260307468775,FBXL7 down-regulates AURKA during mitotic entry and in early mitosis
Alamar NULISA,R-HSA-9762114,1,1.5133903133903135,0.6607680722891566,40,332,0.7869586528042063,0.9406260307468775,GSK3B and BTRC:CUL1-mediated-degradation of NFE2L2
Alamar NULISA,R-HSA-9824272,1,1.5133903133903135,0.6607680722891566,40,332,0.7869586528042063,0.9406260307468775,Somitogenesis
Alamar NULISA,R-HSA-9974237,1,1.5512250712250713,0.6446517778430796,41,332,0.7950559312551513,0.9406260307468775,Negative Regulation of DNA Double Strand Break Response
Alamar NULISA,R-HSA-9772755,1,1.4755555555555555,0.677710843373494,39,332,0.7785424548902364,0.9406260307468775,
Alamar NULISA,R-HSA-156590,1,1.2863817663817665,0.7773742026931254,34,332,0.731221860543491,0.9406260307468775,
Alamar NULISA,R-HSA-6804757,1,1.3242165242165242,0.7551635111876076,35,332,0.7414305714804047,0.9406260307468775,Regulation of TP53 Degradation
Alamar NULISA,R-HSA-6806003,1,1.3242165242165242,0.7551635111876076,35,332,0.7414305714804047,0.9406260307468775,Regulation of TP53 Expression and Degradation
Alamar NULISA,R-HSA-9696273,1,1.362051282051282,0.7341867469879518,36,332,0.7512526596118123,0.9406260307468775,
Alamar NULISA,R-HSA-6781823,1,1.5133903133903135,0.6607680722891566,40,332,0.7869586528042063,0.9406260307468775,
Alamar NULISA,R-HSA-5675221,1,1.39988603988604,0.7143438619342233,37,332,0.760702724494394,0.9406260307468775,Negative regulation of MAPK pathway
Alamar NULISA,R-HSA-70268,1,1.4377207977207977,0.6955453392517438,38,332,0.7697948159876259,0.9406260307468775,
Alamar NULISA,R-HSA-1461973,1,1.2863817663817665,0.7773742026931254,34,332,0.731221860543491,0.9406260307468775,Defensins
Alamar NULISA,R-HSA-6803157,2,2.7619373219373218,0.7241293942894867,73,332,0.7695293811490334,0.9406260307468775,Antimicrobial peptides
Alamar NULISA,R-HSA-8853659,1,1.362051282051282,0.7341867469879518,36,332,0.7512526596118123,0.9406260307468775,
Alamar NULISA,R-HSA-3899300,1,1.5512250712250713,0.6446517778430796,41,332,0.7950559312551513,0.9406260307468775,
Alamar NULISA,R-HSA-8866654,1,1.4755555555555555,0.677710843373494,39,332,0.7785424548902364,0.9406260307468775,
Alamar NULISA,R-HSA-173623,2,2.7619373219373218,0.7241293942894867,73,332,0.7695293811490334,0.9406260307468775,Classical antibody-mediated complement activation
Alamar NULISA,R-HSA-977606,3,4.123988603988604,0.7274510887587046,109,332,0.7869252803739019,0.9406260307468775,Regulation of Complement cascade
Alamar NULISA,R-HSA-2122947,1,1.5133903133903135,0.6607680722891566,40,332,0.7869586528042063,0.9406260307468775,
Alamar NULISA,R-HSA-9981148,1,1.3242165242165242,0.7551635111876076,35,332,0.7414305714804047,0.9406260307468775,
Alamar NULISA,R-HSA-69541,1,1.589059829059829,0.629302925989673,42,332,0.8028463400968378,0.9474913831886648,Stabilization of p53
Alamar NULISA,R-HSA-418555,3,4.275327635327636,0.7017006077406972,113,332,0.806929276182632,0.9507384541161704,
Alamar NULISA,R-HSA-69231,1,1.626894586894587,0.6146679742224712,43,332,0.8103414752265583,0.9516181139996096,
Alamar NULISA,R-HSA-4641258,1,1.626894586894587,0.6146679742224712,43,332,0.8103414752265583,0.9516181139996096,Degradation of DVL
Alamar NULISA,R-HSA-5610785,1,1.6647293447293448,0.600698247535597,44,332,0.8175524956370921,0.9538112449099408,GLI3 is processed to GLI3R by the proteasome
Alamar NULISA,R-HSA-5678895,1,1.6647293447293448,0.600698247535597,44,332,0.8175524956370921,0.9538112449099408,Defective CFTR causes cystic fibrosis
Alamar NULISA,R-HSA-9932298,1,1.6647293447293448,0.600698247535597,44,332,0.8175524956370921,0.9538112449099408,Degradation of CRY and PER proteins
Alamar NULISA,R-HSA-72662,1,1.6647293447293448,0.600698247535597,44,332,0.8175524956370921,0.9538112449099408,
Alamar NULISA,R-HSA-5610780,1,1.7025641025641025,0.5873493975903614,45,332,0.824490139830024,0.9572129428270522,Degradation of GLI1 by the proteasome
Alamar NULISA,R-HSA-5610783,1,1.7025641025641025,0.5873493975903614,45,332,0.824490139830024,0.9572129428270522,Degradation of GLI2 by the proteasome
Alamar NULISA,R-HSA-9925563,1,1.7025641025641025,0.5873493975903614,45,332,0.824490139830024,0.9572129428270522,Developmental Lineage of Pancreatic Ductal Cells
Alamar NULISA,R-HSA-4608870,1,1.7403988603988605,0.5745809324253536,46,332,0.8311647416142658,0.9633954959619898,Asymmetric localization of PCP proteins
Alamar NULISA,R-HSA-913709,1,1.8917378917378918,0.5286144578313253,50,332,0.855426072390807,0.9664148982389814,
Alamar NULISA,R-HSA-193648,1,1.8917378917378918,0.5286144578313253,50,332,0.855426072390807,0.9664148982389814,
Alamar NULISA,R-HSA-8939236,1,1.853903133903134,0.5394025079911482,49,332,0.8497078755875842,0.9664148982389814,RUNX1 regulates transcription of genes involved in differentiation of HSCs
Alamar NULISA,R-HSA-2682334,2,3.2916239316239317,0.6076028250934773,87,332,0.847116023216904,0.9664148982389814,EPH-Ephrin signaling
Alamar NULISA,R-HSA-9662360,1,1.8917378917378918,0.5286144578313253,50,332,0.855426072390807,0.9664148982389814,
Alamar NULISA,R-HSA-2132295,3,4.578005698005698,0.6553071791297421,121,332,0.8422190642743645,0.9664148982389814,
Alamar NULISA,R-HSA-6811436,1,1.8917378917378918,0.5286144578313253,50,332,0.855426072390807,0.9664148982389814,
Alamar NULISA,R-HSA-5358346,1,1.816068376068376,0.5506400602409639,48,332,0.8437642203993863,0.9664148982389814,Hedgehog ligand biogenesis
Alamar NULISA,R-HSA-1234176,1,1.853903133903134,0.5394025079911482,49,332,0.8497078755875842,0.9664148982389814,Oxygen-dependent proline hydroxylation of Hypoxia-inducible Factor Alpha
Alamar NULISA,R-HSA-187577,1,1.816068376068376,0.5506400602409639,48,332,0.8437642203993863,0.9664148982389814,SCF(Skp2)-mediated degradation of p27/p21
Alamar NULISA,R-HSA-69563,1,1.8917378917378918,0.5286144578313253,50,332,0.855426072390807,0.9664148982389814,p53-Dependent G1 DNA Damage Response
Alamar NULISA,R-HSA-69601,1,1.816068376068376,0.5506400602409639,48,332,0.8437642203993863,0.9664148982389814,Ubiquitin-Mediated Degradation of Phosphorylated Cdc25A
Alamar NULISA,R-HSA-9907900,1,1.8917378917378918,0.5286144578313253,50,332,0.855426072390807,0.9664148982389814,Proteasome assembly
Alamar NULISA,R-HSA-4086398,1,1.853903133903134,0.5394025079911482,49,332,0.8497078755875842,0.9664148982389814,Ca2+ pathway
Alamar NULISA,R-HSA-9918481,6,8.437150997150997,0.7111405262304824,223,332,0.8540592857174397,0.9664148982389814,Dengue Virus-Host Interactions
Alamar NULISA,R-HSA-5685942,1,1.8917378917378918,0.5286144578313253,50,332,0.855426072390807,0.9664148982389814,
Alamar NULISA,R-HSA-2142753,1,1.9295726495726495,0.5182494684620836,51,332,0.8609273381749047,0.9694059457789044,
Alamar NULISA,R-HSA-9979719,2,3.442962962962963,0.580895008605852,91,332,0.8644671878498837,0.9694059457789044,
Alamar NULISA,R-HSA-5658442,1,1.9674074074074075,0.5082831325301205,52,332,0.8662198787212059,0.9694059457789044,Regulation of RAS by GAPs
Alamar NULISA,R-HSA-8948751,1,1.9674074074074075,0.5082831325301205,52,332,0.8662198787212059,0.9694059457789044,Regulation of PTEN stability and activity
Alamar NULISA,R-HSA-9793380,1,1.9295726495726495,0.5182494684620836,51,332,0.8609273381749047,0.9694059457789044,Formation of paraxial mesoderm
Alamar NULISA,R-HSA-9694635,1,1.9674074074074075,0.5082831325301205,52,332,0.8662198787212059,0.9694059457789044,
Alamar NULISA,R-HSA-8878166,2,3.5186324786324787,0.568402642829382,93,332,0.8724502650295595,0.9702951545655848,Transcriptional regulation by RUNX2
Alamar NULISA,R-HSA-174084,1,2.0052421652421653,0.4986928847465333,53,332,0.8713115903186563,0.9702951545655848,Autodegradation of Cdh1 by Cdh1:APC/C
Alamar NULISA,R-HSA-174154,1,2.0052421652421653,0.4986928847465333,53,332,0.8713115903186563,0.9702951545655848,APC/C:Cdc20 mediated degradation of Securin
Alamar NULISA,R-HSA-6782210,1,2.0052421652421653,0.4986928847465333,53,332,0.8713115903186563,0.9702951545655848,
Alamar NULISA,R-HSA-2871837,3,4.956353276353276,0.6052837303412122,131,332,0.8783850813962082,0.9706462353435711,FCERI mediated NF-kB activation
Alamar NULISA,R-HSA-68949,1,2.0809116809116808,0.48055859802847756,55,332,0.8809226337571906,0.9706462353435711,Orc1 removal from chromatin
Alamar NULISA,R-HSA-8939902,1,2.043076923076923,0.48945783132530124,54,332,0.8762100714026057,0.9706462353435711,Regulation of RUNX2 expression and activity
Alamar NULISA,R-HSA-6782135,1,2.043076923076923,0.48945783132530124,54,332,0.8762100714026057,0.9706462353435711,
Alamar NULISA,R-HSA-9954716,1,2.0809116809116808,0.48055859802847756,55,332,0.8809226337571906,0.9706462353435711,
Alamar NULISA,R-HSA-8943724,1,2.0809116809116808,0.48055859802847756,55,332,0.8809226337571906,0.9706462353435711,Regulation of PTEN gene transcription
Alamar NULISA,R-HSA-380259,1,2.1187464387464385,0.4719771944922548,56,332,0.8854563132976279,0.9726397041453944,
Alamar NULISA,R-HSA-380284,1,2.1187464387464385,0.4719771944922548,56,332,0.8854563132976279,0.9726397041453944,
Alamar NULISA,R-HSA-5693607,1,2.1565811965811967,0.46369689283449583,57,332,0.8898178804481254,0.9729402245634939,
Alamar NULISA,R-HSA-9033241,1,2.1565811965811967,0.46369689283449583,57,332,0.8898178804481254,0.9729402245634939,
Alamar NULISA,R-HSA-174184,1,2.1565811965811967,0.46369689283449583,57,332,0.8898178804481254,0.9729402245634939,Cdc20:Phospho-APC/C mediated degradation of Cyclin A
Alamar NULISA,R-HSA-8854518,1,2.2322507122507123,0.4479783540943435,59,332,0.8980504913782852,0.9741762513773855,
Alamar NULISA,R-HSA-176409,1,2.2322507122507123,0.4479783540943435,59,332,0.8980504913782852,0.9741762513773855,APC/C:Cdc20 mediated degradation of mitotic proteins
Alamar NULISA,R-HSA-179419,1,2.1944159544159545,0.455702118820108,58,332,0.894013850130532,0.9741762513773855,APC:Cdc20 mediated degradation of cell cycle proteins prior to satisfation of the cell cycle checkpoint
Alamar NULISA,R-HSA-5689880,3,5.2211965811965815,0.5745809324253536,138,332,0.8991346633861304,0.9741762513773855,Ub-specific processing proteases
Alamar NULISA,R-HSA-69017,1,2.1944159544159545,0.455702118820108,58,332,0.894013850130532,0.9741762513773855,CDK-mediated phosphorylation and removal of Cdc6
Alamar NULISA,R-HSA-8852276,1,2.2322507122507123,0.4479783540943435,59,332,0.8980504913782852,0.9741762513773855,The role of GTSE1 in G2/M progression after G2 checkpoint
Alamar NULISA,R-HSA-5173105,2,3.859145299145299,0.5182494684620836,102,332,0.903291297835616,0.9757185879797727,O-linked glycosylation
Alamar NULISA,R-HSA-174178,1,2.27008547008547,0.4405120481927711,60,332,0.9019338365896676,0.9757185879797727,APC/C:Cdh1 mediated degradation of Cdc20 and other APC/C:Cdh1 targeted proteins in late mitosis/early G1
Alamar NULISA,R-HSA-9938024,3,5.334700854700855,0.5623558062035375,141,332,0.9070110384100931,0.978256618466475,Somatic hypermutation of immunoglobulin genes
Alamar NULISA,R-HSA-5632684,1,2.3457549857549855,0.42630198212203657,62,332,0.9092636384228487,0.9792069952246063,Hedgehog 'on' state
Alamar NULISA,R-HSA-9664323,2,3.9726495726495727,0.5034423407917383,105,332,0.9119231833502107,0.9799741855417897,FCGR3A-mediated IL10 synthesis
Alamar NULISA,R-HSA-6781827,1,2.3835897435897437,0.4195352839931153,63,332,0.9127210551614708,0.9799741855417897,
Alamar NULISA,R-HSA-176408,1,2.4214245014245015,0.4129800451807229,64,332,0.9160471122880081,0.9820685257862428,Regulation of APC/C activators between G1/S and early anaphase
Alamar NULISA,R-HSA-1169408,1,2.7619373219373218,0.3620646971447434,73,332,0.9408326570858576,0.986720343980923,
Alamar NULISA,R-HSA-162599,2,4.4645014245014245,0.4479783540943435,118,332,0.9416315762344077,0.986720343980923,
Alamar NULISA,R-HSA-168255,2,4.237492877492877,0.4719771944922548,112,332,0.9293398810911593,0.986720343980923,Influenza Infection
Alamar NULISA,R-HSA-3108214,1,2.6862678062678063,0.3722637026981164,71,332,0.9360466393806869,0.986720343980923,
Alamar NULISA,R-HSA-376176,3,5.750883190883191,0.5216590044388079,152,332,0.9313540248205925,0.986720343980923,Signaling by ROBO receptors
Alamar NULISA,R-HSA-3247509,4,6.9994301994302,0.5714750895473787,185,332,0.9243181578004892,0.986720343980923,
Alamar NULISA,R-HSA-380270,1,2.572763532763533,0.3886871013465627,68,332,0.9281344936346017,0.986720343980923,
Alamar NULISA,R-HSA-5620912,1,2.8376068376068377,0.35240963855421686,75,332,0.9452615059985313,0.986720343980923,Anchoring of the basal body to the plasma membrane
Alamar NULISA,R-HSA-4086400,1,2.724102564102564,0.3670933734939759,72,332,0.938486036867545,0.986720343980923,PCP/CE pathway
Alamar NULISA,R-HSA-6807070,2,4.3131623931623935,0.46369689283449583,114,332,0.9336859890670948,0.986720343980923,PTEN Regulation
Alamar NULISA,R-HSA-68867,1,2.6484330484330485,0.3775817555938038,70,332,0.9335108080507439,0.986720343980923,Assembly of the pre-replicative complex
Alamar NULISA,R-HSA-69052,1,2.8376068376068377,0.35240963855421686,75,332,0.9452615059985313,0.986720343980923,Switching of origins to a post-replicative state
Alamar NULISA,R-HSA-69202,1,2.572763532763533,0.3886871013465627,68,332,0.9281344936346017,0.986720343980923,Cyclin E associated events during G1/S transition 
Alamar NULISA,R-HSA-69656,1,2.6862678062678063,0.3722637026981164,71,332,0.9360466393806869,0.986720343980923,Cyclin A:Cdk2-associated events at S phase entry
Alamar NULISA,R-HSA-9010553,2,4.237492877492877,0.4719771944922548,112,332,0.9293398810911593,0.986720343980923,Regulation of expression of SLITs and ROBOs
Alamar NULISA,R-HSA-9954709,1,2.8376068376068377,0.35240963855421686,75,332,0.9452615059985313,0.986720343980923,Ribosome Quality Control (RQC) complex extracts and degrades nascent peptide
Alamar NULISA,R-HSA-2672351,1,2.5349287749287748,0.3944884013666607,67,332,0.9252859563717898,0.986720343980923,
Alamar NULISA,R-HSA-6804756,1,2.7619373219373218,0.3620646971447434,73,332,0.9408326570858576,0.986720343980923,Regulation of TP53 Activity through Phosphorylation
Alamar NULISA,R-HSA-9013423,1,3.0646153846153847,0.32630522088353414,81,332,0.9566611246261285,0.9870752066229129,
Alamar NULISA,R-HSA-3214847,1,2.951111111111111,0.338855421686747,78,332,0.9512926884809374,0.9870752066229129,
Alamar NULISA,R-HSA-380320,1,2.9889458689458688,0.33456611255147173,79,332,0.9531520454344075,0.9870752066229129,
Alamar NULISA,R-HSA-5610787,1,3.0646153846153847,0.32630522088353414,81,332,0.9566611246261285,0.9870752066229129,Hedgehog 'off' state
Alamar NULISA,R-HSA-2168880,1,2.951111111111111,0.338855421686747,78,332,0.9512926884809374,0.9870752066229129,Scavenging of heme from plasma
Alamar NULISA,R-HSA-6805567,1,2.951111111111111,0.338855421686747,78,332,0.9512926884809374,0.9870752066229129,
Alamar NULISA,R-HSA-6809371,1,2.951111111111111,0.338855421686747,78,332,0.9512926884809374,0.9870752066229129,
Alamar NULISA,R-HSA-2029481,1,3.0646153846153847,0.32630522088353414,81,332,0.9566611246261285,0.9870752066229129,FCGR activation
Alamar NULISA,R-HSA-9018519,1,3.1402849002849003,0.318442444476702,83,332,0.9599080935293484,0.9889962175756922,Estrogen-dependent gene expression
Alamar NULISA,R-HSA-2454202,3,6.5832478632478635,0.455702118820108,174,332,0.9634282459805527,0.9911927487465628,Fc epsilon receptor (FCERI) signaling
Alamar NULISA,R-HSA-168273,1,3.480797720797721,0.2872904662126768,92,332,0.9717665294631673,0.9946959465674723,
Alamar NULISA,R-HSA-983231,2,5.334700854700855,0.3749038708023584,141,332,0.9724058413222628,0.9946959465674723,Factors involved in megakaryocyte development and platelet production
Alamar NULISA,R-HSA-6807878,1,3.442962962962963,0.290447504302926,91,332,0.970644221965774,0.9946959465674723,COPI-mediated anterograde transport
Alamar NULISA,R-HSA-2029485,1,3.480797720797721,0.2872904662126768,92,332,0.9717665294631673,0.9946959465674723,
Alamar NULISA,R-HSA-9837999,1,3.5564672364672365,0.28117790310176877,94,332,0.9738844219695244,0.9947832293079263,Mitochondrial protein degradation
Alamar NULISA,R-HSA-611105,2,5.6752136752136755,0.35240963855421686,150,332,0.9795443477689594,0.9991352347243386,
Alamar NULISA,R-HSA-72203,1,10.48022792022792,0.09541777217171937,277,332,0.9999807633185347,0.9999807633185347,
Alamar NULISA,R-HSA-1483206,1,4.086153846153846,0.24472891566265062,108,332,0.9848774759098381,0.9999807633185347,
Alamar NULISA,R-HSA-2029482,1,4.7671794871794875,0.20976764199655765,126,332,0.9925186319137794,0.9999807633185347,
Alamar NULISA,R-HSA-446203,3,10.253219373219373,0.29259102831992173,271,332,0.9982364044014531,0.9999807633185347,Asparagine N-linked glycosylation
Alamar NULISA,R-HSA-948021,2,6.356239316239316,0.3146514629948365,168,332,0.9888571686316552,0.9999807633185347,Transport to the Golgi and subsequent modification
Alamar NULISA,R-HSA-68877,1,6.545413105413106,0.15277874503795527,173,332,0.9988173830724415,0.9999807633185347,
Alamar NULISA,R-HSA-2467813,1,6.167065527065527,0.16215167418138812,163,332,0.9982474436349872,0.9999807633185347,Separation of Sister Chromatids
Alamar NULISA,R-HSA-8951664,2,6.242735042735043,0.3203723986856517,165,332,0.9876606637159098,0.9999807633185347,Neddylation
Alamar NULISA,R-HSA-983168,2,8.966837606837608,0.22304407503431445,237,332,0.9990011131432404,0.9999807633185347,Antigen processing: Ubiquitination & Proteasome degradation
Alamar NULISA,R-HSA-3700989,4,11.653105413105413,0.34325614144891253,308,332,0.997675122927925,0.9999807633185347,Transcriptional Regulation by TP53
Alamar NULISA,R-HSA-5633007,1,5.032022792022792,0.19872723978621254,133,332,0.9943121970924528,0.9999807633185347,Regulation of TP53 Activity
Alamar NULISA,R-HSA-72187,1,5.448205128205128,0.18354668674698796,144,332,0.9963043706981117,0.9999807633185347,
Alamar NULISA,R-HSA-983712,1,4.6158404558404555,0.21664526960300218,122,332,0.9912510130635671,0.9999807633185347,
Alamar NULISA,R-HSA-9770562,1,4.54017094017094,0.22025602409638556,120,332,0.9905390635554058,0.9999807633185347,
Biognosys TrueDiscovery,R-HSA-6798695,334,140.88706552706552,2.370693141705304,469,2636,7.126124999655575e-80,8.572728374585656e-77,Neutrophil degranulation
Biognosys TrueDiscovery,R-HSA-76005,99,36.94905982905983,2.679364521262815,123,2636,3.0179181869766208e-31,1.8152777894664373e-28,Response to elevated platelet cytosolic Ca2+
Biognosys TrueDiscovery,R-HSA-114608,95,35.14666666666667,2.702959028831563,117,2636,1.3229565272873417e-30,5.305055674422241e-28,Platelet degranulation 
Biognosys TrueDiscovery,R-HSA-381426,91,33.945071225071224,2.680801563108491,113,2636,7.671909949694766e-29,2.307326917370701e-26,Regulation of Insulin-like Growth Factor (IGF) transport and uptake by Insulin-like Growth Factor Binding Proteins (IGFBPs)
Biognosys TrueDiscovery,R-HSA-8957275,80,30.03988603988604,2.6631259484066767,100,2636,3.939697039116898e-25,9.478911076115256e-23,Post-translational protein phosphorylation
Biognosys TrueDiscovery,R-HSA-977606,79,32.74347578347578,2.412694379863847,109,2636,4.901671746485469e-20,9.827851851703365e-18,Regulation of Complement cascade
Biognosys TrueDiscovery,R-HSA-202733,118,58.577777777777776,2.0144157814871018,195,2636,5.227478689786256e-19,8.983795519732666e-17,Cell surface interactions at the vascular wall
Biognosys TrueDiscovery,R-HSA-9907900,45,15.01994301994302,2.9960166919575113,50,2636,9.182341563818757e-19,1.3807946126592455e-16,Proteasome assembly
Biognosys TrueDiscovery,R-HSA-9954709,59,22.52991452991453,2.618740515933232,75,2636,3.3897473612347554e-18,4.53096230618379e-16,Ribosome Quality Control (RQC) complex extracts and degrades nascent peptide
Biognosys TrueDiscovery,R-HSA-376176,97,45.66062678062678,2.124368560817826,152,2636,4.349210863478107e-18,5.068062180465434e-16,Signaling by ROBO receptors
Biognosys TrueDiscovery,R-HSA-1236978,38,12.015954415954416,3.1624620637329284,40,2636,4.634138319627578e-18,5.068062180465434e-16,Cross-presentation of soluble exogenous antigens (endosomes)
Biognosys TrueDiscovery,R-HSA-450408,38,12.316353276353276,3.085328842666272,41,2636,4.498948508313556e-17,4.51019587958434e-15,AUF1 (hnRNP D0) binds and destabilizes mRNA
Biognosys TrueDiscovery,R-HSA-9769739,43,15.01994301994302,2.8628603945371776,50,2636,2.4776356957265044e-16,2.2927659553530654e-14,Regulation of clotting cascade
Biognosys TrueDiscovery,R-HSA-9604323,38,12.616752136752137,3.011868632126599,42,2636,3.355904902748083e-16,2.883681141432817e-14,Negative regulation of NOTCH4 signaling
Biognosys TrueDiscovery,R-HSA-9010553,75,33.64467236467237,2.22917908627791,112,2636,5.588107841972575e-16,4.4816624892620046e-14,Regulation of expression of SLITs and ROBOs
Biognosys TrueDiscovery,R-HSA-1474228,83,39.352250712250715,2.109155092726662,131,2636,2.1585931171383535e-15,1.5275220705396702e-13,Degradation of the extracellular matrix
Biognosys TrueDiscovery,R-HSA-2871837,83,39.352250712250715,2.109155092726662,131,2636,2.1585931171383535e-15,1.5275220705396702e-13,FCERI mediated NF-kB activation
Biognosys TrueDiscovery,R-HSA-180585,36,12.015954415954416,2.9960166919575113,40,2636,3.1010809522273225e-15,1.9634738871207733e-13,Vif-mediated degradation of APOBEC3G
Biognosys TrueDiscovery,R-HSA-9762114,36,12.015954415954416,2.9960166919575113,40,2636,3.1010809522273225e-15,1.9634738871207733e-13,GSK3B and BTRC:CUL1-mediated-degradation of NFE2L2
Biognosys TrueDiscovery,R-HSA-216083,55,22.22951566951567,2.4741879588237707,74,2636,3.9641792948750284e-15,2.3844538458673296e-13,Integrin cell surface interactions
Biognosys TrueDiscovery,R-HSA-5610785,38,13.217549857549857,2.8749655124844806,44,2636,1.0683704589579489e-14,6.12023648631625e-13,GLI3 is processed to GLI3R by the proteasome
Biognosys TrueDiscovery,R-HSA-1236974,57,23.731509971509972,2.4018699218224775,79,2636,1.135260679334767e-14,6.207811805635112e-13,ER-Phagosome pathway
Biognosys TrueDiscovery,R-HSA-9664422,79,37.54985754985755,2.1038694992412745,125,2636,1.2635050897449931e-14,6.608680969405333e-13,FCGR3A-mediated phagocytosis
Biognosys TrueDiscovery,R-HSA-9929356,36,12.316353276353276,2.922943114104889,41,2636,1.8073625128871567e-14,9.059404595846873e-13,GSK3B-mediated proteasomal degradation of PD-L1(CD274)
Biognosys TrueDiscovery,R-HSA-2029482,79,37.850256410256414,2.087172122263169,126,2636,2.4023519382403466e-14,1.152197656106874e-12,
Biognosys TrueDiscovery,R-HSA-72706,53,21.62871794871795,2.450445751138088,72,2636,2.4902027480281567e-14,1.152197656106874e-12,
Biognosys TrueDiscovery,R-HSA-211733,32,10.513960113960113,3.0435725124647734,35,2636,3.9891362379415244e-14,1.7773818126828347e-12,Regulation of activated PAK-2p34 by proteasome mediated degradation
Biognosys TrueDiscovery,R-HSA-5610780,38,13.517948717948718,2.8110773899848254,45,2636,4.8802429768013056e-14,2.024459414169645e-12,Degradation of GLI1 by the proteasome
Biognosys TrueDiscovery,R-HSA-5610783,38,13.517948717948718,2.8110773899848254,45,2636,4.8802429768013056e-14,2.024459414169645e-12,Degradation of GLI2 by the proteasome
Biognosys TrueDiscovery,R-HSA-9824272,35,12.015954415954416,2.9127940060698028,40,2636,5.33837312340372e-14,2.1406876224848916e-12,Somitogenesis
Biognosys TrueDiscovery,R-HSA-166663,60,26.134700854700856,2.2957982313850662,87,2636,6.238316979949529e-14,2.345217289649776e-12,Initial triggering of complement
Biognosys TrueDiscovery,R-HSA-156827,52,21.328319088319088,2.4380730513582254,71,2636,6.194712292990809e-14,2.345217289649776e-12,
Biognosys TrueDiscovery,R-HSA-9764561,44,16.822336182336183,2.6155701278994146,56,2636,7.415131420442077e-14,2.703152454179339e-12,Regulation of CDH1 Function
Biognosys TrueDiscovery,R-HSA-180534,33,11.114757834757835,2.969025550588525,37,2636,8.519940764521845e-14,3.0145555116822882e-12,Vpu mediated degradation of CD4
Biognosys TrueDiscovery,R-HSA-2454202,99,52.26940170940171,1.8940335408926794,174,2636,1.0093190377331513e-13,3.469173721122803e-12,Fc epsilon receptor (FCERI) signaling
Biognosys TrueDiscovery,R-HSA-9766229,41,15.32034188034188,2.6761804873694546,51,2636,1.2892285912025993e-13,4.308172208935353e-12,Degradation of CDH1
Biognosys TrueDiscovery,R-HSA-174113,35,12.316353276353276,2.841750249824198,41,2636,2.5935935018083665e-13,8.000238417116577e-12,SCF-beta-TrCP mediated degradation of Emi1
Biognosys TrueDiscovery,R-HSA-8854050,35,12.316353276353276,2.841750249824198,41,2636,2.5935935018083665e-13,8.000238417116577e-12,FBXL7 down-regulates AURKA during mitotic entry and in early mitosis
Biognosys TrueDiscovery,R-HSA-9974237,35,12.316353276353276,2.841750249824198,41,2636,2.5935935018083665e-13,8.000238417116577e-12,Negative Regulation of DNA Double Strand Break Response
Biognosys TrueDiscovery,R-HSA-3000178,49,20.126723646723647,2.4345740946255066,67,2636,3.635902002922178e-13,1.093497527378845e-11,ECM proteoglycans
Biognosys TrueDiscovery,R-HSA-9958825,50,20.72752136752137,2.41225176486112,69,2636,3.773532550445662e-13,1.1072096727283246e-11,Activation of STAT3 by cadherin engagement
Biognosys TrueDiscovery,R-HSA-9929491,36,12.917150997150998,2.7869922715883826,43,2636,3.927035991904728e-13,1.1248153091098543e-11,SPOP-mediated proteasomal degradation of PD-L1(CD274)
Biognosys TrueDiscovery,R-HSA-373760,64,29.43908831908832,2.173980366046267,98,2636,4.639862120839938e-13,1.268580484402374e-11,L1CAM interactions
Biognosys TrueDiscovery,R-HSA-75815,33,11.415156695156695,2.890893299257248,38,2636,4.605735624161187e-13,1.268580484402374e-11,Ubiquitin-dependent degradation of Cyclin D
Biognosys TrueDiscovery,R-HSA-351202,34,12.015954415954416,2.829571320182094,40,2636,7.448506918413762e-13,1.9912341828559454e-11,Metabolism of polyamines
Biognosys TrueDiscovery,R-HSA-350562,31,10.513960113960113,2.9484608714502496,35,2636,7.629975251617598e-13,1.9954043973252108e-11,Regulation of ornithine decarboxylase (ODC)
Biognosys TrueDiscovery,R-HSA-4086400,51,21.62871794871795,2.357976100151745,72,2636,9.399590821854729e-13,2.4058952678066468e-11,PCP/CE pathway
Biognosys TrueDiscovery,R-HSA-349425,32,11.114757834757835,2.879055079358569,37,2636,1.344807458485514e-12,3.370423692829319e-11,Autodegradation of the E3 ubiquitin ligase COP1
Biognosys TrueDiscovery,R-HSA-198933,105,58.87817663817664,1.783343269022328,196,2636,3.3211137950495962e-12,8.153673256009518e-11,Immunoregulatory interactions between a Lymphoid and a non-Lymphoid cell
Biognosys TrueDiscovery,R-HSA-9759194,56,25.233504273504273,2.2192716236722307,84,2636,3.81492538677445e-12,9.178710480579326e-11,Nuclear events mediated by NFE2L2
Biognosys TrueDiscovery,R-HSA-5676590,35,12.917150997150998,2.7095758195998165,43,2636,4.229420993544993e-12,9.976457755362013e-11,NIK-->noncanonical NF-kB signaling
Biognosys TrueDiscovery,R-HSA-166786,54,24.031908831908833,2.2470125189681336,80,2636,4.358539172210888e-12,1.0083312738787882e-10,Creation of C4 and C2 activators
Biognosys TrueDiscovery,R-HSA-169911,32,11.415156695156695,2.803290472007028,38,2636,6.060721570855613e-12,1.3756694433470381e-10,Regulation of Apoptosis
Biognosys TrueDiscovery,R-HSA-8852276,43,17.723532763532763,2.4261528767264218,59,2636,1.2506724821177614e-11,2.786220362940124e-10,The role of GTSE1 in G2/M progression after G2 checkpoint
Biognosys TrueDiscovery,R-HSA-8941858,35,13.217549857549857,2.647994550972548,44,2636,1.4705600589253803e-11,3.1590781265843437e-10,Regulation of RUNX3 expression and activity
Biognosys TrueDiscovery,R-HSA-9932298,35,13.217549857549857,2.647994550972548,44,2636,1.4705600589253803e-11,3.1590781265843437e-10,Degradation of CRY and PER proteins
Biognosys TrueDiscovery,R-HSA-5607761,36,13.818347578347579,2.60523190605001,46,2636,1.7856131776143423e-11,3.768583601175533e-10,Dectin-1 mediated noncanonical NF-kB signaling
Biognosys TrueDiscovery,R-HSA-5358346,37,14.419145299145299,2.5660328148710168,48,2636,2.0890472695940123e-11,4.2595319751213504e-10,Hedgehog ligand biogenesis
Biognosys TrueDiscovery,R-HSA-69601,37,14.419145299145299,2.5660328148710168,48,2636,2.0890472695940123e-11,4.2595319751213504e-10,Ubiquitin-Mediated Degradation of Phosphorylated Cdc25A
Biognosys TrueDiscovery,R-HSA-2168880,52,23.43111111111111,2.2192716236722307,78,2636,2.2573698614845936e-11,4.52602657227661e-10,Scavenging of heme from plasma
Biognosys TrueDiscovery,R-HSA-9755511,64,31.241481481481483,2.04855842185129,104,2636,2.3379618825558108e-11,4.6107674503518697e-10,KEAP1-NFE2L2 pathway
Biognosys TrueDiscovery,R-HSA-3000171,50,22.22951566951567,2.249261780748882,74,2636,2.5781144445495404e-11,5.002373672246931e-10,Non-integrin membrane-ECM interactions
Biognosys TrueDiscovery,R-HSA-8939902,40,16.22153846153846,2.465857359635812,54,2636,2.8134259937945454e-11,5.37230392148387e-10,Regulation of RUNX2 expression and activity
Biognosys TrueDiscovery,R-HSA-4641258,34,12.917150997150998,2.63215936761125,43,2636,3.938622354148097e-11,7.403379206312751e-10,Degradation of DVL
Biognosys TrueDiscovery,R-HSA-1234176,37,14.71954415954416,2.513664798240996,49,2636,6.06536142877425e-11,1.1225584305869882e-09,Oxygen-dependent proline hydroxylation of Hypoxia-inducible Factor Alpha
Biognosys TrueDiscovery,R-HSA-1169091,38,15.32034188034188,2.480362402927787,51,2636,6.604053269439709e-11,1.1857725497217866e-09,Activation of NF-kappaB in B cells
Biognosys TrueDiscovery,R-HSA-9793380,38,15.32034188034188,2.480362402927787,51,2636,6.604053269439709e-11,1.1857725497217866e-09,Formation of paraxial mesoderm
Biognosys TrueDiscovery,R-HSA-4641257,32,12.015954415954416,2.6631259484066767,40,2636,8.552437605523173e-11,1.5130268293300555e-09,Degradation of AXIN
Biognosys TrueDiscovery,R-HSA-9912633,19,5.707578347578347,3.3289074355083463,19,2636,1.1389304343129838e-10,1.9857004528674195e-09,"Antigen processing: Ub, ATP-independent proteasomal degradation"
Biognosys TrueDiscovery,R-HSA-2408522,48,21.62871794871795,2.2192716236722307,72,2636,1.3358955568234057e-10,2.295831935512224e-09,
Biognosys TrueDiscovery,R-HSA-186797,40,16.822336182336183,2.3777910253631043,56,2636,1.8239724552304568e-10,3.0904772727355486e-09,Signaling by PDGF
Biognosys TrueDiscovery,R-HSA-5362768,32,12.316353276353276,2.598171656982124,41,2636,2.773524216672799e-10,4.6340967120241345e-09,Hh mutants are degraded by ERAD
Biognosys TrueDiscovery,R-HSA-9769743,18,5.407179487179487,3.328907435508346,18,2636,3.8096309447207056e-10,6.278063049998642e-09,Amplification and propagation of coagulation cascade
Biognosys TrueDiscovery,R-HSA-69541,32,12.616752136752137,2.536310427053978,42,2636,8.293577193965681e-10,1.3482666708568533e-08,Stabilization of p53
Biognosys TrueDiscovery,R-HSA-72689,41,18.023931623931624,2.2747534142640364,60,2636,9.529390766453263e-10,1.528514278939103e-08,
Biognosys TrueDiscovery,R-HSA-4608870,34,13.818347578347579,2.4604968001583427,46,2636,9.791601992038157e-10,1.5499075258449872e-08,Asymmetric localization of PCP proteins
Biognosys TrueDiscovery,R-HSA-187577,35,14.419145299145299,2.427328338391502,48,2636,1.0249977447649455e-09,1.6013925804574408e-08,SCF(Skp2)-mediated degradation of p27/p21
Biognosys TrueDiscovery,R-HSA-173623,47,21.92911680911681,2.143269170806743,73,2636,1.2280917772958073e-09,1.894095394983149e-08,Classical antibody-mediated complement activation
Biognosys TrueDiscovery,R-HSA-1442490,42,18.925128205128207,2.2192716236722303,63,2636,1.9257744624862763e-09,2.9325400992037856e-08,Collagen degradation
Biognosys TrueDiscovery,R-HSA-2682334,53,26.134700854700856,2.027955104390142,87,2636,2.0656038358372203e-09,3.10615176814022e-08,EPH-Ephrin signaling
Biognosys TrueDiscovery,R-HSA-9918485,31,12.316353276353276,2.5169787927014324,41,2636,2.128106460196111e-09,3.16063218718015e-08,Dengue Virus Attachment and Entry
Biognosys TrueDiscovery,R-HSA-5610787,50,24.332307692307694,2.054881133029843,81,2636,3.103542164668822e-09,4.4982665350561356e-08,Hedgehog 'off' state
Biognosys TrueDiscovery,R-HSA-2029481,50,24.332307692307694,2.054881133029843,81,2636,3.103542164668822e-09,4.4982665350561356e-08,FCGR activation
Biognosys TrueDiscovery,R-HSA-8874081,23,8.11076923076923,2.8357359635811834,27,2636,4.1418803065314535e-09,5.9317642961396894e-08,
Biognosys TrueDiscovery,R-HSA-5173105,59,30.64068376068376,1.9255444970097295,102,2636,4.305851004652321e-09,6.066428808444053e-08,O-linked glycosylation
Biognosys TrueDiscovery,R-HSA-5632684,41,18.624729344729346,2.2013742718684224,62,2636,4.336765399220188e-09,6.066428808444053e-08,Hedgehog 'on' state
Biognosys TrueDiscovery,R-HSA-5690714,39,17.423133903133902,2.2384032756004397,58,2636,5.0330804777935435e-09,6.95953541929383e-08,
Biognosys TrueDiscovery,R-HSA-5658442,36,15.620740740740741,2.304628224582701,52,2636,5.88178044365999e-09,7.950316712048279e-08,Regulation of RAS by GAPs
Biognosys TrueDiscovery,R-HSA-8948751,36,15.620740740740741,2.304628224582701,52,2636,5.88178044365999e-09,7.950316712048279e-08,Regulation of PTEN stability and activity
Biognosys TrueDiscovery,R-HSA-5678895,32,13.217549857549857,2.4210235894606154,44,2636,6.0283432352646315e-09,8.057885457803724e-08,Defective CFTR causes cystic fibrosis
Biognosys TrueDiscovery,R-HSA-5673001,115,72.99692307692308,1.575408868656213,243,2636,6.969959788880787e-09,9.214133654970975e-08,RAF/MAP kinase cascade
Biognosys TrueDiscovery,R-HSA-2022090,40,18.324330484330485,2.182890121644817,61,2636,9.687960322565452e-09,1.2668061160919823e-07,Assembly of collagen fibrils and other multimeric structures
Biognosys TrueDiscovery,R-HSA-9725554,29,11.715555555555556,2.475341426403642,39,2636,1.3689580711148503e-08,1.7708135048937257e-07,
Biognosys TrueDiscovery,R-HSA-9931269,34,14.71954415954416,2.3098541389241585,49,2636,1.4301714562762694e-08,1.8110486967372128e-07,AMPK-induced ERAD and lysosome mediated degradation of PD-L1(CD274)
Biognosys TrueDiscovery,R-HSA-445144,15,4.505982905982906,3.328907435508346,15,2636,1.4234514803863606e-08,1.8110486967372128e-07,Signal transduction by L1
Biognosys TrueDiscovery,R-HSA-72649,31,12.917150997150998,2.399910011645552,43,2636,1.4777342983396532e-08,1.8326952174253635e-07,
Biognosys TrueDiscovery,R-HSA-72702,31,12.917150997150998,2.399910011645552,43,2636,1.4777342983396532e-08,1.8326952174253635e-07,
Biognosys TrueDiscovery,R-HSA-8878166,54,27.93709401709402,1.9329139948112974,93,2636,1.619927034195556e-08,1.9885430838135244e-07,Transcriptional regulation by RUNX2
Biognosys TrueDiscovery,R-HSA-9664323,59,31.541880341880344,1.8705289399523086,105,2636,1.9020475379968068e-08,2.311275947687029e-07,FCGR3A-mediated IL10 synthesis
Biognosys TrueDiscovery,R-HSA-1234174,37,16.822336182336183,2.1994566984608714,56,2636,2.5728446649289966e-08,3.0951321319095826e-07,Cellular response to hypoxia
Biognosys TrueDiscovery,R-HSA-9020702,54,28.237492877492876,1.9123510799728798,94,2636,2.7034411261084613e-08,3.2200392818895834e-07,Interleukin-1 signaling
Biognosys TrueDiscovery,R-HSA-2029485,53,27.636695156695158,1.9177401530645906,92,2636,3.18634257101618e-08,3.7580099146396707e-07,
Biognosys TrueDiscovery,R-HSA-5607764,49,24.933105413105412,1.9652586065049271,83,2636,3.568952512232642e-08,4.1283171848229506e-07,CLEC7A (Dectin-1) signaling
Biognosys TrueDiscovery,R-HSA-72662,31,13.217549857549857,2.345366602289971,44,2636,3.564034238278797e-08,4.1283171848229506e-07,
Biognosys TrueDiscovery,R-HSA-983695,48,24.332307692307694,1.9726858877086493,81,2636,4.162471279647312e-08,4.769002808967348e-07,Antigen activates B Cell Receptor (BCR) leading to generation of second messengers
Biognosys TrueDiscovery,R-HSA-446203,123,81.40809116809116,1.5109063268174412,271,2636,4.494314476932839e-08,5.100622939386986e-07,Asparagine N-linked glycosylation
Biognosys TrueDiscovery,R-HSA-3000170,22,8.11076923076923,2.7124430955993932,27,2636,4.574913185645951e-08,5.143570619001943e-07,Syndecan interactions
Biognosys TrueDiscovery,R-HSA-2022377,16,5.106780626780627,3.1330893510666784,17,2636,5.201945873185392e-08,5.794389708742617e-07,Metabolism of Angiotensinogen to Angiotensins
Biognosys TrueDiscovery,R-HSA-2871809,53,27.93709401709402,1.897119291203681,93,2636,5.2618431573035024e-08,5.807336989207444e-07,
Biognosys TrueDiscovery,R-HSA-68949,36,16.521937321937322,2.1789212305145536,55,2636,5.741376787477443e-08,6.278978432123058e-07,Orc1 removal from chromatin
Biognosys TrueDiscovery,R-HSA-156842,35,15.9211396011396,2.198335098920606,53,2636,6.272510968727389e-08,6.798045671512657e-07,
Biognosys TrueDiscovery,R-HSA-202424,48,24.63270655270655,1.948628742736593,82,2636,7.133867806973316e-08,7.66253836766866e-07,Downstream TCR signaling
Biognosys TrueDiscovery,R-HSA-8939236,33,14.71954415954416,2.2419172524852127,49,2636,7.303909709794555e-08,7.775755204321106e-07,RUNX1 regulates transcription of genes involved in differentiation of HSCs
Biognosys TrueDiscovery,R-HSA-8950505,25,9.913162393162393,2.5218995723548074,33,2636,7.549263242070425e-08,7.897185808878887e-07,Gene and protein expression by JAK-STAT signaling after Interleukin-12 stimulation
Biognosys TrueDiscovery,R-HSA-3299685,25,9.913162393162393,2.5218995723548074,33,2636,7.549263242070425e-08,7.897185808878887e-07,
Biognosys TrueDiscovery,R-HSA-948021,83,50.46700854700855,1.6446387925428139,168,2636,8.559729871418981e-08,8.877030202859513e-07,Transport to the Golgi and subsequent modification
Biognosys TrueDiscovery,R-HSA-1566948,29,12.316353276353276,2.3545930641400497,41,2636,8.648090812952814e-08,8.89201132306174e-07,Elastic fibre formation
Biognosys TrueDiscovery,R-HSA-975956,35,16.22153846153846,2.1576251896813354,54,2636,1.2694406069294975e-07,1.2941839407933774e-06,
Biognosys TrueDiscovery,R-HSA-5689603,40,19.525925925925925,2.04855842185129,65,2636,1.3273927322036917e-07,1.3418936612109588e-06,UCH proteinases
Biognosys TrueDiscovery,R-HSA-69563,33,15.01994301994302,2.1970789074355084,50,2636,1.530462210256027e-07,1.5342883657816669e-06,p53-Dependent G1 DNA Damage Response
Biognosys TrueDiscovery,R-HSA-2129379,25,10.213561253561254,2.4477260555208424,34,2636,2.037259289692297e-07,2.0254734921486224e-06,Molecules associated with elastic fibres
Biognosys TrueDiscovery,R-HSA-5687128,41,20.427122507122508,2.0071353655270907,68,2636,2.0749654755743317e-07,2.046052022226165e-06,MAPK6/MAPK4 signaling
Biognosys TrueDiscovery,R-HSA-2730905,47,24.63270655270655,1.9080323105962471,82,2636,2.354959164457941e-07,2.303264938896669e-06,Role of LAT2/NTAL/LAB on calcium mobilization
Biognosys TrueDiscovery,R-HSA-418990,86,53.771396011396014,1.599363348903451,179,2636,2.445569488309682e-07,2.372596850352054e-06,Adherens junctions interactions
Biognosys TrueDiscovery,R-HSA-195253,39,19.225527065527064,2.0285529685128987,64,2636,2.762959898673013e-07,2.6590726064829075e-06,Degradation of beta-catenin by the destruction complex
Biognosys TrueDiscovery,R-HSA-2132295,63,36.348262108262105,1.7332327970002133,121,2636,2.886143368805376e-07,2.7555797402165615e-06,
Biognosys TrueDiscovery,R-HSA-9909615,42,21.328319088319088,1.9692128491739511,71,2636,3.120154746478198e-07,2.9324579375103688e-06,Regulation of PD-L1(CD274) Post-translational modification
Biognosys TrueDiscovery,R-HSA-2871796,51,27.636695156695158,1.845372600118757,92,2636,3.1030407965739396e-07,2.9324579375103688e-06,FCERI mediated MAPK activation
Biognosys TrueDiscovery,R-HSA-3000157,20,7.50997150997151,2.6631259484066767,25,2636,3.400894735221096e-07,3.1715320670317663e-06,
Biognosys TrueDiscovery,R-HSA-3928662,28,12.316353276353276,2.2734001998593585,41,2636,4.642666798555758e-07,4.296252429740443e-06,EPHB-mediated forward signaling
Biognosys TrueDiscovery,R-HSA-2022857,12,3.6047863247863248,3.328907435508346,12,2636,5.305882163308251e-07,4.872500948442615e-06,Keratan sulfate degradation
Biognosys TrueDiscovery,R-HSA-72764,33,15.620740740740741,2.1125758725341424,52,2636,6.026669817173419e-07,5.4924877197421385e-06,
Biognosys TrueDiscovery,R-HSA-8856828,65,38.45105413105413,1.690460807094082,128,2636,6.132003632133191e-07,5.546466443200171e-06,Clathrin-mediated endocytosis
Biognosys TrueDiscovery,R-HSA-2408557,32,15.01994301994302,2.1305007587253417,50,2636,6.755368472898073e-07,6.064707666340584e-06,
Biognosys TrueDiscovery,R-HSA-9679191,70,42.35623931623932,1.6526490814580441,141,2636,6.908435798680548e-07,6.156183900602e-06,Potential therapeutics for SARS
Biognosys TrueDiscovery,R-HSA-156902,31,14.419145299145299,2.1499193854324736,48,2636,7.526168322935754e-07,6.657338597420377e-06,
Biognosys TrueDiscovery,R-HSA-174084,33,15.9211396011396,2.072715950410857,53,2636,1.1383849869359072e-06,9.996183498422602e-06,Autodegradation of Cdh1 by Cdh1:APC/C
Biognosys TrueDiscovery,R-HSA-5663213,25,10.814358974358974,2.3117412746585737,36,2636,1.1917176571261723e-06,1.0388669141469459e-05,
Biognosys TrueDiscovery,R-HSA-9954714,31,14.71954415954416,2.1060434796073206,49,2636,1.4612664745268325e-06,1.2646788265149493e-05,
Biognosys TrueDiscovery,R-HSA-75892,13,4.205584045584046,3.091128332972035,14,2636,1.6060058099132167e-06,1.370230488883404e-05,Platelet Adhesion to exposed collagen
Biognosys TrueDiscovery,R-HSA-71336,13,4.205584045584046,3.091128332972035,14,2636,1.6060058099132167e-06,1.370230488883404e-05,Pentose phosphate pathway
Biognosys TrueDiscovery,R-HSA-75153,29,13.517948717948718,2.145295902883156,45,2636,1.8348076412015626e-06,1.5435479666891466e-05,Apoptotic execution phase
Biognosys TrueDiscovery,R-HSA-437239,29,13.517948717948718,2.145295902883156,45,2636,1.8348076412015626e-06,1.5435479666891466e-05,
Biognosys TrueDiscovery,R-HSA-379716,17,6.308376068376068,2.6948298287448513,21,2636,2.0269891191214517e-06,1.693380493266046e-05,
Biognosys TrueDiscovery,R-HSA-913709,31,15.01994301994302,2.0639226100151746,50,2636,2.743246392650398e-06,2.275948558867882e-05,
Biognosys TrueDiscovery,R-HSA-3000480,14,4.806381766381766,2.9127940060698028,16,2636,2.9661482568883584e-06,2.444024899340202e-05,Scavenging by Class A Receptors
Biognosys TrueDiscovery,R-HSA-192823,30,14.419145299145299,2.080567147192716,48,2636,3.1257501507009566e-06,2.5580118580226197e-05,
Biognosys TrueDiscovery,R-HSA-8878159,43,23.43111111111111,1.835166919575114,78,2636,3.166438946526847e-06,2.5738013869404035e-05,Transcriptional regulation by RUNX3
Biognosys TrueDiscovery,R-HSA-8964038,15,5.407179487179487,2.7740895295902885,18,2636,4.333682246911417e-06,3.452595856314195e-05,
Biognosys TrueDiscovery,R-HSA-174154,32,15.9211396011396,2.0099063761559828,53,2636,4.315495277302694e-06,3.452595856314195e-05,APC/C:Cdc20 mediated degradation of Securin
Biognosys TrueDiscovery,R-HSA-391160,15,5.407179487179487,2.7740895295902885,18,2636,4.333682246911417e-06,3.452595856314195e-05,
Biognosys TrueDiscovery,R-HSA-879415,12,3.9051851851851853,3.0728376327769347,13,2636,4.991089496789483e-06,3.89888354846607e-05,Advanced glycosylation endproduct receptor signaling
Biognosys TrueDiscovery,R-HSA-9020591,26,12.015954415954416,2.1637898330804246,40,2636,4.980094035043263e-06,3.89888354846607e-05,Interleukin-12 signaling
Biognosys TrueDiscovery,R-HSA-75205,12,3.9051851851851853,3.0728376327769347,13,2636,4.991089496789483e-06,3.89888354846607e-05,Dissolution of Fibrin Clot
Biognosys TrueDiscovery,R-HSA-69017,34,17.423133903133902,1.9514284966773063,58,2636,5.511440751498858e-06,4.277589176808468e-05,CDK-mediated phosphorylation and removal of Cdc6
Biognosys TrueDiscovery,R-HSA-9970672,10,3.003988603988604,3.328907435508346,10,2636,5.9127274502227786e-06,4.5596225144987196e-05,FXIIa activates plasma kallikrein-kinin system
Biognosys TrueDiscovery,R-HSA-72695,24,10.814358974358974,2.2192716236722307,36,2636,5.993466771866199e-06,4.5924461952579856e-05,
Biognosys TrueDiscovery,R-HSA-6805567,42,23.43111111111111,1.7924886191198786,78,2636,9.13059513258286e-06,6.908242732388163e-05,
Biognosys TrueDiscovery,R-HSA-6809371,42,23.43111111111111,1.7924886191198786,78,2636,9.13059513258286e-06,6.908242732388163e-05,
Biognosys TrueDiscovery,R-HSA-176408,36,19.225527065527064,1.8725104324734447,64,2636,1.0812849060374086e-05,8.129910887268765e-05,Regulation of APC/C activators between G1/S and early anaphase
Biognosys TrueDiscovery,R-HSA-9925561,29,14.419145299145299,2.011214908952959,48,2636,1.1923490470470549e-05,8.909291326693211e-05,
Biognosys TrueDiscovery,R-HSA-111465,24,11.114757834757835,2.159291309518927,37,2636,1.2208643687234901e-05,9.066048367742955e-05,Apoptotic cleavage of cellular proteins
Biognosys TrueDiscovery,R-HSA-1650814,34,18.023931623931624,1.8863808801213962,60,2636,1.5266771422910616e-05,0.00011198735379122847,
Biognosys TrueDiscovery,R-HSA-9633012,34,18.023931623931624,1.8863808801213962,60,2636,1.5266771422910616e-05,0.00011198735379122847,
Biognosys TrueDiscovery,R-HSA-430116,11,3.6047863247863248,3.051498482549317,12,2636,1.54210159194391e-05,0.00011243322515809234,
Biognosys TrueDiscovery,R-HSA-9013418,17,6.909173789173789,2.4604968001583427,23,2636,1.7678691335373452e-05,0.00012659205759794204,
Biognosys TrueDiscovery,R-HSA-1971475,19,8.11076923076923,2.3425644916540214,27,2636,1.7664259060042744e-05,0.00012659205759794204,Glycosaminoglycan-protein linkage region biosynthesis
Biognosys TrueDiscovery,R-HSA-9769735,17,6.909173789173789,2.4604968001583427,23,2636,1.7678691335373452e-05,0.00012659205759794204,Initiation of coagulation cascade
Biognosys TrueDiscovery,R-HSA-2173789,26,12.616752136752137,2.060752221981357,42,2636,1.8271122509794208e-05,0.00013006012058747,TGF-beta receptor signaling activates SMADs
Biognosys TrueDiscovery,R-HSA-3928665,29,14.71954415954416,1.9701697067294293,49,2636,2.0869422359737807e-05,0.0001476818535221446,EPH-ephrin mediated repulsion of cells
Biognosys TrueDiscovery,R-HSA-69202,37,20.427122507122508,1.8113172810854234,68,2636,2.2623195239664222e-05,0.0001591561630018483,Cyclin E associated events during G1/S transition 
Biognosys TrueDiscovery,R-HSA-445355,24,11.415156695156695,2.1024678540052713,38,2636,2.3724391242995445e-05,0.00016593280619374139,Smooth Muscle Contraction
Biognosys TrueDiscovery,R-HSA-3371497,31,16.22153846153846,1.9110394537177542,54,2636,2.542808012964181e-05,0.00017682069593039944,
Biognosys TrueDiscovery,R-HSA-9656223,23,10.814358974358974,2.1268019726858878,36,2636,2.6779701392381724e-05,0.00018409131871448693,Signaling by RAF1 mutants
Biognosys TrueDiscovery,R-HSA-76009,23,10.814358974358974,2.1268019726858878,36,2636,2.6779701392381724e-05,0.00018409131871448693,Platelet Aggregation (Plug Formation)
Biognosys TrueDiscovery,R-HSA-199992,36,19.826324786324786,1.8157676920954615,66,2636,2.71057136116138e-05,0.0001852737129248375,trans-Golgi Network Vesicle Budding
Biognosys TrueDiscovery,R-HSA-9925563,27,13.517948717948718,1.9973444613050075,45,2636,2.84439452102413e-05,0.0001933224072763858,Developmental Lineage of Pancreatic Ductal Cells
Biognosys TrueDiscovery,R-HSA-69656,38,21.328319088319088,1.7816687683002415,71,2636,2.8948843918623068e-05,0.00019564864738260424,Cyclin A:Cdk2-associated events at S phase entry
Biognosys TrueDiscovery,R-HSA-5674135,22,10.213561253561254,2.1539989288583414,34,2636,2.99919484987735e-05,0.0001998551194592956,MAP2K and MAPK activation
Biognosys TrueDiscovery,R-HSA-977225,30,15.620740740740741,1.9205235204855842,52,2636,3.0069639752396095e-05,0.0001998551194592956,Amyloid fiber formation
Biognosys TrueDiscovery,R-HSA-156590,22,10.213561253561254,2.1539989288583414,34,2636,2.99919484987735e-05,0.0001998551194592956,
Biognosys TrueDiscovery,R-HSA-174184,32,17.122735042735044,1.868860314671352,57,2636,3.495474872765433e-05,0.00023104704790861627,Cdc20:Phospho-APC/C mediated degradation of Cyclin A
Biognosys TrueDiscovery,R-HSA-6811436,29,15.01994301994302,1.9307663125948407,50,2636,3.550694625816335e-05,0.0002334145155659591,
Biognosys TrueDiscovery,R-HSA-9692914,43,25.233504273504273,1.7040835681768913,84,2636,3.7275120456830394e-05,0.00024370635820416826,
Biognosys TrueDiscovery,R-HSA-9954716,31,16.521937321937322,1.8762932818319769,55,2636,4.1616382141058756e-05,0.00027061896062537127,
Biognosys TrueDiscovery,R-HSA-9927432,16,6.6087749287749284,2.4210235894606154,22,2636,4.405276346267727e-05,0.00028492190562150947,Developmental Lineage of Mammary Gland Myoepithelial Cells
Biognosys TrueDiscovery,R-HSA-9918487,40,23.13071225071225,1.7293025639004396,77,2636,4.4725267887460976e-05,0.00028772458432414733,
Biognosys TrueDiscovery,R-HSA-174178,33,18.023931623931624,1.8308990895295902,60,2636,4.653448299956882e-05,0.000297771186428092,APC/C:Cdh1 mediated degradation of Cdc20 and other APC/C:Cdh1 targeted proteins in late mitosis/early G1
Biognosys TrueDiscovery,R-HSA-446107,10,3.3043874643874642,3.026279486825769,11,2636,4.732543003655209e-05,0.00030123011816916487,
Biognosys TrueDiscovery,R-HSA-179419,32,17.423133903133902,1.8366385851080531,58,2636,5.56791224768506e-05,0.0003525367596823751,APC:Cdc20 mediated degradation of cell cycle proteins prior to satisfation of the cell cycle checkpoint
Biognosys TrueDiscovery,R-HSA-975957,38,21.92911680911681,1.7328559253331115,73,2636,6.499489764720747e-05,0.00040936576895073606,
Biognosys TrueDiscovery,R-HSA-177504,11,3.9051851851851853,2.8167678300455234,13,2636,7.2785611244012e-05,0.00045604734545076273,
Biognosys TrueDiscovery,R-HSA-6802948,20,9.312364672364673,2.1476822164569973,31,2636,7.386674419141518e-05,0.00046042328115167085,Signaling by high-kinase activity BRAF mutants
Biognosys TrueDiscovery,R-HSA-6802946,24,12.015954415954416,1.9973444613050075,40,2636,7.912186971803198e-05,0.00048563065954485956,Signaling by moderate kinase activity BRAF mutants
Biognosys TrueDiscovery,R-HSA-6802955,24,12.015954415954416,1.9973444613050075,40,2636,7.912186971803198e-05,0.00048563065954485956,Paradoxical activation of RAF signaling by kinase inactive BRAF
Biognosys TrueDiscovery,R-HSA-9649948,24,12.015954415954416,1.9973444613050075,40,2636,7.912186971803198e-05,0.00048563065954485956,Signaling downstream of RAS mutants
Biognosys TrueDiscovery,R-HSA-176409,32,17.723532763532763,1.8055091175638487,59,2636,8.689912940359881e-05,0.0005279780438006534,APC/C:Cdc20 mediated degradation of mitotic proteins
Biognosys TrueDiscovery,R-HSA-375165,32,17.723532763532763,1.8055091175638487,59,2636,8.689912940359881e-05,0.0005279780438006534,NCAM signaling for neurite out-growth
Biognosys TrueDiscovery,R-HSA-5099900,12,4.505982905982906,2.6631259484066767,15,2636,9.169575214972954e-05,0.0005543215569654504,
Biognosys TrueDiscovery,R-HSA-5668541,42,25.233504273504273,1.664453717754173,84,2636,9.241986584473587e-05,0.0005559054930560863,TNFR2 non-canonical NF-kB pathway
Biognosys TrueDiscovery,R-HSA-389957,17,7.50997150997151,2.2636570561456755,25,2636,9.815445878369732e-05,0.0005874617607800392,
Biognosys TrueDiscovery,R-HSA-9759476,62,41.154643874643874,1.506512854025675,137,2636,0.00010841756665196373,0.0006362260130844506,Regulation of Homotypic Cell-Cell Adhesion
Biognosys TrueDiscovery,R-HSA-1566977,14,5.707578347578347,2.4528791630061497,19,2636,0.00010822152507955519,0.0006362260130844506,
Biognosys TrueDiscovery,R-HSA-9638630,14,5.707578347578347,2.4528791630061497,19,2636,0.00010822152507955519,0.0006362260130844506,
Biognosys TrueDiscovery,R-HSA-9931953,14,5.707578347578347,2.4528791630061497,19,2636,0.00010822152507955519,0.0006362260130844506,
Biognosys TrueDiscovery,R-HSA-9684482,25,12.917150997150998,1.9354112997141546,43,2636,0.00011590873237531049,0.0006768844905218374,
Biognosys TrueDiscovery,R-HSA-8948216,24,12.316353276353276,1.948628742736593,41,2636,0.00013675972760145497,0.0007947920401186006,
Biognosys TrueDiscovery,R-HSA-390450,9,3.003988603988604,2.9960166919575113,10,2636,0.00014408643821123404,0.0008214975600384576,
Biognosys TrueDiscovery,R-HSA-3000471,9,3.003988603988604,2.9960166919575113,10,2636,0.00014408643821123404,0.0008214975600384576,
Biognosys TrueDiscovery,R-HSA-8963888,9,3.003988603988604,2.9960166919575113,10,2636,0.00014408643821123404,0.0008214975600384576,Chylomicron assembly
Biognosys TrueDiscovery,R-HSA-9769733,9,3.003988603988604,2.9960166919575113,10,2636,0.00014408643821123404,0.0008214975600384576,Fibrin formation
Biognosys TrueDiscovery,R-HSA-9764265,57,37.54985754985755,1.5179817905918058,125,2636,0.00015756897754133197,0.0008899318309024525,Regulation of CDH1 Expression and Function
Biognosys TrueDiscovery,R-HSA-9764274,57,37.54985754985755,1.5179817905918058,125,2636,0.00015756897754133197,0.0008899318309024525,Regulation of Expression and Function of Type I Classical Cadherins
Biognosys TrueDiscovery,R-HSA-114604,19,9.011965811965812,2.108308042488619,30,2636,0.0001613676441199486,0.0009071274573658793,GPVI-mediated activation cascade
Biognosys TrueDiscovery,R-HSA-9840310,18,8.411168091168092,2.1400119228267935,28,2636,0.00018249630072941322,0.0010211304640813214,
Biognosys TrueDiscovery,R-HSA-975634,25,13.217549857549857,1.8914246792661058,44,2636,0.00019232231982954602,0.0010711284757173327,Retinoid metabolism and transport
Biognosys TrueDiscovery,R-HSA-382556,38,22.83031339031339,1.6644537177541732,76,2636,0.00019657448772242623,0.0010897654780187961,ABC-family protein mediated transport
Biognosys TrueDiscovery,R-HSA-9981148,21,10.513960113960113,1.9973444613050078,35,2636,0.00022136035583199203,0.0012215436149811303,
Biognosys TrueDiscovery,R-HSA-1614635,16,7.2095726495726495,2.2192716236722307,24,2636,0.00022576798514626741,0.0012345403915043622,
Biognosys TrueDiscovery,R-HSA-975576,16,7.2095726495726495,2.2192716236722307,24,2636,0.00022576798514626741,0.0012345403915043622,
Biognosys TrueDiscovery,R-HSA-163560,15,6.6087749287749284,2.269709615119327,22,2636,0.00024537374527358103,0.0013356769935027964,
Biognosys TrueDiscovery,R-HSA-70263,14,6.007977207977208,2.330235204855842,20,2636,0.00026086963944250865,0.0014136314245465672,
Biognosys TrueDiscovery,R-HSA-2024101,12,4.806381766381766,2.4966805766312596,16,2636,0.0002660941121764434,0.001435476309185029,
Biognosys TrueDiscovery,R-HSA-8963889,13,5.407179487179487,2.4042109256449167,18,2636,0.0002691365347344724,0.001438983339046979,
Biognosys TrueDiscovery,R-HSA-5627123,13,5.407179487179487,2.4042109256449167,18,2636,0.0002691365347344724,0.001438983339046979,
Biognosys TrueDiscovery,R-HSA-6802952,30,17.122735042735044,1.7520565450043923,57,2636,0.00029110817406903294,0.001549571386747994,Signaling by BRAF and RAF1 fusions
Biognosys TrueDiscovery,R-HSA-1445148,34,20.126723646723647,1.689296310556474,67,2636,0.000293568906709241,0.0015557858800494138,
Biognosys TrueDiscovery,R-HSA-432720,19,9.312364672364673,2.0402981056341476,31,2636,0.00029991073567346,0.0015824237500665457,Lysosome Vesicle Biogenesis
Biognosys TrueDiscovery,R-HSA-69052,37,22.52991452991453,1.6422610015174506,75,2636,0.0003346294480527301,0.001757900550250805,Switching of origins to a post-replicative state
Biognosys TrueDiscovery,R-HSA-2022854,18,8.711566951566951,2.06621840824656,29,2636,0.00034647984207800185,0.0018069248062973495,Keratan sulfate biosynthesis
Biognosys TrueDiscovery,R-HSA-68867,35,21.027920227920227,1.6644537177541732,70,2636,0.0003469656111842791,0.0018069248062973495,Assembly of the pre-replicative complex
Biognosys TrueDiscovery,R-HSA-432722,27,15.32034188034188,1.7623627599750067,51,2636,0.0005119508546426844,0.0026319524706630315,
Biognosys TrueDiscovery,R-HSA-9820960,15,6.909173789173789,2.171026588375008,23,2636,0.0005098188484805806,0.0026319524706630315,Respiratory syncytial virus (RSV) attachment and entry
Biognosys TrueDiscovery,R-HSA-389960,15,6.909173789173789,2.171026588375008,23,2636,0.0005098188484805806,0.0026319524706630315,
Biognosys TrueDiscovery,R-HSA-196025,9,3.3043874643874642,2.7236515381431925,11,2636,0.0005795109749973025,0.002929208835805693,
Biognosys TrueDiscovery,R-HSA-8963901,9,3.3043874643874642,2.7236515381431925,11,2636,0.0005795109749973025,0.002929208835805693,Chylomicron remodeling
Biognosys TrueDiscovery,R-HSA-159854,9,3.3043874643874642,2.7236515381431925,11,2636,0.0005795109749973025,0.002929208835805693,"Gamma-carboxylation, transport, and amino-terminal cleavage of proteins"
Biognosys TrueDiscovery,R-HSA-174403,9,3.3043874643874642,2.7236515381431925,11,2636,0.0005795109749973025,0.002929208835805693,
Biognosys TrueDiscovery,R-HSA-9833482,34,20.72752136752137,1.6403312001055617,69,2636,0.0005911027939194027,0.0029752998371759057,PKR-mediated signaling
Biognosys TrueDiscovery,R-HSA-2024096,13,5.707578347578347,2.2776735085057105,19,2636,0.0006177857223201269,0.0030458861637340687,HS-GAG degradation
Biognosys TrueDiscovery,R-HSA-3560783,13,5.707578347578347,2.2776735085057105,19,2636,0.0006177857223201269,0.0030458861637340687,"Defective B4GALT7 causes EDS, progeroid type"
Biognosys TrueDiscovery,R-HSA-3560801,13,5.707578347578347,2.2776735085057105,19,2636,0.0006177857223201269,0.0030458861637340687,Defective B3GAT3 causes JDSSDHD
Biognosys TrueDiscovery,R-HSA-4420332,13,5.707578347578347,2.2776735085057105,19,2636,0.0006177857223201269,0.0030458861637340687,Defective B3GALT6 causes EDSP2 and SEMDJL1
Biognosys TrueDiscovery,R-HSA-2022870,13,5.707578347578347,2.2776735085057105,19,2636,0.0006177857223201269,0.0030458861637340687,
Biognosys TrueDiscovery,R-HSA-354194,10,3.9051851851851853,2.5606980273141122,13,2636,0.0006537204652158006,0.0031839097961725025,
Biognosys TrueDiscovery,R-HSA-372708,10,3.9051851851851853,2.5606980273141122,13,2636,0.0006537204652158006,0.0031839097961725025,
Biognosys TrueDiscovery,R-HSA-399954,10,3.9051851851851853,2.5606980273141122,13,2636,0.0006537204652158006,0.0031839097961725025,Sema3A PAK dependent Axon repulsion
Biognosys TrueDiscovery,R-HSA-9735871,12,5.106780626780627,2.349817013300009,17,2636,0.0006569821820525075,0.0031868934072950264,
Biognosys TrueDiscovery,R-HSA-111447,11,4.505982905982906,2.441198786039454,15,2636,0.0006736879936103062,0.003254805848647383,
Biognosys TrueDiscovery,R-HSA-186763,17,8.411168091168092,2.0211223715586386,28,2636,0.0007301725268371278,0.003513590199140259,Downstream signal transduction
Biognosys TrueDiscovery,R-HSA-1592389,20,10.513960113960113,1.9022328202904835,35,2636,0.0007571611378080507,0.0036289436206497407,Activation of Matrix Metalloproteinases
Biognosys TrueDiscovery,R-HSA-354192,16,7.810370370370371,2.04855842185129,26,2636,0.0008499804340968964,0.004057644691343517,
Biognosys TrueDiscovery,R-HSA-5625740,19,9.913162393162393,1.9166436749896538,33,2636,0.0009021538811194001,0.004289688217338492,
Biognosys TrueDiscovery,R-HSA-194138,43,28.537891737891737,1.5067686287037776,95,2636,0.0011647825975561663,0.005516667184488457,Signaling by VEGF
Biognosys TrueDiscovery,R-HSA-5626467,17,8.711566951566951,1.9514284966773063,29,2636,0.0012737371635792231,0.005985569561663302,
Biognosys TrueDiscovery,R-HSA-9668328,17,8.711566951566951,1.9514284966773063,29,2636,0.0012737371635792231,0.005985569561663302,
Biognosys TrueDiscovery,R-HSA-1912420,12,5.407179487179487,2.2192716236722307,18,2636,0.0014326734766885781,0.006654464063538068,
Biognosys TrueDiscovery,R-HSA-416700,12,5.407179487179487,2.2192716236722307,18,2636,0.0014326734766885781,0.006654464063538068,
Biognosys TrueDiscovery,R-HSA-5627117,12,5.407179487179487,2.2192716236722307,18,2636,0.0014326734766885781,0.006654464063538068,
Biognosys TrueDiscovery,R-HSA-3928664,11,4.806381766381766,2.288623861911988,16,2636,0.0015703945327648035,0.007266094703523302,Ephrin signaling
Biognosys TrueDiscovery,R-HSA-159740,8,3.003988603988604,2.6631259484066767,10,2636,0.0015963299941206292,0.007329713675294339,Gamma-carboxylation of protein precursors
Biognosys TrueDiscovery,R-HSA-210990,8,3.003988603988604,2.6631259484066767,10,2636,0.0015963299941206292,0.007329713675294339,PECAM1 interactions
Biognosys TrueDiscovery,R-HSA-71384,9,3.6047863247863248,2.4966805766312596,12,2636,0.0016975013981228586,0.007619754410230593,Ethanol oxidation
Biognosys TrueDiscovery,R-HSA-190873,9,3.6047863247863248,2.4966805766312596,12,2636,0.0016975013981228586,0.007619754410230593,
Biognosys TrueDiscovery,R-HSA-6807878,41,27.336296296296297,1.4998374159982657,91,2636,0.0016722470166229569,0.007619754410230593,COPI-mediated anterograde transport
Biognosys TrueDiscovery,R-HSA-5140745,9,3.6047863247863248,2.4966805766312596,12,2636,0.0016975013981228586,0.007619754410230593,
Biognosys TrueDiscovery,R-HSA-1236977,9,3.6047863247863248,2.4966805766312596,12,2636,0.0016975013981228586,0.007619754410230593,
Biognosys TrueDiscovery,R-HSA-399955,10,4.205584045584046,2.3777910253631043,14,2636,0.0016707874202405936,0.007619754410230593,SEMA3A-Plexin repulsion signaling by inhibiting Integrin adhesion
Biognosys TrueDiscovery,R-HSA-5083635,18,9.612763532763532,1.8725104324734447,32,2636,0.0017695467653612558,0.007913623638399966,Defective B3GALTL causes PpS
Biognosys TrueDiscovery,R-HSA-8856825,40,26.735498575498575,1.496138173262178,89,2636,0.0020032684650891828,0.008892737872702165,Cargo recognition for clathrin-mediated endocytosis
Biognosys TrueDiscovery,R-HSA-4420097,40,26.735498575498575,1.496138173262178,89,2636,0.0020032684650891828,0.008892737872702165,VEGFA-VEGFR2 Pathway
Biognosys TrueDiscovery,R-HSA-5668599,14,6.909173789173789,2.026291482483341,23,2636,0.002090045873589852,0.009243842595325706,
Biognosys TrueDiscovery,R-HSA-983170,17,9.011965811965812,1.8863808801213962,30,2636,0.0021231997341630993,0.009356077949443988,
Biognosys TrueDiscovery,R-HSA-1799339,32,20.427122507122508,1.5665446755333392,68,2636,0.002226695734063773,0.009776332000287297,
Biognosys TrueDiscovery,R-HSA-5173214,18,9.913162393162393,1.8157676920954615,33,2636,0.002810418226451483,0.012249757704424397,O-glycosylation of TSR domain-containing proteins
Biognosys TrueDiscovery,R-HSA-8956319,18,9.913162393162393,1.8157676920954615,33,2636,0.002810418226451483,0.012249757704424397,
Biognosys TrueDiscovery,R-HSA-9694614,11,5.106780626780627,2.1539989288583414,17,2636,0.003244983842404015,0.01404214231083464,Attachment and Entry
Biognosys TrueDiscovery,R-HSA-446353,11,5.106780626780627,2.1539989288583414,17,2636,0.003244983842404015,0.01404214231083464,
Biognosys TrueDiscovery,R-HSA-9979719,40,27.336296296296297,1.463256015608064,91,2636,0.003285725790835321,0.014167484323924341,
Biognosys TrueDiscovery,R-HSA-389948,56,40.854245014245016,1.3707265910916717,136,2636,0.0035070494378018338,0.015067787405984306,Co-inhibition by PD-1
Biognosys TrueDiscovery,R-HSA-419037,19,10.814358974358974,1.756923368740516,36,2636,0.003551597924340072,0.015204883640502159,NCAM1 interactions
Biognosys TrueDiscovery,R-HSA-8866427,10,4.505982905982906,2.2192716236722307,15,2636,0.0036649862735011686,0.015634675485893285,
Biognosys TrueDiscovery,R-HSA-74217,9,3.9051851851851853,2.304628224582701,13,2636,0.00404600849716374,0.017138550077774577,
Biognosys TrueDiscovery,R-HSA-9755779,9,3.9051851851851853,2.304628224582701,13,2636,0.00404600849716374,0.017138550077774577,
Biognosys TrueDiscovery,R-HSA-264870,8,3.3043874643874642,2.4210235894606154,11,2636,0.004307847378449501,0.017933262128448365,
Biognosys TrueDiscovery,R-HSA-446219,27,17.122735042735044,1.576850890503953,57,2636,0.0042629431794631205,0.017933262128448365,
Biognosys TrueDiscovery,R-HSA-5210891,8,3.3043874643874642,2.4210235894606154,11,2636,0.004307847378449501,0.017933262128448365,
Biognosys TrueDiscovery,R-HSA-5686938,13,6.6087749287749284,1.96708166643675,22,2636,0.004337971138302971,0.017933262128448365,
Biognosys TrueDiscovery,R-HSA-9613829,13,6.6087749287749284,1.96708166643675,22,2636,0.004337971138302971,0.017933262128448365,
Biognosys TrueDiscovery,R-HSA-351906,8,3.3043874643874642,2.4210235894606154,11,2636,0.004307847378449501,0.017933262128448365,
Biognosys TrueDiscovery,R-HSA-9013422,13,6.6087749287749284,1.96708166643675,22,2636,0.004337971138302971,0.017933262128448365,
Biognosys TrueDiscovery,R-HSA-168255,47,33.64467236467237,1.3969522274008237,112,2636,0.004639815800828489,0.01911540550820778,Influenza Infection
Biognosys TrueDiscovery,R-HSA-416572,12,6.007977207977208,1.9973444613050075,20,2636,0.005153114967518398,0.02108570512219263,
Biognosys TrueDiscovery,R-HSA-389977,12,6.007977207977208,1.9973444613050075,20,2636,0.005153114967518398,0.02108570512219263,
Biognosys TrueDiscovery,R-HSA-204005,29,18.925128205128207,1.5323542163451116,63,2636,0.005216443110648661,0.021272478176645217,COPII-mediated vesicle transport
Biognosys TrueDiscovery,R-HSA-9841251,11,5.407179487179487,2.034332321699545,18,2636,0.0060929001313854165,0.024762698844786,
Biognosys TrueDiscovery,R-HSA-9913351,16,9.011965811965812,1.7754172989377845,30,2636,0.006379312908151791,0.025666600095339814,Formation of the dystrophin-glycoprotein complex (DGC)
Biognosys TrueDiscovery,R-HSA-499943,16,9.011965811965812,1.7754172989377845,30,2636,0.006379312908151791,0.025666600095339814,
Biognosys TrueDiscovery,R-HSA-9680350,16,9.011965811965812,1.7754172989377845,30,2636,0.006379312908151791,0.025666600095339814,Signaling by CSF1 (M-CSF) in myeloid cells
Biognosys TrueDiscovery,R-HSA-69481,45,32.44307692307692,1.3870447647951443,108,2636,0.006449869347814141,0.025863976084734702,G2/M Checkpoints
Biognosys TrueDiscovery,R-HSA-6811558,46,33.3442735042735,1.3795472255259813,111,2636,0.006675693438283112,0.02668059536961656,"PI5P, PP2A and IER3 Regulate PI3K/AKT Signaling"
Biognosys TrueDiscovery,R-HSA-9748787,10,4.806381766381766,2.0805671471927165,16,2636,0.007155972508061775,0.028505413666219587,
Biognosys TrueDiscovery,R-HSA-982772,13,6.909173789173789,1.8815563765916739,23,2636,0.007260273982430027,0.028730623687050406,
Biognosys TrueDiscovery,R-HSA-1433557,21,12.917150997150998,1.62574549175989,43,2636,0.0072365603462351494,0.028730623687050406,Signaling by SCF-KIT
Biognosys TrueDiscovery,R-HSA-163125,34,23.43111111111111,1.451062215477997,78,2636,0.0074959610538299325,0.02956603655002429,
Biognosys TrueDiscovery,R-HSA-9860927,15,8.411168091168092,1.783343269022328,28,2636,0.007766044235471205,0.030531213121803465,"Turbulent (oscillatory, disturbed) flow shear stress activates signaling by PIEZO1 and integrins in endothelial cells"
Biognosys TrueDiscovery,R-HSA-381070,22,13.818347578347579,1.5920861648083393,46,2636,0.00821887060337595,0.03210162771383528,
Biognosys TrueDiscovery,R-HSA-512988,22,13.818347578347579,1.5920861648083393,46,2636,0.00821887060337595,0.03210162771383528,"Interleukin-3, Interleukin-5 and GM-CSF signaling"
Biognosys TrueDiscovery,R-HSA-1502540,9,4.205584045584046,2.1400119228267935,14,2636,0.008321406435625402,0.0321169675808533,
Biognosys TrueDiscovery,R-HSA-9909648,47,34.545868945868946,1.3605099953816717,115,2636,0.008329587602016816,0.0321169675808533,Regulation of PD-L1(CD274) expression
Biognosys TrueDiscovery,R-HSA-399956,9,4.205584045584046,2.1400119228267935,14,2636,0.008321406435625402,0.0321169675808533,CRMPs in Sema3A signaling
Biognosys TrueDiscovery,R-HSA-1170546,9,4.205584045584046,2.1400119228267935,14,2636,0.008321406435625402,0.0321169675808533,
Biognosys TrueDiscovery,R-HSA-111461,8,3.6047863247863248,2.2192716236722307,12,2636,0.009528539339102781,0.03650583702210397,
Biognosys TrueDiscovery,R-HSA-170968,8,3.6047863247863248,2.2192716236722307,12,2636,0.009528539339102781,0.03650583702210397,
Biognosys TrueDiscovery,R-HSA-111458,7,3.003988603988604,2.330235204855842,10,2636,0.010636440254159633,0.040111716695153725,
Biognosys TrueDiscovery,R-HSA-111471,11,5.707578347578347,1.927262199504832,19,2636,0.010579904932010789,0.040111716695153725,
Biognosys TrueDiscovery,R-HSA-9627069,7,3.003988603988604,2.330235204855842,10,2636,0.010636440254159633,0.040111716695153725,
Biognosys TrueDiscovery,R-HSA-8875656,7,3.003988603988604,2.330235204855842,10,2636,0.010636440254159633,0.040111716695153725,
Biognosys TrueDiscovery,R-HSA-2022923,7,3.003988603988604,2.330235204855842,10,2636,0.010636440254159633,0.040111716695153725,
Biognosys TrueDiscovery,R-HSA-3928663,15,8.711566951566951,1.7218486735387997,29,2636,0.011683892471306963,0.04392413325931961,EPHA-mediated growth cone collapse
Biognosys TrueDiscovery,R-HSA-199418,47,35.14666666666667,1.3372534142640364,117,2636,0.011955231057033526,0.044804183681032186,Negative regulation of the PI3K/AKT network
Biognosys TrueDiscovery,R-HSA-199220,10,5.106780626780627,1.958180844416674,17,2636,0.012743099173287146,0.04716907170912134,
Biognosys TrueDiscovery,R-HSA-438064,31,21.62871794871795,1.4332795902883155,72,2636,0.012733128498287404,0.04716907170912134,Post NMDA receptor activation events
Biognosys TrueDiscovery,R-HSA-432142,10,5.106780626780627,1.958180844416674,17,2636,0.012743099173287146,0.04716907170912134,
Biognosys TrueDiscovery,R-HSA-1433559,10,5.106780626780627,1.958180844416674,17,2636,0.012743099173287146,0.04716907170912134,Regulation of KIT signaling
Biognosys TrueDiscovery,R-HSA-163841,24,15.9211396011396,1.5074297821169869,53,2636,0.013349587365927923,0.04926243435954384,"Gamma carboxylation, hypusinylation, hydroxylation, and arylsulfatase activation"
Biognosys TrueDiscovery,R-HSA-373753,12,6.6087749287749284,1.8157676920954615,22,2636,0.01408603394113991,0.05150607547474563,Nephrin family interactions
Biognosys TrueDiscovery,R-HSA-77387,12,6.6087749287749284,1.8157676920954615,22,2636,0.01408603394113991,0.05150607547474563,Insulin receptor recycling
Biognosys TrueDiscovery,R-HSA-180024,12,6.6087749287749284,1.8157676920954615,22,2636,0.01408603394113991,0.05150607547474563,
Biognosys TrueDiscovery,R-HSA-3371511,14,8.11076923076923,1.7261001517450683,27,2636,0.014301021069730432,0.05213372226329003,
Biognosys TrueDiscovery,R-HSA-917937,22,14.419145299145299,1.5257492412746585,48,2636,0.014851776018329432,0.053977904985046246,
Biognosys TrueDiscovery,R-HSA-9725370,36,26.134700854700856,1.3774789388310396,87,2636,0.015621403254090446,0.05660406058635785,Signaling by ALK fusions and activated point mutants
Biognosys TrueDiscovery,R-HSA-1227986,23,15.32034188034188,1.5012719807194501,51,2636,0.01611896101774242,0.058231561874907294,Signaling by ERBB2
Biognosys TrueDiscovery,R-HSA-1257604,90,74.19851851851851,1.2129622234645796,247,2636,0.01674834164595363,0.06032411676671323,PIP3 activates AKT signaling
Biognosys TrueDiscovery,R-HSA-6814122,15,9.011965811965812,1.664453717754173,30,2636,0.016988472034462125,0.061006363753605776,
Biognosys TrueDiscovery,R-HSA-977068,11,6.007977207977208,1.8308990895295902,20,2636,0.01721264822194593,0.061627428008931416,
Biognosys TrueDiscovery,R-HSA-9927418,13,7.50997150997151,1.73103186646434,25,2636,0.017532132657928037,0.06239986860203381,Developmental Lineage of Mammary Gland Luminal Epithelial Cells
Biognosys TrueDiscovery,R-HSA-3371568,13,7.50997150997151,1.73103186646434,25,2636,0.017532132657928037,0.06239986860203381,
Biognosys TrueDiscovery,R-HSA-9938206,8,3.9051851851851853,2.04855842185129,13,2636,0.018300588686205245,0.06437312336112547,Developmental Lineage of Mammary Stem Cells
Biognosys TrueDiscovery,R-HSA-5083632,8,3.9051851851851853,2.04855842185129,13,2636,0.018300588686205245,0.06437312336112547,
Biognosys TrueDiscovery,R-HSA-5083636,8,3.9051851851851853,2.04855842185129,13,2636,0.018300588686205245,0.06437312336112547,
Biognosys TrueDiscovery,R-HSA-5083625,8,3.9051851851851853,2.04855842185129,13,2636,0.018300588686205245,0.06437312336112547,
Biognosys TrueDiscovery,R-HSA-5689880,53,41.45504273504274,1.2784934353763937,138,2636,0.02098124649145532,0.0732086274992028,Ub-specific processing proteases
Biognosys TrueDiscovery,R-HSA-2243919,10,5.407179487179487,1.8493930197268589,18,2636,0.021055847975664312,0.0732086274992028,
Biognosys TrueDiscovery,R-HSA-5603041,10,5.407179487179487,1.8493930197268589,18,2636,0.021055847975664312,0.0732086274992028,
Biognosys TrueDiscovery,R-HSA-9670439,10,5.407179487179487,1.8493930197268589,18,2636,0.021055847975664312,0.0732086274992028,"Signaling by phosphorylated juxtamembrane, extracellular and kinase domain KIT mutants"
Biognosys TrueDiscovery,R-HSA-442720,7,3.3043874643874642,2.1183956407780387,11,2636,0.021711477786652382,0.07483927729897655,
Biognosys TrueDiscovery,R-HSA-428542,7,3.3043874643874642,2.1183956407780387,11,2636,0.021711477786652382,0.07483927729897655,
Biognosys TrueDiscovery,R-HSA-9820865,7,3.3043874643874642,2.1183956407780387,11,2636,0.021711477786652382,0.07483927729897655,
Biognosys TrueDiscovery,R-HSA-381038,20,13.217549857549857,1.5131397434128846,44,2636,0.021797331415412995,0.07492054197926237,
Biognosys TrueDiscovery,R-HSA-199977,29,20.72752136752137,1.3991060236194497,69,2636,0.022455631371806565,0.0769633177785849,ER to Golgi Anterograde Transport
Biognosys TrueDiscovery,R-HSA-5423646,9,4.806381766381766,1.8725104324734447,16,2636,0.02578469061263316,0.08664520337150192,
Biognosys TrueDiscovery,R-HSA-74259,9,4.806381766381766,1.8725104324734447,16,2636,0.02578469061263316,0.08664520337150192,
Biognosys TrueDiscovery,R-HSA-416993,9,4.806381766381766,1.8725104324734447,16,2636,0.02578469061263316,0.08664520337150192,
Biognosys TrueDiscovery,R-HSA-9660826,13,7.810370370370371,1.664453717754173,26,2636,0.025602071363363618,0.08664520337150192,Purinergic signaling in leishmaniasis infection
Biognosys TrueDiscovery,R-HSA-9013407,13,7.810370370370371,1.664453717754173,26,2636,0.025602071363363618,0.08664520337150192,
Biognosys TrueDiscovery,R-HSA-1295596,9,4.806381766381766,1.8725104324734447,16,2636,0.02578469061263316,0.08664520337150192,
Biognosys TrueDiscovery,R-HSA-392517,9,4.806381766381766,1.8725104324734447,16,2636,0.02578469061263316,0.08664520337150192,
Biognosys TrueDiscovery,R-HSA-210991,11,6.308376068376068,1.7437134185996097,21,2636,0.026500761612534715,0.08880338779910658,
Biognosys TrueDiscovery,R-HSA-70171,29,21.027920227920227,1.3791187947106005,70,2636,0.027601138477211944,0.09223380441134992,
Biognosys TrueDiscovery,R-HSA-6803157,30,21.92911680911681,1.3680441515787722,73,2636,0.028473516699005986,0.09488543099419447,Antimicrobial peptides
Biognosys TrueDiscovery,R-HSA-5694530,14,8.711566951566951,1.6070587619695464,29,2636,0.029377962974493535,0.09762897640418708,Cargo concentration in the ER
Biognosys TrueDiscovery,R-HSA-6807070,44,34.24547008547009,1.2848414663365544,114,2636,0.030481650522091598,0.10101770131701429,PTEN Regulation
Biognosys TrueDiscovery,R-HSA-9857377,8,4.205584045584046,1.9022328202904832,14,2636,0.03160616502031171,0.10417045621763009,
Biognosys TrueDiscovery,R-HSA-2214320,8,4.205584045584046,1.9022328202904832,14,2636,0.03160616502031171,0.10417045621763009,
Biognosys TrueDiscovery,R-HSA-112040,22,15.32034188034188,1.435999285905561,51,2636,0.03195555648094885,0.1050342471218073,
Biognosys TrueDiscovery,R-HSA-9646399,18,12.015954415954416,1.4980083459787557,40,2636,0.03205100676632154,0.10506092953647088,
Biognosys TrueDiscovery,R-HSA-5625900,10,5.707578347578347,1.7520565450043928,19,2636,0.03269578469083488,0.10659357447987632,
Biognosys TrueDiscovery,R-HSA-388844,10,5.707578347578347,1.7520565450043928,19,2636,0.03269578469083488,0.10659357447987632,
Biognosys TrueDiscovery,R-HSA-9856649,23,16.22153846153846,1.4178679817905917,54,2636,0.03352414163467805,0.10899876320680456,
Biognosys TrueDiscovery,R-HSA-3371571,16,10.513960113960113,1.5217862562323867,35,2636,0.036015513392308546,0.11641654757638824,
Biognosys TrueDiscovery,R-HSA-456926,13,8.11076923076923,1.6028072837632776,27,2636,0.036095903778880147,0.11641654757638824,Thrombin signalling through proteinase activated receptors (PARs)
Biognosys TrueDiscovery,R-HSA-9683701,13,8.11076923076923,1.6028072837632776,27,2636,0.036095903778880147,0.11641654757638824,
Biognosys TrueDiscovery,R-HSA-177929,21,14.71954415954416,1.4266746152178624,49,2636,0.03834422421623151,0.12240790737718066,Signaling by EGFR
Biognosys TrueDiscovery,R-HSA-3656237,7,3.6047863247863248,1.9418626707132018,12,2636,0.038767591613221804,0.12240790737718066,Defective EXT2 causes exostoses 2
Biognosys TrueDiscovery,R-HSA-3656253,7,3.6047863247863248,1.9418626707132018,12,2636,0.038767591613221804,0.12240790737718066,"Defective EXT1 causes exostoses 1, TRPS2 and CHDS"
Biognosys TrueDiscovery,R-HSA-73621,7,3.6047863247863248,1.9418626707132018,12,2636,0.038767591613221804,0.12240790737718066,
Biognosys TrueDiscovery,R-HSA-9614399,7,3.6047863247863248,1.9418626707132018,12,2636,0.038767591613221804,0.12240790737718066,
Biognosys TrueDiscovery,R-HSA-9700645,7,3.6047863247863248,1.9418626707132018,12,2636,0.038767591613221804,0.12240790737718066,
Biognosys TrueDiscovery,R-HSA-162658,7,3.6047863247863248,1.9418626707132018,12,2636,0.038767591613221804,0.12240790737718066,
Biognosys TrueDiscovery,R-HSA-9828806,7,3.6047863247863248,1.9418626707132018,12,2636,0.038767591613221804,0.12240790737718066,
Biognosys TrueDiscovery,R-HSA-9958810,11,6.6087749287749284,1.6644537177541732,22,2636,0.03891548928392952,0.12255322934179899,
Biognosys TrueDiscovery,R-HSA-182971,14,9.011965811965812,1.5534901365705616,30,2636,0.040218767547021,0.12599785770590174,EGFR downregulation
Biognosys TrueDiscovery,R-HSA-917729,14,9.011965811965812,1.5534901365705616,30,2636,0.040218767547021,0.12599785770590174,
Biognosys TrueDiscovery,R-HSA-5602498,9,5.106780626780627,1.7623627599750067,17,2636,0.040456480981897434,0.12608587207570626,
Biognosys TrueDiscovery,R-HSA-881907,9,5.106780626780627,1.7623627599750067,17,2636,0.040456480981897434,0.12608587207570626,Gastrin-CREB signalling pathway via PKC and MAPK
Biognosys TrueDiscovery,R-HSA-442755,32,24.332307692307694,1.3151239251390996,81,2636,0.04285116216735747,0.1332040002256616,Activation of NMDA receptors and postsynaptic events
Biognosys TrueDiscovery,R-HSA-9615710,15,9.913162393162393,1.5131397434128846,33,2636,0.04391897998243064,0.13617147659501044,
Biognosys TrueDiscovery,R-HSA-933542,12,7.50997150997151,1.597875569044006,25,2636,0.04444217978923954,0.13743944032507754,TRAF6 mediated NF-kB activation
Biognosys TrueDiscovery,R-HSA-9918432,20,14.118746438746438,1.4165563555354665,47,2636,0.04599764861720754,0.14152217720332652,
Biognosys TrueDiscovery,R-HSA-112043,20,14.118746438746438,1.4165563555354665,47,2636,0.04599764861720754,0.14152217720332652,
Biognosys TrueDiscovery,R-HSA-2565942,28,21.027920227920227,1.3315629742033386,70,2636,0.04765309548690137,0.14513081992593,
Biognosys TrueDiscovery,R-HSA-9702518,6,3.003988603988604,1.9973444613050075,10,2636,0.04754621362765731,0.14513081992593,
Biognosys TrueDiscovery,R-HSA-5625970,6,3.003988603988604,1.9973444613050075,10,2636,0.04754621362765731,0.14513081992593,
Biognosys TrueDiscovery,R-HSA-9636383,6,3.003988603988604,1.9973444613050075,10,2636,0.04754621362765731,0.14513081992593,
Biognosys TrueDiscovery,R-HSA-389513,10,6.007977207977208,1.664453717754173,20,2636,0.048178921159723845,0.14562623657072307,Co-inhibition by CTLA4
Biognosys TrueDiscovery,R-HSA-912631,10,6.007977207977208,1.664453717754173,20,2636,0.048178921159723845,0.14562623657072307,Regulation of signaling by CBL
Biognosys TrueDiscovery,R-HSA-9735869,10,6.007977207977208,1.664453717754173,20,2636,0.048178921159723845,0.14562623657072307,
Biognosys TrueDiscovery,R-HSA-70221,8,4.505982905982906,1.7754172989377845,15,2636,0.05023488312488308,0.15108141099808584,
Biognosys TrueDiscovery,R-HSA-6785631,8,4.505982905982906,1.7754172989377845,15,2636,0.05023488312488308,0.15108141099808584,ERBB2 Regulates Cell Motility
Biognosys TrueDiscovery,R-HSA-9920588,14,9.312364672364673,1.5033775515198982,31,2636,0.053613631112268766,0.16044079161208788,
Biognosys TrueDiscovery,R-HSA-4085001,14,9.312364672364673,1.5033775515198982,31,2636,0.053613631112268766,0.16044079161208788,
Biognosys TrueDiscovery,R-HSA-5621480,11,6.909173789173789,1.5920861648083393,23,2636,0.05485006338944346,0.16373356391439325,Dectin-2 family
Biognosys TrueDiscovery,R-HSA-2028269,9,5.407179487179487,1.664453717754173,18,2636,0.059857113988130504,0.17779779784622468,
Biognosys TrueDiscovery,R-HSA-8862803,9,5.407179487179487,1.664453717754173,18,2636,0.059857113988130504,0.17779779784622468,Deregulated CDK5 triggers multiple neurodegenerative pathways in Alzheimer's disease models
Biognosys TrueDiscovery,R-HSA-201681,50,41.154643874643874,1.2149297209884475,137,2636,0.0603017336606295,0.17823829384210635,TCF dependent signaling in response to WNT
Biognosys TrueDiscovery,R-HSA-166016,50,41.154643874643874,1.2149297209884475,137,2636,0.0603017336606295,0.17823829384210635,Toll Like Receptor 4 (TLR4) Cascade
Biognosys TrueDiscovery,R-HSA-5620971,12,7.810370370370371,1.5364188163884673,26,2636,0.06059084415427607,0.17865388607253457,Pyroptosis
Biognosys TrueDiscovery,R-HSA-9856532,7,3.9051851851851853,1.7924886191198786,13,2636,0.06264576169474116,0.18336460174884092,
Biognosys TrueDiscovery,R-HSA-75035,7,3.9051851851851853,1.7924886191198786,13,2636,0.06264576169474116,0.18336460174884092,
Biognosys TrueDiscovery,R-HSA-1679131,7,3.9051851851851853,1.7924886191198786,13,2636,0.06264576169474116,0.18336460174884092,
Biognosys TrueDiscovery,R-HSA-8951664,59,49.56581196581197,1.190336598151469,165,2636,0.06442626235930075,0.18811843111223012,Neddylation
Biognosys TrueDiscovery,R-HSA-2022928,13,8.711566951566951,1.4922688504002932,29,2636,0.0655249994942515,0.19040235360286126,HS-GAG biosynthesis
Biognosys TrueDiscovery,R-HSA-9013424,13,8.711566951566951,1.4922688504002932,29,2636,0.0655249994942515,0.19040235360286126,
Biognosys TrueDiscovery,R-HSA-8854214,19,13.818347578347579,1.3749835059708384,46,2636,0.06834105509268727,0.1981067211481995,
Biognosys TrueDiscovery,R-HSA-9013423,31,24.332307692307694,1.2740263024785028,81,2636,0.06875312711852248,0.19834535233473033,
Biognosys TrueDiscovery,R-HSA-111885,31,24.332307692307694,1.2740263024785028,81,2636,0.06875312711852248,0.19834535233473033,
Biognosys TrueDiscovery,R-HSA-2219530,32,25.233504273504273,1.268155213526989,84,2636,0.06912451569661902,0.19893969469625042,Constitutive Signaling by Aberrant PI3K in Cancer
Biognosys TrueDiscovery,R-HSA-390471,14,9.612763532763532,1.4563970030349014,32,2636,0.06976504920937578,0.1998270338068549,Association of TriC/CCT with target proteins during biosynthesis
Biognosys TrueDiscovery,R-HSA-9013420,14,9.612763532763532,1.4563970030349014,32,2636,0.06976504920937578,0.1998270338068549,
Biognosys TrueDiscovery,R-HSA-2467813,58,48.965014245014245,1.184519210180884,163,2636,0.07205849654239438,0.20590587016745948,Separation of Sister Chromatids
Biognosys TrueDiscovery,R-HSA-111996,15,10.513960113960113,1.4266746152178627,35,2636,0.07340872230710173,0.2092670448707189,
Biognosys TrueDiscovery,R-HSA-917977,11,7.2095726495726495,1.5257492412746585,24,2636,0.07458635327064103,0.21090644598936875,
Biognosys TrueDiscovery,R-HSA-2173788,11,7.2095726495726495,1.5257492412746585,24,2636,0.07458635327064103,0.21090644598936875,Downregulation of TGF-beta receptor signaling
Biognosys TrueDiscovery,R-HSA-1839117,8,4.806381766381766,1.6644537177541732,16,2636,0.07468507563713307,0.21090644598936875,
Biognosys TrueDiscovery,R-HSA-9619483,11,7.2095726495726495,1.5257492412746585,24,2636,0.07458635327064103,0.21090644598936875,
Biognosys TrueDiscovery,R-HSA-9662361,16,11.415156695156695,1.401645236003514,38,2636,0.07653926539064752,0.2151325613667032,
Biognosys TrueDiscovery,R-HSA-9634597,16,11.415156695156695,1.401645236003514,38,2636,0.07653926539064752,0.2151325613667032,
Biognosys TrueDiscovery,R-HSA-446193,27,21.027920227920227,1.2840071536960764,70,2636,0.078166344730273,0.21722556242332522,
Biognosys TrueDiscovery,R-HSA-1059683,6,3.3043874643874642,1.8157676920954615,11,2636,0.07854789663686323,0.21722556242332522,Interleukin-6 signaling
Biognosys TrueDiscovery,R-HSA-399997,6,3.3043874643874642,1.8157676920954615,11,2636,0.07854789663686323,0.21722556242332522,
Biognosys TrueDiscovery,R-HSA-8875555,6,3.3043874643874642,1.8157676920954615,11,2636,0.07854789663686323,0.21722556242332522,
Biognosys TrueDiscovery,R-HSA-9673767,6,3.3043874643874642,1.8157676920954615,11,2636,0.07854789663686323,0.21722556242332522,"Signaling by PDGFRA transmembrane, juxtamembrane and kinase domain mutants"
Biognosys TrueDiscovery,R-HSA-9673770,6,3.3043874643874642,1.8157676920954615,11,2636,0.07854789663686323,0.21722556242332522,Signaling by PDGFRA extracellular domain mutants
Biognosys TrueDiscovery,R-HSA-2586552,6,3.3043874643874642,1.8157676920954615,11,2636,0.07854789663686323,0.21722556242332522,Signaling by Leptin
Biognosys TrueDiscovery,R-HSA-373752,17,12.316353276353276,1.3802786927717532,41,2636,0.0792270493058481,0.2186012392544387,Netrin-1 signaling
Biognosys TrueDiscovery,R-HSA-399719,12,8.11076923076923,1.479514415781487,27,2636,0.08018679645459276,0.21923799121562518,
Biognosys TrueDiscovery,R-HSA-399721,12,8.11076923076923,1.479514415781487,27,2636,0.08018679645459276,0.21923799121562518,
Biognosys TrueDiscovery,R-HSA-877300,31,24.63270655270655,1.2584893963507162,82,2636,0.07977995427950553,0.21923799121562518,
Biognosys TrueDiscovery,R-HSA-162588,12,8.11076923076923,1.479514415781487,27,2636,0.08018679645459276,0.21923799121562518,
Biognosys TrueDiscovery,R-HSA-9692916,18,13.217549857549857,1.3618257690715962,44,2636,0.08153145469473015,0.2224089342352843,
Biognosys TrueDiscovery,R-HSA-2122948,13,9.011965811965812,1.44252655538695,30,2636,0.08487682392448655,0.22997031347107505,
Biognosys TrueDiscovery,R-HSA-8863795,13,9.011965811965812,1.44252655538695,30,2636,0.08487682392448655,0.22997031347107505,Downregulation of ERBB2 signaling
Biognosys TrueDiscovery,R-HSA-202433,13,9.011965811965812,1.44252655538695,30,2636,0.08487682392448655,0.22997031347107505,Generation of second messenger molecules
Biognosys TrueDiscovery,R-HSA-5673000,14,9.913162393162393,1.4122637605186923,33,2636,0.0888095212713354,0.23954675804801903,RAF activation
Biognosys TrueDiscovery,R-HSA-9694548,14,9.913162393162393,1.4122637605186923,33,2636,0.0888095212713354,0.23954675804801903,
Biognosys TrueDiscovery,R-HSA-422356,24,18.624729344729346,1.2886093298741983,62,2636,0.08964737809760395,0.24126576253113546,Regulation of insulin secretion
Biognosys TrueDiscovery,R-HSA-168273,34,27.636695156695158,1.2302484000791714,92,2636,0.09168673562166932,0.24620344409122363,
Biognosys TrueDiscovery,R-HSA-8853659,15,10.814358974358974,1.3870447647951443,36,2636,0.09210838276391933,0.24623640992221102,
Biognosys TrueDiscovery,R-HSA-6807004,10,6.6087749287749284,1.5131397434128846,22,2636,0.09202871363486768,0.24623640992221102,
Biognosys TrueDiscovery,R-HSA-5637810,7,4.205584045584046,1.664453717754173,14,2636,0.09368535836917057,0.24934399583653138,Constitutive Signaling by EGFRvIII
Biognosys TrueDiscovery,R-HSA-4419969,7,4.205584045584046,1.664453717754173,14,2636,0.09368535836917057,0.24934399583653138,
Biognosys TrueDiscovery,R-HSA-5683826,11,7.50997150997151,1.4647192716236723,25,2636,0.09827106100602792,0.26097149313521323,
Biognosys TrueDiscovery,R-HSA-2142753,20,15.32034188034188,1.3054538962777826,51,2636,0.10201697062498208,0.270322501457827,
Biognosys TrueDiscovery,R-HSA-5620920,21,16.22153846153846,1.2945751138088013,54,2636,0.10307955752612077,0.2725378191295017,
Biognosys TrueDiscovery,R-HSA-532668,12,8.411168091168092,1.4266746152178624,28,2636,0.10333602714269839,0.27261675581725037,
Biognosys TrueDiscovery,R-HSA-210993,8,5.106780626780627,1.5665446755333392,17,2636,0.10511049310845365,0.2754856714803262,Tie2 Signaling
Biognosys TrueDiscovery,R-HSA-190840,8,5.106780626780627,1.5665446755333392,17,2636,0.10511049310845365,0.2754856714803262,
Biognosys TrueDiscovery,R-HSA-190872,8,5.106780626780627,1.5665446755333392,17,2636,0.10511049310845365,0.2754856714803262,
Biognosys TrueDiscovery,R-HSA-5213460,13,9.312364672364673,1.3959934406970482,31,2636,0.10745579651108826,0.2798037298762753,RIPK1-mediated regulated necrosis
Biognosys TrueDiscovery,R-HSA-5675482,13,9.312364672364673,1.3959934406970482,31,2636,0.10745579651108826,0.2798037298762753,Regulation of necroptotic cell death
Biognosys TrueDiscovery,R-HSA-9674555,13,9.312364672364673,1.3959934406970482,31,2636,0.10745579651108826,0.2798037298762753,Signaling by CSF3 (G-CSF)
Biognosys TrueDiscovery,R-HSA-5218921,9,6.007977207977208,1.4980083459787557,20,2636,0.11385781060694707,0.2951960046555115,VEGFR2 mediated cell proliferation
Biognosys TrueDiscovery,R-HSA-9818027,9,6.007977207977208,1.4980083459787557,20,2636,0.11385781060694707,0.2951960046555115,
Biognosys TrueDiscovery,R-HSA-1614558,6,3.6047863247863248,1.664453717754173,12,2636,0.1183282016605046,0.30351562174325597,
Biognosys TrueDiscovery,R-HSA-156581,6,3.6047863247863248,1.664453717754173,12,2636,0.1183282016605046,0.30351562174325597,
Biognosys TrueDiscovery,R-HSA-5635838,6,3.6047863247863248,1.664453717754173,12,2636,0.1183282016605046,0.30351562174325597,
Biognosys TrueDiscovery,R-HSA-1475029,6,3.6047863247863248,1.664453717754173,12,2636,0.1183282016605046,0.30351562174325597,Reversible hydration of carbon dioxide
Biognosys TrueDiscovery,R-HSA-9926550,6,3.6047863247863248,1.664453717754173,12,2636,0.1183282016605046,0.30351562174325597,
Biognosys TrueDiscovery,R-HSA-9013405,18,13.818347578347579,1.302615953025005,46,2636,0.1188932256067762,0.3043160646913867,
Biognosys TrueDiscovery,R-HSA-2424491,10,6.909173789173789,1.447351058916672,23,2636,0.12062767536211709,0.30744723190810774,DAP12 signaling
Biognosys TrueDiscovery,R-HSA-1250196,10,6.909173789173789,1.447351058916672,23,2636,0.12062767536211709,0.30744723190810774,SHC1 events in ERBB2 signaling
Biognosys TrueDiscovery,R-HSA-9663891,28,22.83031339031339,1.2264395815030749,76,2636,0.12130160723128508,0.3085112758969048,
Biognosys TrueDiscovery,R-HSA-8878171,52,45.05982905982906,1.1540212443095599,150,2636,0.1243299114182946,0.31554616758693754,Transcriptional regulation by RUNX1
Biognosys TrueDiscovery,R-HSA-9705462,11,7.810370370370371,1.4083839150227617,26,2636,0.125903220030646,0.3188664709407729,
Biognosys TrueDiscovery,R-HSA-168179,39,33.043874643874645,1.18024899986205,110,2636,0.12744806938938638,0.32210089805762987,Toll Like Receptor TLR1:TLR2 Cascade
Biognosys TrueDiscovery,R-HSA-2691232,7,4.505982905982906,1.5534901365705616,15,2636,0.13170452420792209,0.3260093469591158,
Biognosys TrueDiscovery,R-HSA-844456,7,4.505982905982906,1.5534901365705616,15,2636,0.13170452420792209,0.3260093469591158,The NLRP3 inflammasome
Biognosys TrueDiscovery,R-HSA-180292,7,4.505982905982906,1.5534901365705616,15,2636,0.13170452420792209,0.3260093469591158,GAB1 signalosome
Biognosys TrueDiscovery,R-HSA-975577,7,4.505982905982906,1.5534901365705616,15,2636,0.13170452420792209,0.3260093469591158,
Biognosys TrueDiscovery,R-HSA-9703648,7,4.505982905982906,1.5534901365705616,15,2636,0.13170452420792209,0.3260093469591158,Signaling by FLT3 ITD and TKD mutants
Biognosys TrueDiscovery,R-HSA-9830674,7,4.505982905982906,1.5534901365705616,15,2636,0.13170452420792209,0.3260093469591158,
Biognosys TrueDiscovery,R-HSA-1963642,7,4.505982905982906,1.5534901365705616,15,2636,0.13170452420792209,0.3260093469591158,PI3K events in ERBB2 signaling
Biognosys TrueDiscovery,R-HSA-8875360,7,4.505982905982906,1.5534901365705616,15,2636,0.13170452420792209,0.3260093469591158,
Biognosys TrueDiscovery,R-HSA-2160916,7,4.505982905982906,1.5534901365705616,15,2636,0.13170452420792209,0.3260093469591158,
Biognosys TrueDiscovery,R-HSA-9665348,7,4.505982905982906,1.5534901365705616,15,2636,0.13170452420792209,0.3260093469591158,Signaling by ERBB2 ECD mutants
Biognosys TrueDiscovery,R-HSA-9035034,15,11.415156695156695,1.3140424087532945,38,2636,0.13765512713830333,0.34003925656545975,
Biognosys TrueDiscovery,R-HSA-389356,16,12.316353276353276,1.299085828491062,41,2636,0.1390936019561053,0.3428885310516284,Co-stimulation by CD28
Biognosys TrueDiscovery,R-HSA-9009391,25,20.427122507122508,1.2238630277604212,68,2636,0.14019312589670205,0.3448922913164265,Extra-nuclear estrogen signaling
Biognosys TrueDiscovery,R-HSA-380259,21,16.822336182336183,1.2483402883156296,56,2636,0.14154467312222282,0.34539197112785813,
Biognosys TrueDiscovery,R-HSA-380284,21,16.822336182336183,1.2483402883156296,56,2636,0.14154467312222282,0.34539197112785813,
Biognosys TrueDiscovery,R-HSA-1236382,8,5.407179487179487,1.479514415781487,18,2636,0.14131319640471215,0.34539197112785813,Constitutive Signaling by Ligand-Responsive EGFR Cancer Variants
Biognosys TrueDiscovery,R-HSA-5621575,8,5.407179487179487,1.479514415781487,18,2636,0.14131319640471215,0.34539197112785813,CD209 (DC-SIGN) signaling
Biognosys TrueDiscovery,R-HSA-445095,9,6.308376068376068,1.4266746152178627,21,2636,0.14833641436473555,0.3605024373349027,
Biognosys TrueDiscovery,R-HSA-8935690,9,6.308376068376068,1.4266746152178627,21,2636,0.14833641436473555,0.3605024373349027,
Biognosys TrueDiscovery,R-HSA-1632852,44,38.15065527065527,1.1533222611210017,127,2636,0.14864791425927584,0.36053113075384846,
Biognosys TrueDiscovery,R-HSA-400451,5,3.003988603988604,1.664453717754173,10,2636,0.1508262408324046,0.3636151657743141,
Biognosys TrueDiscovery,R-HSA-1237044,5,3.003988603988604,1.664453717754173,10,2636,0.1508262408324046,0.3636151657743141,Erythrocytes take up carbon dioxide and release oxygen
Biognosys TrueDiscovery,R-HSA-2179392,5,3.003988603988604,1.664453717754173,10,2636,0.1508262408324046,0.3636151657743141,EGFR Transactivation by Gastrin
Biognosys TrueDiscovery,R-HSA-9013507,10,7.2095726495726495,1.3870447647951443,24,2636,0.15351433399888573,0.36788395179414246,NOTCH3 Activation and Transmission of Signal to the Nucleus
Biognosys TrueDiscovery,R-HSA-9768727,10,7.2095726495726495,1.3870447647951443,24,2636,0.15351433399888573,0.36788395179414246,
Biognosys TrueDiscovery,R-HSA-1855204,10,7.2095726495726495,1.3870447647951443,24,2636,0.15351433399888573,0.36788395179414246,
Biognosys TrueDiscovery,R-HSA-112314,49,42.95703703703704,1.140674575803559,143,2636,0.15404357224816914,0.3684183248798161,Neurotransmitter receptors and postsynaptic signal transmission
Biognosys TrueDiscovery,R-HSA-9968734,12,9.011965811965812,1.3315629742033384,30,2636,0.1601257245608556,0.38144801316180055,Differentiation of Circulating Monocytes
Biognosys TrueDiscovery,R-HSA-8866652,12,9.011965811965812,1.3315629742033384,30,2636,0.1601257245608556,0.38144801316180055,
Biognosys TrueDiscovery,R-HSA-111933,13,9.913162393162393,1.3113877776245,33,2636,0.16212674539701885,0.38469127162251215,
Biognosys TrueDiscovery,R-HSA-111997,13,9.913162393162393,1.3113877776245,33,2636,0.16212674539701885,0.38469127162251215,
Biognosys TrueDiscovery,R-HSA-9607240,14,10.814358974358974,1.2945751138088013,36,2636,0.1635070863263136,0.38568436245206916,FLT3 Signaling
Biognosys TrueDiscovery,R-HSA-390522,14,10.814358974358974,1.2945751138088013,36,2636,0.1635070863263136,0.38568436245206916,
Biognosys TrueDiscovery,R-HSA-2172127,14,10.814358974358974,1.2945751138088013,36,2636,0.1635070863263136,0.38568436245206916,DAP12 interactions
Biognosys TrueDiscovery,R-HSA-189451,6,3.9051851851851853,1.5364188163884673,13,2636,0.16605600734544476,0.38940619266387927,Heme biosynthesis
Biognosys TrueDiscovery,R-HSA-203615,6,3.9051851851851853,1.5364188163884673,13,2636,0.16605600734544476,0.38940619266387927,
Biognosys TrueDiscovery,R-HSA-162594,6,3.9051851851851853,1.5364188163884673,13,2636,0.16605600734544476,0.38940619266387927,Early Phase of HIV Life Cycle
Biognosys TrueDiscovery,R-HSA-2142691,7,4.806381766381766,1.4563970030349014,16,2636,0.1760529842074247,0.40886436293732037,
Biognosys TrueDiscovery,R-HSA-2142845,7,4.806381766381766,1.4563970030349014,16,2636,0.1760529842074247,0.40886436293732037,
Biognosys TrueDiscovery,R-HSA-422085,7,4.806381766381766,1.4563970030349014,16,2636,0.1760529842074247,0.40886436293732037,"Synthesis, secretion, and deacylation of Ghrelin"
Biognosys TrueDiscovery,R-HSA-163615,7,4.806381766381766,1.4563970030349014,16,2636,0.1760529842074247,0.40886436293732037,
Biognosys TrueDiscovery,R-HSA-2995383,7,4.806381766381766,1.4563970030349014,16,2636,0.1760529842074247,0.40886436293732037,
Biognosys TrueDiscovery,R-HSA-74752,26,21.92911680911681,1.1856382647016026,73,2636,0.1792135937800953,0.41540260754808217,Signaling by Insulin receptor
Biognosys TrueDiscovery,R-HSA-112409,8,5.707578347578347,1.401645236003514,19,2636,0.1827756589858142,0.4228444572306432,RAF-independent MAPK1/3 activation
Biognosys TrueDiscovery,R-HSA-9013106,23,19.225527065527064,1.196326109635812,64,2636,0.1841189498220352,0.42513454248734805,
Biognosys TrueDiscovery,R-HSA-9008059,9,6.6087749287749284,1.3618257690715962,22,2636,0.18731866871618252,0.4308687542362669,
Biognosys TrueDiscovery,R-HSA-202427,9,6.6087749287749284,1.3618257690715962,22,2636,0.18731866871618252,0.4308687542362669,Phosphorylation of CD3 and TCR zeta chains
Biognosys TrueDiscovery,R-HSA-9694635,19,15.620740740740741,1.2163315629742033,52,2636,0.1898725227769487,0.435909627673033,
Biognosys TrueDiscovery,R-HSA-165159,17,13.818347578347579,1.2302484000791714,46,2636,0.19210671393752585,0.44019881307970204,
Biognosys TrueDiscovery,R-HSA-381676,13,10.213561253561254,1.2728175488708382,34,2636,0.19389546579186018,0.4434529379232087,
Biognosys TrueDiscovery,R-HSA-9938027,106,98.83122507122508,1.072535526333996,329,2636,0.20612301566567212,0.47052369610209405,Affinity selection of immunoglobulins
Biognosys TrueDiscovery,R-HSA-2046106,5,3.3043874643874642,1.5131397434128846,11,2636,0.211058194328689,0.4736996413757703,
Biognosys TrueDiscovery,R-HSA-390247,5,3.3043874643874642,1.5131397434128846,11,2636,0.211058194328689,0.4736996413757703,
Biognosys TrueDiscovery,R-HSA-9013700,5,3.3043874643874642,1.5131397434128846,11,2636,0.211058194328689,0.4736996413757703,
Biognosys TrueDiscovery,R-HSA-193692,5,3.3043874643874642,1.5131397434128846,11,2636,0.211058194328689,0.4736996413757703,
Biognosys TrueDiscovery,R-HSA-9839383,5,3.3043874643874642,1.5131397434128846,11,2636,0.211058194328689,0.4736996413757703,
Biognosys TrueDiscovery,R-HSA-8876725,5,3.3043874643874642,1.5131397434128846,11,2636,0.211058194328689,0.4736996413757703,
Biognosys TrueDiscovery,R-HSA-9634285,5,3.3043874643874642,1.5131397434128846,11,2636,0.211058194328689,0.4736996413757703,Constitutive Signaling by Overexpressed ERBB2
Biognosys TrueDiscovery,R-HSA-4755510,5,3.3043874643874642,1.5131397434128846,11,2636,0.211058194328689,0.4736996413757703,
Biognosys TrueDiscovery,R-HSA-9020558,5,3.3043874643874642,1.5131397434128846,11,2636,0.211058194328689,0.4736996413757703,
Biognosys TrueDiscovery,R-HSA-8854518,21,17.723532763532763,1.1848653584012758,59,2636,0.21243795312610503,0.47502389890465496,
Biognosys TrueDiscovery,R-HSA-9856530,21,17.723532763532763,1.1848653584012758,59,2636,0.21243795312610503,0.47502389890465496,High laminar flow shear stress activates signaling by PIEZO1 and PECAM1:CDH5:KDR in endothelial cells
Biognosys TrueDiscovery,R-HSA-166058,36,31.8422792022792,1.1305723365877403,106,2636,0.21622464952521162,0.4817004692200547,MyD88:MAL(TIRAP) cascade initiated on plasma membrane
Biognosys TrueDiscovery,R-HSA-168188,36,31.8422792022792,1.1305723365877403,106,2636,0.21622464952521162,0.4817004692200547,Toll Like Receptor TLR6:TLR2 Cascade
Biognosys TrueDiscovery,R-HSA-9662360,18,15.01994301994302,1.1984066767830046,50,2636,0.21905245903524173,0.48546116277548274,
Biognosys TrueDiscovery,R-HSA-2162123,6,4.205584045584046,1.4266746152178624,14,2636,0.2203339940776505,0.48546116277548274,
Biognosys TrueDiscovery,R-HSA-2173791,6,4.205584045584046,1.4266746152178624,14,2636,0.2203339940776505,0.48546116277548274,TGF-beta receptor signaling in EMT (epithelial to mesenchymal transition)
Biognosys TrueDiscovery,R-HSA-5620922,6,4.205584045584046,1.4266746152178624,14,2636,0.2203339940776505,0.48546116277548274,
Biognosys TrueDiscovery,R-HSA-8931838,6,4.205584045584046,1.4266746152178624,14,2636,0.2203339940776505,0.48546116277548274,
Biognosys TrueDiscovery,R-HSA-5684264,6,4.205584045584046,1.4266746152178624,14,2636,0.2203339940776505,0.48546116277548274,
Biognosys TrueDiscovery,R-HSA-9753281,11,8.711566951566951,1.2626890272617866,29,2636,0.2303121658248882,0.5028412622274783,
Biognosys TrueDiscovery,R-HSA-9620244,8,6.007977207977208,1.3315629742033384,20,2636,0.22872089123839218,0.5028412622274783,
Biognosys TrueDiscovery,R-HSA-9725371,12,9.612763532763532,1.2483402883156298,32,2636,0.2294789861066197,0.5028412622274783,
Biognosys TrueDiscovery,R-HSA-449836,9,6.909173789173789,1.302615953025005,23,2636,0.23019145015808173,0.5028412622274783,Other interleukin signaling
Biognosys TrueDiscovery,R-HSA-9006335,9,6.909173789173789,1.302615953025005,23,2636,0.23019145015808173,0.5028412622274783,Signaling by Erythropoietin
Biognosys TrueDiscovery,R-HSA-9033241,20,17.122735042735044,1.168037696669595,57,2636,0.24235365118987623,0.5281729028648933,
Biognosys TrueDiscovery,R-HSA-3371453,26,22.83031339031339,1.1388367542528552,76,2636,0.2483577386731678,0.5402791313269817,
Biognosys TrueDiscovery,R-HSA-1489509,14,11.715555555555556,1.1949924127465859,39,2636,0.26167462935892727,0.5682212619472735,
Biognosys TrueDiscovery,R-HSA-8873719,21,18.324330484330485,1.146017313863529,61,2636,0.26732422221338664,0.5794433140949624,
Biognosys TrueDiscovery,R-HSA-1251985,11,9.011965811965812,1.220599393019727,30,2636,0.2709464212935386,0.5862383899570628,Nuclear signaling by ERBB4
Biognosys TrueDiscovery,R-HSA-9840309,7,5.407179487179487,1.2945751138088013,18,2636,0.2794215207952452,0.5866388996800698,
Biognosys TrueDiscovery,R-HSA-193368,8,6.308376068376068,1.268155213526989,21,2636,0.2781882616221808,0.5866388996800698,
Biognosys TrueDiscovery,R-HSA-156584,7,5.407179487179487,1.2945751138088013,18,2636,0.2794215207952452,0.5866388996800698,
Biognosys TrueDiscovery,R-HSA-9969896,6,4.505982905982906,1.3315629742033384,15,2636,0.279420307324136,0.5866388996800698,
Biognosys TrueDiscovery,R-HSA-111931,7,5.407179487179487,1.2945751138088013,18,2636,0.2794215207952452,0.5866388996800698,
Biognosys TrueDiscovery,R-HSA-164378,6,4.505982905982906,1.3315629742033384,15,2636,0.279420307324136,0.5866388996800698,
Biognosys TrueDiscovery,R-HSA-9927426,8,6.308376068376068,1.268155213526989,21,2636,0.2781882616221808,0.5866388996800698,
Biognosys TrueDiscovery,R-HSA-70635,5,3.6047863247863248,1.3870447647951443,12,2636,0.2772939033773919,0.5866388996800698,Urea cycle
Biognosys TrueDiscovery,R-HSA-9909505,7,5.407179487179487,1.2945751138088013,18,2636,0.2794215207952452,0.5866388996800698,
Biognosys TrueDiscovery,R-HSA-9939291,5,3.6047863247863248,1.3870447647951443,12,2636,0.2772939033773919,0.5866388996800698,
Biognosys TrueDiscovery,R-HSA-9664565,9,7.2095726495726495,1.2483402883156298,24,2636,0.27619771985359914,0.5866388996800698,Signaling by ERBB2 KD Mutants
Biognosys TrueDiscovery,R-HSA-2514859,9,7.2095726495726495,1.2483402883156298,24,2636,0.27619771985359914,0.5866388996800698,
Biognosys TrueDiscovery,R-HSA-140534,6,4.505982905982906,1.3315629742033384,15,2636,0.279420307324136,0.5866388996800698,
Biognosys TrueDiscovery,R-HSA-3772470,5,3.6047863247863248,1.3870447647951443,12,2636,0.2772939033773919,0.5866388996800698,
Biognosys TrueDiscovery,R-HSA-418592,8,6.308376068376068,1.268155213526989,21,2636,0.2781882616221808,0.5866388996800698,
Biognosys TrueDiscovery,R-HSA-171007,5,3.6047863247863248,1.3870447647951443,12,2636,0.2772939033773919,0.5866388996800698,p38MAPK events
Biognosys TrueDiscovery,R-HSA-1855183,6,4.505982905982906,1.3315629742033384,15,2636,0.279420307324136,0.5866388996800698,
Biognosys TrueDiscovery,R-HSA-1236394,17,14.71954415954416,1.1549270694620792,49,2636,0.28431623787511,0.5958753208427828,Signaling by ERBB4
Biognosys TrueDiscovery,R-HSA-6785807,33,30.03988603988604,1.0985394537177542,100,2636,0.2913117259158494,0.6094747935248119,Interleukin-4 and Interleukin-13 signaling
Biognosys TrueDiscovery,R-HSA-451927,14,12.015954415954416,1.165117602427921,40,2636,0.29833484095263685,0.6230847459479552,
Biognosys TrueDiscovery,R-HSA-9013408,20,17.723532763532763,1.1284431984774055,59,2636,0.3016467255685438,0.6289098975025272,
Biognosys TrueDiscovery,R-HSA-5620912,25,22.52991452991453,1.1096358118361151,75,2636,0.3048718095376236,0.6345342333456077,Anchoring of the basal body to the plasma membrane
Biognosys TrueDiscovery,R-HSA-9013404,24,21.62871794871795,1.1096358118361154,72,2636,0.31007794847394893,0.644255219368153,
Biognosys TrueDiscovery,R-HSA-5654733,11,9.312364672364673,1.1812252190513486,31,2636,0.31360193475291126,0.6504536681168142,Negative regulation of FGFR4 signaling
Biognosys TrueDiscovery,R-HSA-166166,33,30.3402849002849,1.0876628254631229,101,2636,0.31481071995436327,0.6507170036170086,MyD88-independent TLR4 cascade 
Biognosys TrueDiscovery,R-HSA-937061,33,30.3402849002849,1.0876628254631229,101,2636,0.31481071995436327,0.6507170036170086,TRIF (TICAM1)-mediated TLR4 signaling 
Biognosys TrueDiscovery,R-HSA-909733,23,20.72752136752137,1.1096358118361151,69,2636,0.31546508586207955,0.6509511119932792,
Biognosys TrueDiscovery,R-HSA-2173795,10,8.411168091168092,1.1888955126815521,28,2636,0.31897929779756895,0.6559522995734622,
Biognosys TrueDiscovery,R-HSA-1222556,10,8.411168091168092,1.1888955126815521,28,2636,0.31897929779756895,0.6559522995734622,
Biognosys TrueDiscovery,R-HSA-380320,26,23.731509971509972,1.095589788901481,79,2636,0.3268198050295818,0.6709287123730152,
Biognosys TrueDiscovery,R-HSA-392451,8,6.6087749287749284,1.2105117947303077,22,2636,0.33011374328275156,0.6719574165298648,
Biognosys TrueDiscovery,R-HSA-166208,8,6.6087749287749284,1.2105117947303077,22,2636,0.33011374328275156,0.6719574165298648,
Biognosys TrueDiscovery,R-HSA-9665686,8,6.6087749287749284,1.2105117947303077,22,2636,0.33011374328275156,0.6719574165298648,Signaling by ERBB2 TMD/JMD mutants
Biognosys TrueDiscovery,R-HSA-6783783,15,13.217549857549857,1.1348548075596634,44,2636,0.3299325318495487,0.6719574165298648,Interleukin-10 signaling
Biognosys TrueDiscovery,R-HSA-198753,8,6.6087749287749284,1.2105117947303077,22,2636,0.33011374328275156,0.6719574165298648,
Biognosys TrueDiscovery,R-HSA-171319,7,5.707578347578347,1.2264395815030749,19,2636,0.335798273517413,0.6800763014165788,
Biognosys TrueDiscovery,R-HSA-9617324,7,5.707578347578347,1.2264395815030749,19,2636,0.335798273517413,0.6800763014165788,
Biognosys TrueDiscovery,R-HSA-167044,7,5.707578347578347,1.2264395815030749,19,2636,0.335798273517413,0.6800763014165788,Signalling to RAS
Biognosys TrueDiscovery,R-HSA-9013695,6,4.806381766381766,1.2483402883156298,16,2636,0.34144070119416287,0.688028749642509,
Biognosys TrueDiscovery,R-HSA-9034015,6,4.806381766381766,1.2483402883156298,16,2636,0.34144070119416287,0.688028749642509,Signaling by NTRK3 (TRKC)
Biognosys TrueDiscovery,R-HSA-418217,6,4.806381766381766,1.2483402883156298,16,2636,0.34144070119416287,0.688028749642509,
Biognosys TrueDiscovery,R-HSA-9758881,4,3.003988603988604,1.3315629742033384,10,2636,0.35140871514658867,0.6930240726579445,
Biognosys TrueDiscovery,R-HSA-9762292,4,3.003988603988604,1.3315629742033384,10,2636,0.35140871514658867,0.6930240726579445,
Biognosys TrueDiscovery,R-HSA-1358803,5,3.9051851851851853,1.2803490136570561,13,2636,0.34681758839735893,0.6930240726579445,
Biognosys TrueDiscovery,R-HSA-1462054,4,3.003988603988604,1.3315629742033384,10,2636,0.35140871514658867,0.6930240726579445,Alpha-defensins
Biognosys TrueDiscovery,R-HSA-450341,4,3.003988603988604,1.3315629742033384,10,2636,0.35140871514658867,0.6930240726579445,
Biognosys TrueDiscovery,R-HSA-9708530,4,3.003988603988604,1.3315629742033384,10,2636,0.35140871514658867,0.6930240726579445,
Biognosys TrueDiscovery,R-HSA-8847993,5,3.9051851851851853,1.2803490136570561,13,2636,0.34681758839735893,0.6930240726579445,ERBB2 Activates PTK6 Signaling
Biognosys TrueDiscovery,R-HSA-111932,4,3.003988603988604,1.3315629742033384,10,2636,0.35140871514658867,0.6930240726579445,
Biognosys TrueDiscovery,R-HSA-8939242,4,3.003988603988604,1.3315629742033384,10,2636,0.35140871514658867,0.6930240726579445,RUNX1 regulates transcription of genes involved in differentiation of keratinocytes
Biognosys TrueDiscovery,R-HSA-9931530,4,3.003988603988604,1.3315629742033384,10,2636,0.35140871514658867,0.6930240726579445,
Biognosys TrueDiscovery,R-HSA-202670,5,3.9051851851851853,1.2803490136570561,13,2636,0.34681758839735893,0.6930240726579445,
Biognosys TrueDiscovery,R-HSA-9927354,4,3.003988603988604,1.3315629742033384,10,2636,0.35140871514658867,0.6930240726579445,
Biognosys TrueDiscovery,R-HSA-975110,4,3.003988603988604,1.3315629742033384,10,2636,0.35140871514658867,0.6930240726579445,
Biognosys TrueDiscovery,R-HSA-975138,30,27.93709401709402,1.0738411082284987,93,2636,0.35639817478439767,0.7005670004340366,TRAF6 mediated induction of NFkB and MAP kinases upon TLR7/8 or 9 activation
Biognosys TrueDiscovery,R-HSA-975155,30,27.93709401709402,1.0738411082284987,93,2636,0.35639817478439767,0.7005670004340366,MyD88 dependent cascade initiated on endosome
Biognosys TrueDiscovery,R-HSA-5696394,11,9.612763532763532,1.144311930955994,32,2636,0.3576663364247781,0.7019128918744014,
Biognosys TrueDiscovery,R-HSA-525793,10,8.711566951566951,1.1478991156925331,29,2636,0.36564620936213776,0.7152396583132549,
Biognosys TrueDiscovery,R-HSA-5654732,10,8.711566951566951,1.1478991156925331,29,2636,0.36564620936213776,0.7152396583132549,Negative regulation of FGFR3 signaling
Biognosys TrueDiscovery,R-HSA-450294,19,17.423133903133902,1.0905041599079066,58,2636,0.3721341528722719,0.7267490030930894,
Biognosys TrueDiscovery,R-HSA-912526,9,7.810370370370371,1.1523141122913505,26,2636,0.37418822875863056,0.7295760764937319,
Biognosys TrueDiscovery,R-HSA-2979096,8,6.909173789173789,1.1578808471333377,23,2636,0.3834056329492424,0.7451324336638749,
Biognosys TrueDiscovery,R-HSA-190861,8,6.909173789173789,1.1578808471333377,23,2636,0.3834056329492424,0.7451324336638749,
Biognosys TrueDiscovery,R-HSA-8940973,7,6.007977207977208,1.165117602427921,20,2636,0.39345532551380885,0.7573228105489792,RUNX2 regulates osteoblast differentiation
Biognosys TrueDiscovery,R-HSA-5689901,7,6.007977207977208,1.165117602427921,20,2636,0.39345532551380885,0.7573228105489792,
Biognosys TrueDiscovery,R-HSA-9609736,12,10.814358974358974,1.1096358118361154,36,2636,0.39281642504844855,0.7573228105489792,
Biognosys TrueDiscovery,R-HSA-9660821,12,10.814358974358974,1.1096358118361154,36,2636,0.39281642504844855,0.7573228105489792,ADORA2B mediated anti-inflammatory cytokines production
Biognosys TrueDiscovery,R-HSA-901042,7,6.007977207977208,1.165117602427921,20,2636,0.39345532551380885,0.7573228105489792,
Biognosys TrueDiscovery,R-HSA-450302,7,6.007977207977208,1.165117602427921,20,2636,0.39345532551380885,0.7573228105489792,
Biognosys TrueDiscovery,R-HSA-189483,6,5.106780626780627,1.1749085066500045,17,2636,0.40456505022186745,0.771302306524416,Heme degradation
Biognosys TrueDiscovery,R-HSA-77289,11,9.913162393162393,1.1096358118361154,33,2636,0.4025165142382568,0.771302306524416,
Biognosys TrueDiscovery,R-HSA-9703465,6,5.106780626780627,1.1749085066500045,17,2636,0.40456505022186745,0.771302306524416,Signaling by FLT3 fusion proteins
Biognosys TrueDiscovery,R-HSA-6788467,6,5.106780626780627,1.1749085066500045,17,2636,0.40456505022186745,0.771302306524416,IL-6-type cytokine receptor ligand interactions
Biognosys TrueDiscovery,R-HSA-8849932,6,5.106780626780627,1.1749085066500045,17,2636,0.40456505022186745,0.771302306524416,
Biognosys TrueDiscovery,R-HSA-500657,6,5.106780626780627,1.1749085066500045,17,2636,0.40456505022186745,0.771302306524416,
Biognosys TrueDiscovery,R-HSA-201451,10,9.011965811965812,1.1096358118361154,30,2636,0.4129961033964374,0.7848883292036559,
Biognosys TrueDiscovery,R-HSA-1839124,10,9.011965811965812,1.1096358118361154,30,2636,0.4129961033964374,0.7848883292036559,FGFR1 mutant receptor activation
Biognosys TrueDiscovery,R-HSA-418885,5,4.205584045584046,1.1888955126815521,14,2636,0.4170862519083079,0.786449468723659,DCC mediated attractive signaling
Biognosys TrueDiscovery,R-HSA-198323,5,4.205584045584046,1.1888955126815521,14,2636,0.4170862519083079,0.786449468723659,
Biognosys TrueDiscovery,R-HSA-8849471,5,4.205584045584046,1.1888955126815521,14,2636,0.4170862519083079,0.786449468723659,"PTK6 Regulates RHO GTPases, RAS GTPase and MAP kinases"
Biognosys TrueDiscovery,R-HSA-8964315,5,4.205584045584046,1.1888955126815521,14,2636,0.4170862519083079,0.786449468723659,
Biognosys TrueDiscovery,R-HSA-8983432,5,4.205584045584046,1.1888955126815521,14,2636,0.4170862519083079,0.786449468723659,
Biognosys TrueDiscovery,R-HSA-5628897,25,23.731509971509972,1.053451720097578,79,2636,0.4188416938864574,0.7885235645468048,TP53 Regulates Metabolic Genes
Biognosys TrueDiscovery,R-HSA-193775,4,3.3043874643874642,1.2105117947303077,11,2636,0.43160901275681696,0.7939230005297413,
Biognosys TrueDiscovery,R-HSA-8941326,9,8.11076923076923,1.1096358118361154,27,2636,0.4244188817016747,0.7939230005297413,RUNX2 regulates bone development
Biognosys TrueDiscovery,R-HSA-442742,9,8.11076923076923,1.1096358118361154,27,2636,0.4244188817016747,0.7939230005297413,CREB1 phosphorylation through NMDA receptor-mediated activation of RAS signaling
Biognosys TrueDiscovery,R-HSA-163359,9,8.11076923076923,1.1096358118361154,27,2636,0.4244188817016747,0.7939230005297413,
Biognosys TrueDiscovery,R-HSA-168138,31,29.73948717948718,1.0423851565733204,99,2636,0.4279787584510024,0.7939230005297413,Toll Like Receptor 9 (TLR9) Cascade
Biognosys TrueDiscovery,R-HSA-168928,24,22.83031339031339,1.0512339270026356,76,2636,0.4269456957448432,0.7939230005297413,DDX58/IFIH1-mediated induction of interferon-alpha/beta
Biognosys TrueDiscovery,R-HSA-445989,13,12.015954415954416,1.0818949165402123,40,2636,0.42490965546943155,0.7939230005297413,TAK1-dependent IKK and NF-kappa-B activation  
Biognosys TrueDiscovery,R-HSA-5607763,4,3.3043874643874642,1.2105117947303077,11,2636,0.43160901275681696,0.7939230005297413,
Biognosys TrueDiscovery,R-HSA-193807,4,3.3043874643874642,1.2105117947303077,11,2636,0.43160901275681696,0.7939230005297413,
Biognosys TrueDiscovery,R-HSA-3371378,4,3.3043874643874642,1.2105117947303077,11,2636,0.43160901275681696,0.7939230005297413,
Biognosys TrueDiscovery,R-HSA-5218900,4,3.3043874643874642,1.2105117947303077,11,2636,0.43160901275681696,0.7939230005297413,
Biognosys TrueDiscovery,R-HSA-69416,4,3.3043874643874642,1.2105117947303077,11,2636,0.43160901275681696,0.7939230005297413,
Biognosys TrueDiscovery,R-HSA-73614,4,3.3043874643874642,1.2105117947303077,11,2636,0.43160901275681696,0.7939230005297413,
Biognosys TrueDiscovery,R-HSA-3322077,4,3.3043874643874642,1.2105117947303077,11,2636,0.43160901275681696,0.7939230005297413,
Biognosys TrueDiscovery,R-HSA-9027276,4,3.3043874643874642,1.2105117947303077,11,2636,0.43160901275681696,0.7939230005297413,
Biognosys TrueDiscovery,R-HSA-70895,8,7.2095726495726495,1.1096358118361154,24,2636,0.4370095894970635,0.7989704197035978,
Biognosys TrueDiscovery,R-HSA-168181,30,28.838290598290598,1.040283573596358,96,2636,0.43553272247216124,0.7989704197035978,Toll Like Receptor 7/8 (TLR7/8) Cascade
Biognosys TrueDiscovery,R-HSA-5675221,12,11.114757834757835,1.0796456547594635,37,2636,0.4357940519797442,0.7989704197035978,Negative regulation of MAPK pathway
Biognosys TrueDiscovery,R-HSA-451326,8,7.2095726495726495,1.1096358118361154,24,2636,0.4370095894970635,0.7989704197035978,
Biognosys TrueDiscovery,R-HSA-5654726,11,10.213561253561254,1.0769994644291707,34,2636,0.4475440263169111,0.815750702514006,Negative regulation of FGFR1 signaling
Biognosys TrueDiscovery,R-HSA-5696395,11,10.213561253561254,1.0769994644291707,34,2636,0.4475440263169111,0.815750702514006,
Biognosys TrueDiscovery,R-HSA-168142,28,27.035897435897436,1.035660091047041,90,2636,0.4514016984716778,0.8165958545284637,Toll Like Receptor 10 (TLR10) Cascade
Biognosys TrueDiscovery,R-HSA-168176,28,27.035897435897436,1.035660091047041,90,2636,0.4514016984716778,0.8165958545284637,Toll Like Receptor 5 (TLR5) Cascade
Biognosys TrueDiscovery,R-HSA-975871,28,27.035897435897436,1.035660091047041,90,2636,0.4514016984716778,0.8165958545284637,MyD88 cascade initiated on plasma membrane
Biognosys TrueDiscovery,R-HSA-5218920,7,6.308376068376068,1.1096358118361154,21,2636,0.4510888574596229,0.8165958545284637,
Biognosys TrueDiscovery,R-HSA-937041,7,6.308376068376068,1.1096358118361154,21,2636,0.4510888574596229,0.8165958545284637,IKK complex recruitment mediated by RIP1
Biognosys TrueDiscovery,R-HSA-450282,10,9.312364672364673,1.0738411082284987,31,2636,0.4603266598933544,0.8314909487262843,
Biognosys TrueDiscovery,R-HSA-168164,30,29.13868945868946,1.0295590006726842,97,2636,0.4622124564146214,0.8336455548227729,Toll Like Receptor 3 (TLR3) Cascade
Biognosys TrueDiscovery,R-HSA-1181150,6,5.407179487179487,1.1096358118361154,18,2636,0.4671368149351785,0.8375046026334123,
Biognosys TrueDiscovery,R-HSA-389661,6,5.407179487179487,1.1096358118361154,18,2636,0.4671368149351785,0.8375046026334123,
Biognosys TrueDiscovery,R-HSA-196757,6,5.407179487179487,1.1096358118361154,18,2636,0.4671368149351785,0.8375046026334123,
Biognosys TrueDiscovery,R-HSA-392170,6,5.407179487179487,1.1096358118361154,18,2636,0.4671368149351785,0.8375046026334123,
Biognosys TrueDiscovery,R-HSA-9013026,19,18.324330484330485,1.036872807781288,61,2636,0.47303057159725226,0.8466763043873898,
Biognosys TrueDiscovery,R-HSA-75105,9,8.411168091168092,1.0700059614133968,28,2636,0.4743639477615135,0.8466763043873898,
Biognosys TrueDiscovery,R-HSA-8955332,9,8.411168091168092,1.0700059614133968,28,2636,0.4743639477615135,0.8466763043873898,
Biognosys TrueDiscovery,R-HSA-9706369,5,4.505982905982906,1.1096358118361154,15,2636,0.4859192242003939,0.8596482745780498,
Biognosys TrueDiscovery,R-HSA-380270,21,20.427122507122508,1.028044943318754,68,2636,0.4853029011374101,0.8596482745780498,
Biognosys TrueDiscovery,R-HSA-8934593,5,4.505982905982906,1.1096358118361154,15,2636,0.4859192242003939,0.8596482745780498,Regulation of RUNX1 Expression and Activity
Biognosys TrueDiscovery,R-HSA-8964616,5,4.505982905982906,1.1096358118361154,15,2636,0.4859192242003939,0.8596482745780498,
Biognosys TrueDiscovery,R-HSA-9648895,5,4.505982905982906,1.1096358118361154,15,2636,0.4859192242003939,0.8596482745780498,
Biognosys TrueDiscovery,R-HSA-175474,5,4.505982905982906,1.1096358118361154,15,2636,0.4859192242003939,0.8596482745780498,
Biognosys TrueDiscovery,R-HSA-9634638,7,6.6087749287749284,1.0591978203890193,22,2636,0.5075439107421629,0.8883108572397318,Estrogen-dependent nuclear events downstream of ESR-membrane signaling
Biognosys TrueDiscovery,R-HSA-2404192,16,15.620740740740741,1.024279210925645,52,2636,0.5065549609826041,0.8883108572397318,Signaling by Type 1 Insulin-like Growth Factor 1 Receptor (IGF1R)
Biognosys TrueDiscovery,R-HSA-5467337,4,3.6047863247863248,1.1096358118361154,12,2636,0.5087665674465297,0.8883108572397318,
Biognosys TrueDiscovery,R-HSA-5467340,4,3.6047863247863248,1.1096358118361154,12,2636,0.5087665674465297,0.8883108572397318,
Biognosys TrueDiscovery,R-HSA-5467348,4,3.6047863247863248,1.1096358118361154,12,2636,0.5087665674465297,0.8883108572397318,
Biognosys TrueDiscovery,R-HSA-9833109,10,9.612763532763532,1.0402835735963583,32,2636,0.506990443288162,0.8883108572397318,
Biognosys TrueDiscovery,R-HSA-6803211,4,3.6047863247863248,1.1096358118361154,12,2636,0.5087665674465297,0.8883108572397318,TP53 Regulates Transcription of Death Receptors and Ligands
Biognosys TrueDiscovery,R-HSA-9634600,4,3.6047863247863248,1.1096358118361154,12,2636,0.5087665674465297,0.8883108572397318,
Biognosys TrueDiscovery,R-HSA-3238698,4,3.6047863247863248,1.1096358118361154,12,2636,0.5087665674465297,0.8883108572397318,
Biognosys TrueDiscovery,R-HSA-192105,9,8.711566951566951,1.03310920412328,29,2636,0.523286930041233,0.9123393867240626,
Biognosys TrueDiscovery,R-HSA-8876198,26,25.834301994301995,1.0064138758513603,86,2636,0.5253186818404869,0.9145562579654207,
Biognosys TrueDiscovery,R-HSA-9609523,6,5.707578347578347,1.0512339270026356,19,2636,0.5277546032818399,0.9151799184284409,Insertion of tail-anchored proteins into the endoplasmic reticulum membrane
Biognosys TrueDiscovery,R-HSA-448424,20,19.826324786324786,1.008759828941923,66,2636,0.5279591549371055,0.9151799184284409,
Biognosys TrueDiscovery,R-HSA-9013508,6,5.707578347578347,1.0512339270026356,19,2636,0.5277546032818399,0.9151799184284409,
Biognosys TrueDiscovery,R-HSA-983168,71,71.19452991452991,0.9972676283590405,237,2636,0.5361556120884516,0.9280506494135357,Antigen processing: Ubiquitination & Proteasome degradation
Biognosys TrueDiscovery,R-HSA-1169408,22,21.92911680911681,1.003232377824433,73,2636,0.5371128407602376,0.9283717635554105,
Biognosys TrueDiscovery,R-HSA-380972,8,7.810370370370371,1.024279210925645,26,2636,0.5414134884993804,0.9344625920584716,
Biognosys TrueDiscovery,R-HSA-1963640,5,4.806381766381766,1.0402835735963583,16,2636,0.5515912801123173,0.9493051644851469,GRB2 events in ERBB2 signaling
Biognosys TrueDiscovery,R-HSA-9022699,5,4.806381766381766,1.0402835735963583,16,2636,0.5515912801123173,0.9493051644851469,
Biognosys TrueDiscovery,R-HSA-936440,10,9.913162393162393,1.008759828941923,33,2636,0.552413890701164,0.9493627293050003,
Biognosys TrueDiscovery,R-HSA-2428928,15,15.01994301994302,0.9986722306525039,50,2636,0.5558581478399118,0.9539191895169955,IRS-related events triggered by IGF1R
Biognosys TrueDiscovery,R-HSA-191273,7,6.909173789173789,1.0131457412416704,23,2636,0.5618544072765657,0.9628359714440292,
Biognosys TrueDiscovery,R-HSA-5205647,9,9.011965811965812,0.9986722306525038,30,2636,0.5705544271747169,0.9763541620073748,
Biognosys TrueDiscovery,R-HSA-196299,4,3.9051851851851853,1.024279210925645,13,2636,0.5807438914683836,0.9771117502607908,
Biognosys TrueDiscovery,R-HSA-5339716,4,3.9051851851851853,1.024279210925645,13,2636,0.5807438914683836,0.9771117502607908,
Biognosys TrueDiscovery,R-HSA-5358747,4,3.9051851851851853,1.024279210925645,13,2636,0.5807438914683836,0.9771117502607908,
Biognosys TrueDiscovery,R-HSA-5358749,4,3.9051851851851853,1.024279210925645,13,2636,0.5807438914683836,0.9771117502607908,
Biognosys TrueDiscovery,R-HSA-5358751,4,3.9051851851851853,1.024279210925645,13,2636,0.5807438914683836,0.9771117502607908,
Biognosys TrueDiscovery,R-HSA-5358752,4,3.9051851851851853,1.024279210925645,13,2636,0.5807438914683836,0.9771117502607908,
Biognosys TrueDiscovery,R-HSA-9679504,4,3.9051851851851853,1.024279210925645,13,2636,0.5807438914683836,0.9771117502607908,
Biognosys TrueDiscovery,R-HSA-933543,4,3.9051851851851853,1.024279210925645,13,2636,0.5807438914683836,0.9771117502607908,
Biognosys TrueDiscovery,R-HSA-975163,4,3.9051851851851853,1.024279210925645,13,2636,0.5807438914683836,0.9771117502607908,
Biognosys TrueDiscovery,R-HSA-937039,4,3.9051851851851853,1.024279210925645,13,2636,0.5807438914683836,0.9771117502607908,
Biognosys TrueDiscovery,R-HSA-975144,4,3.9051851851851853,1.024279210925645,13,2636,0.5807438914683836,0.9771117502607908,
Biognosys TrueDiscovery,R-HSA-209560,4,3.9051851851851853,1.024279210925645,13,2636,0.5807438914683836,0.9771117502607908,
Biognosys TrueDiscovery,R-HSA-428930,6,6.007977207977208,0.9986722306525038,20,2636,0.5853114366109957,0.9820497325565243,
Biognosys TrueDiscovery,R-HSA-202430,6,6.007977207977208,0.9986722306525038,20,2636,0.5853114366109957,0.9820497325565243,Translocation of ZAP-70 to Immunological synapse
Biognosys TrueDiscovery,R-HSA-8864260,8,8.11076923076923,0.9863429438543247,27,2636,0.5906743755720987,0.9896675122747002,Transcriptional regulation by the AP-2 (TFAP2) family of transcription factors
Biognosys TrueDiscovery,R-HSA-2428924,15,15.32034188034188,0.9790904222083371,51,2636,0.5916234770497332,0.9898790582626272,IGF1R signaling cascade
Biognosys TrueDiscovery,R-HSA-5654727,10,10.213561253561254,0.979090422208337,34,2636,0.5961096675279364,0.9959999028279269,Negative regulation of FGFR2 signaling
Biognosys TrueDiscovery,R-HSA-159227,4,10.213561253561254,0.3916361688833348,34,2636,0.9968974202904002,1.0,
Biognosys TrueDiscovery,R-HSA-159230,4,10.513960113960113,0.3804465640580967,35,2636,0.9976450691931728,1.0,
Biognosys TrueDiscovery,R-HSA-159231,4,12.316353276353276,0.3247714571227655,41,2636,0.9995688228250399,1.0,
Biognosys TrueDiscovery,R-HSA-159234,4,12.616752136752137,0.3170388033817472,42,2636,0.9996771472929923,1.0,
Biognosys TrueDiscovery,R-HSA-159236,8,21.328319088319088,0.37508816174741927,71,2636,0.9999570875759771,1.0,
Biognosys TrueDiscovery,R-HSA-162599,22,35.447065527065526,0.620643759162573,118,2636,0.998356276855303,1.0,
Biognosys TrueDiscovery,R-HSA-165054,5,9.913162393162393,0.5043799144709615,33,2636,0.9854555251442066,1.0,
Biognosys TrueDiscovery,R-HSA-168271,3,9.312364672364673,0.3221523324685496,31,2636,0.9984711135684303,1.0,
Biognosys TrueDiscovery,R-HSA-168274,4,9.312364672364673,0.42953644329139945,31,2636,0.9930084571849642,1.0,
Biognosys TrueDiscovery,R-HSA-168276,7,12.316353276353276,0.5683500499648396,41,2636,0.9812382279494408,1.0,
Biognosys TrueDiscovery,R-HSA-168325,2,12.316353276353276,0.16238572856138275,41,2636,0.9999921712617551,1.0,
Biognosys TrueDiscovery,R-HSA-168333,3,9.011965811965812,0.3328907435508346,30,2636,0.9979424694022885,1.0,
Biognosys TrueDiscovery,R-HSA-170822,2,9.312364672364673,0.21476822164569973,31,2636,0.9997821768454456,1.0,
Biognosys TrueDiscovery,R-HSA-180746,5,9.913162393162393,0.5043799144709615,33,2636,0.9854555251442066,1.0,
Biognosys TrueDiscovery,R-HSA-180910,3,9.913162393162393,0.3026279486825769,33,2636,0.9991604525152519,1.0,
Biognosys TrueDiscovery,R-HSA-1855170,2,8.711566951566951,0.22957982313850664,29,2636,0.9995805839368557,1.0,
Biognosys TrueDiscovery,R-HSA-1855196,2,8.711566951566951,0.22957982313850664,29,2636,0.9995805839368557,1.0,
Biognosys TrueDiscovery,R-HSA-1855229,2,8.711566951566951,0.22957982313850664,29,2636,0.9995805839368557,1.0,
Biognosys TrueDiscovery,R-HSA-191859,5,15.9211396011396,0.3140478712743723,53,2636,0.9999303850587633,1.0,
Biognosys TrueDiscovery,R-HSA-2980766,11,15.32034188034188,0.7179996429527805,51,2636,0.9340753917321407,1.0,
Biognosys TrueDiscovery,R-HSA-3108214,5,21.328319088319088,0.23443010109213705,71,2636,0.9999996616305509,1.0,
Biognosys TrueDiscovery,R-HSA-3232142,3,10.814358974358974,0.27740895295902884,36,2636,0.9996625545542893,1.0,
Biognosys TrueDiscovery,R-HSA-3301854,4,9.913162393162393,0.4035039315767692,33,2636,0.9959220456222001,1.0,
Biognosys TrueDiscovery,R-HSA-4085377,4,9.913162393162393,0.4035039315767692,33,2636,0.9959220456222001,1.0,
Biognosys TrueDiscovery,R-HSA-4551638,5,15.9211396011396,0.3140478712743723,53,2636,0.9999303850587633,1.0,
Biognosys TrueDiscovery,R-HSA-4570464,6,13.517948717948718,0.44385432473444614,45,2636,0.9975230187619742,1.0,
Biognosys TrueDiscovery,R-HSA-4615885,6,13.517948717948718,0.44385432473444614,45,2636,0.9975230187619742,1.0,
Biognosys TrueDiscovery,R-HSA-5619107,2,9.312364672364673,0.21476822164569973,31,2636,0.9997821768454456,1.0,
Biognosys TrueDiscovery,R-HSA-6784531,7,13.818347578347579,0.5065728706208352,46,2636,0.9938531898174084,1.0,
Biognosys TrueDiscovery,R-HSA-68875,22,22.83031339031339,0.963631099752416,76,2636,0.6252131531144122,1.0,
Biognosys TrueDiscovery,R-HSA-72202,9,24.031908831908833,0.3745020864946889,80,2636,0.9999839921318491,1.0,
Biognosys TrueDiscovery,R-HSA-72203,39,83.21048433048433,0.46869093857337724,277,2636,0.999999999909117,1.0,
Biognosys TrueDiscovery,R-HSA-8980692,37,38.45105413105413,0.9622623055766313,128,2636,0.6435250623964437,1.0,
Biognosys TrueDiscovery,R-HSA-9609690,16,22.52991452991453,0.7101669195751138,75,2636,0.965855682079746,1.0,HCMV Early Events
Biognosys TrueDiscovery,R-HSA-9610379,14,16.22153846153846,0.8630500758725341,54,2636,0.789068150636317,1.0,
Biognosys TrueDiscovery,R-HSA-9705671,33,35.447065527065526,0.9309656387438595,118,2636,0.7214060978993326,1.0,
Biognosys TrueDiscovery,R-HSA-71064,3,3.6047863247863248,0.8322268588770865,12,2636,0.7483173803608876,1.0,
Biognosys TrueDiscovery,R-HSA-168638,7,9.913162393162393,0.7061318802593461,33,2636,0.9067867649271127,1.0,NOD1/2 Signaling Pathway
Biognosys TrueDiscovery,R-HSA-379726,3,5.407179487179487,0.5548179059180577,18,2636,0.9406478664416554,1.0,
Biognosys TrueDiscovery,R-HSA-193648,8,15.01994301994302,0.5326251896813354,50,2636,0.9929783446463741,1.0,
Biognosys TrueDiscovery,R-HSA-112310,4,11.415156695156695,0.3504113090008785,38,2636,0.9989835259334501,1.0,
Biognosys TrueDiscovery,R-HSA-888590,2,3.9051851851851853,0.5121396054628224,13,2636,0.9368349527533026,1.0,
Biognosys TrueDiscovery,R-HSA-1989781,18,30.03988603988604,0.5992033383915023,100,2636,0.9979918045818006,1.0,
Biognosys TrueDiscovery,R-HSA-400206,18,30.64068376068376,0.5874542533250022,102,2636,0.9986119478588001,1.0,
Biognosys TrueDiscovery,R-HSA-9029569,8,9.312364672364673,0.8590728865827989,31,2636,0.7571154753623395,1.0,NR1H3 & NR1H2 regulate gene expression linked to cholesterol transport and efflux
Biognosys TrueDiscovery,R-HSA-1369062,1,3.3043874643874642,0.3026279486825769,11,2636,0.9804031785002187,1.0,
Biognosys TrueDiscovery,R-HSA-212436,164,240.91988603988605,0.6807242137448488,802,2636,0.9999999999491588,1.0,Generic Transcription Pathway
Biognosys TrueDiscovery,R-HSA-9614085,15,17.423133903133902,0.8609243367693998,58,2636,0.7979057869478949,1.0,FOXO-mediated transcription
Biognosys TrueDiscovery,R-HSA-9615017,6,7.810370370370371,0.7682094081942337,26,2636,0.8388640171550799,1.0,"FOXO-mediated transcription of oxidative stress, metabolic and neuronal genes"
Biognosys TrueDiscovery,R-HSA-9754706,2,3.003988603988604,0.6657814871016692,10,2636,0.8514621365738049,1.0,
Biognosys TrueDiscovery,R-HSA-159418,3,4.806381766381766,0.6241701441578149,16,2636,0.901431526650577,1.0,Recycling of bile acids and salts
Biognosys TrueDiscovery,R-HSA-2564830,2,4.205584045584046,0.4755582050726208,14,2636,0.9529493973557667,1.0,
Biognosys TrueDiscovery,R-HSA-1660661,3,9.011965811965812,0.3328907435508346,30,2636,0.9979424694022885,1.0,
Biognosys TrueDiscovery,R-HSA-9707564,7,16.22153846153846,0.43152503793626706,54,2636,0.9991005424610618,1.0,Cytoprotection by HMOX1
Biognosys TrueDiscovery,R-HSA-9749641,7,10.814358974358974,0.6472875569044007,36,2636,0.9473260684062954,1.0,Aspirin ADME
Biognosys TrueDiscovery,R-HSA-390918,7,7.810370370370371,0.8962443095599393,26,2636,0.7053478745774376,1.0,
Biognosys TrueDiscovery,R-HSA-156588,4,6.007977207977208,0.6657814871016692,20,2636,0.8938720831544719,1.0,
Biognosys TrueDiscovery,R-HSA-114508,3,7.2095726495726495,0.41611342943854324,24,2636,0.9883315298433193,1.0,
Biognosys TrueDiscovery,R-HSA-416476,36,44.15863247863248,0.81524263726735,147,2636,0.9441717182547715,1.0,G alpha (q) signalling events
Biognosys TrueDiscovery,R-HSA-9648002,5,6.308376068376068,0.7925970084543681,21,2636,0.8030213782789866,1.0,RAS processing
Biognosys TrueDiscovery,R-HSA-1483191,6,6.909173789173789,0.8684106353500033,23,2636,0.7329233608986505,1.0,
Biognosys TrueDiscovery,R-HSA-1483206,25,32.44307692307692,0.7705804248861912,108,2636,0.956114380939521,1.0,
Biognosys TrueDiscovery,R-HSA-1482839,4,7.810370370370371,0.5121396054628224,26,2636,0.9744549340789888,1.0,
Biognosys TrueDiscovery,R-HSA-9013149,42,46.86222222222222,0.8962443095599393,156,2636,0.8273624189284695,1.0,
Biognosys TrueDiscovery,R-HSA-5693565,9,12.015954415954416,0.7490041729893778,40,2636,0.8905396454284997,1.0,Recruitment and ATM-mediated phosphorylation of repair and signaling proteins at DNA double strand breaks
Biognosys TrueDiscovery,R-HSA-69231,10,12.917150997150998,0.7741645198856618,43,2636,0.8745104569298511,1.0,
Biognosys TrueDiscovery,R-HSA-9818564,9,18.925128205128207,0.4755582050726208,63,2636,0.9989400003659556,1.0,
Biognosys TrueDiscovery,R-HSA-983231,35,42.35623931623932,0.8263245407290221,141,2636,0.9292548791164783,1.0,Factors involved in megakaryocyte development and platelet production
Biognosys TrueDiscovery,R-HSA-9841922,9,18.925128205128207,0.4755582050726208,63,2636,0.9989400003659556,1.0,
Biognosys TrueDiscovery,R-HSA-9851695,9,18.925128205128207,0.4755582050726208,63,2636,0.9989400003659556,1.0,
Biognosys TrueDiscovery,R-HSA-416482,17,19.225527065527064,0.8842410375569044,64,2636,0.7695636011074086,1.0,
Biognosys TrueDiscovery,R-HSA-9013148,29,38.15065527065527,0.7601442175570239,127,2636,0.9725657603823402,1.0,
Biognosys TrueDiscovery,R-HSA-5693571,7,9.612763532763532,0.7281985015174507,32,2636,0.8882983626232923,1.0,
Biognosys TrueDiscovery,R-HSA-5693607,9,17.122735042735044,0.5256169635013177,57,2636,0.995901297540367,1.0,
Biognosys TrueDiscovery,R-HSA-69473,12,15.9211396011396,0.7537148910584934,53,2636,0.9111052392025936,1.0,G2/M DNA damage checkpoint
Biognosys TrueDiscovery,R-HSA-1655829,13,14.118746438746438,0.9207616310980532,47,2636,0.691457236150563,1.0,
Biognosys TrueDiscovery,R-HSA-196780,3,3.003988603988604,0.9986722306525038,10,2636,0.6183876777571671,1.0,
Biognosys TrueDiscovery,R-HSA-2426168,7,10.513960113960113,0.6657814871016693,35,2636,0.9360044852530276,1.0,
Biognosys TrueDiscovery,R-HSA-9837999,25,28.237492877492876,0.8853477222096665,94,2636,0.7998483137328334,1.0,Mitochondrial protein degradation
Biognosys TrueDiscovery,R-HSA-611105,12,45.05982905982906,0.26631259484066766,150,2636,0.9999999999935557,1.0,
Biognosys TrueDiscovery,R-HSA-6799198,3,19.525925925925925,0.15364188163884673,65,2636,0.9999999687612835,1.0,
Biognosys TrueDiscovery,R-HSA-71403,9,10.213561253561254,0.8811813799875033,34,2636,0.7344391530255256,1.0,
Biognosys TrueDiscovery,R-HSA-9854311,5,5.707578347578347,0.8760282725021964,19,2636,0.7193044446463743,1.0,
Biognosys TrueDiscovery,R-HSA-110328,1,4.205584045584046,0.2377791025363104,14,2636,0.9933016037230171,1.0,
Biognosys TrueDiscovery,R-HSA-110329,1,4.205584045584046,0.2377791025363104,14,2636,0.9933016037230171,1.0,
Biognosys TrueDiscovery,R-HSA-1221632,6,8.711566951566951,0.6887394694155199,29,2636,0.9079395357525856,1.0,
Biognosys TrueDiscovery,R-HSA-174411,1,7.2095726495726495,0.13870447647951442,24,2636,0.999813562146206,1.0,
Biognosys TrueDiscovery,R-HSA-174414,2,5.106780626780627,0.3916361688833348,17,2636,0.9809622285169463,1.0,
Biognosys TrueDiscovery,R-HSA-174417,2,9.312364672364673,0.21476822164569973,31,2636,0.9997821768454456,1.0,
Biognosys TrueDiscovery,R-HSA-174430,1,3.3043874643874642,0.3026279486825769,11,2636,0.9804031785002187,1.0,
Biognosys TrueDiscovery,R-HSA-174437,2,4.505982905982906,0.44385432473444614,15,2636,0.96508591873206,1.0,
Biognosys TrueDiscovery,R-HSA-2559586,4,7.810370370370371,0.5121396054628224,26,2636,0.9744549340789888,1.0,DNA Damage/Telomere Stress Induced Senescence
Biognosys TrueDiscovery,R-HSA-9670095,1,5.707578347578347,0.17520565450043926,19,2636,0.9988818000392801,1.0,
Biognosys TrueDiscovery,R-HSA-72163,33,58.87817663817664,0.5604793131213032,196,2636,0.9999940611486511,1.0,
Biognosys TrueDiscovery,R-HSA-72172,33,60.6805698005698,0.5438314127315614,202,2636,0.9999981157997229,1.0,
Biognosys TrueDiscovery,R-HSA-373076,34,54.67259259259259,0.6218838066334272,182,2636,0.9998462128520089,1.0,Class A/1 (Rhodopsin-like receptors)
Biognosys TrueDiscovery,R-HSA-375276,28,38.15065527065527,0.733932347986092,127,2636,0.9833041643117162,1.0,Peptide ligand-binding receptors
Biognosys TrueDiscovery,R-HSA-380108,11,13.517948717948718,0.813732928679818,45,2636,0.8373405296694447,1.0,Chemokine receptors bind chemokines
Biognosys TrueDiscovery,R-HSA-1268020,9,18.324330484330485,0.4911502773700838,61,2636,0.9983215871773092,1.0,
Biognosys TrueDiscovery,R-HSA-1483166,8,9.612763532763532,0.8322268588770866,32,2636,0.7900987590226602,1.0,
Biognosys TrueDiscovery,R-HSA-75876,3,4.505982905982906,0.6657814871016692,15,2636,0.8740620084098609,1.0,
Biognosys TrueDiscovery,R-HSA-211945,21,25.533903133903134,0.8224359546550031,85,2636,0.885868085852348,1.0,Phase I - Functionalization of compounds
Biognosys TrueDiscovery,R-HSA-2151201,7,13.818347578347579,0.5065728706208352,46,2636,0.9938531898174084,1.0,
Biognosys TrueDiscovery,R-HSA-3214847,4,23.43111111111111,0.17071320182094082,78,2636,0.999999995327121,1.0,
Biognosys TrueDiscovery,R-HSA-3247509,11,55.57378917378917,0.19793503670590165,185,2636,1.0,1.0,
Biognosys TrueDiscovery,R-HSA-5250924,4,8.11076923076923,0.4931714719271624,27,2636,0.9801540628234594,1.0,
Biognosys TrueDiscovery,R-HSA-5663220,37,38.45105413105413,0.9622623055766313,128,2636,0.6435250623964437,1.0,
Biognosys TrueDiscovery,R-HSA-9824585,5,10.814358974358974,0.4623482549317147,36,2636,0.9930732047070541,1.0,
Biognosys TrueDiscovery,R-HSA-9845323,1,9.312364672364673,0.10738411082284986,31,2636,0.9999848484867501,1.0,
Biognosys TrueDiscovery,R-HSA-9932451,1,8.411168091168092,0.1188895512681552,28,2636,0.9999555613554076,1.0,
Biognosys TrueDiscovery,R-HSA-9933937,1,4.806381766381766,0.20805671471927165,16,2636,0.9967261835590445,1.0,
Biognosys TrueDiscovery,R-HSA-9933939,1,5.106780626780627,0.1958180844416674,17,2636,0.9977114307491757,1.0,
Biognosys TrueDiscovery,R-HSA-9933946,1,5.407179487179487,0.18493930197268588,18,2636,0.9984002488064002,1.0,
Biognosys TrueDiscovery,R-HSA-9933947,1,3.9051851851851853,0.2560698027314112,13,2636,0.9904193032682135,1.0,
Biognosys TrueDiscovery,R-HSA-9934037,1,6.6087749287749284,0.15131397434128846,22,2636,0.9996182382831751,1.0,
Biognosys TrueDiscovery,R-HSA-9938024,9,42.35623931623932,0.21248345333031995,141,2636,0.9999999999995922,1.0,Somatic hypermutation of immunoglobulin genes
Biognosys TrueDiscovery,R-HSA-3214858,2,7.50997150997151,0.2663125948406677,25,2636,0.9984657385394837,1.0,
Biognosys TrueDiscovery,R-HSA-8939243,2,9.612763532763532,0.20805671471927165,32,2636,0.9998432518425678,1.0,RUNX1 interacts with co-factors whose precise effect on RUNX1 targets is not known
Biognosys TrueDiscovery,R-HSA-438066,5,5.106780626780627,0.979090422208337,17,2636,0.6128522092333385,1.0,
Biognosys TrueDiscovery,R-HSA-442982,5,5.407179487179487,0.9246965098634294,18,2636,0.6688965916557074,1.0,Ras activation upon Ca2+ influx through NMDA receptor
Biognosys TrueDiscovery,R-HSA-68877,42,51.96900284900285,0.8081740594875754,173,2636,0.9623977063717639,1.0,
Biognosys TrueDiscovery,R-HSA-2644606,12,15.32034188034188,0.7832723377666696,51,2636,0.880938342364588,1.0,
Biognosys TrueDiscovery,R-HSA-2894862,12,15.32034188034188,0.7832723377666696,51,2636,0.880938342364588,1.0,
Biognosys TrueDiscovery,R-HSA-5682910,2,3.3043874643874642,0.6052558973651538,11,2636,0.887691572005251,1.0,
Biognosys TrueDiscovery,R-HSA-75893,12,16.822336182336183,0.7133373076089312,56,2636,0.9441935684146273,1.0,TNF signaling
Biognosys TrueDiscovery,R-HSA-9759475,6,6.6087749287749284,0.9078838460477308,22,2636,0.6882966773450632,1.0,
Biognosys TrueDiscovery,R-HSA-9764260,7,7.50997150997151,0.9320940819423369,25,2636,0.6612116937102687,1.0,
Biognosys TrueDiscovery,R-HSA-6782315,3,12.015954415954416,0.24966805766312594,40,2636,0.9999018568705751,1.0,
Biognosys TrueDiscovery,R-HSA-170670,2,3.3043874643874642,0.6052558973651538,11,2636,0.887691572005251,1.0,
Biognosys TrueDiscovery,R-HSA-418555,24,33.945071225071224,0.7070245880725691,113,2636,0.9867206267394188,1.0,
Biognosys TrueDiscovery,R-HSA-418594,58,61.28136752136752,0.9464540748013925,204,2636,0.7182645995658545,1.0,G alpha (i) signalling events
Biognosys TrueDiscovery,R-HSA-418597,10,12.015954415954416,0.8322268588770865,40,2636,0.8061508792911457,1.0,
Biognosys TrueDiscovery,R-HSA-432040,10,10.513960113960113,0.9511164101452417,35,2636,0.6376828923765996,1.0,
Biognosys TrueDiscovery,R-HSA-977443,7,10.213561253561254,0.6853632955458359,34,2636,0.9225880770615822,1.0,
Biognosys TrueDiscovery,R-HSA-977444,6,8.711566951566951,0.6887394694155199,29,2636,0.9079395357525856,1.0,
Biognosys TrueDiscovery,R-HSA-991365,6,8.711566951566951,0.6887394694155199,29,2636,0.9079395357525856,1.0,
Biognosys TrueDiscovery,R-HSA-381753,1,3.003988603988604,0.3328907435508346,10,2636,0.9719748506370398,1.0,
Biognosys TrueDiscovery,R-HSA-400042,6,6.308376068376068,0.9511164101452417,21,2636,0.6390004682715451,1.0,
Biognosys TrueDiscovery,R-HSA-373080,11,21.328319088319088,0.5157462224027015,71,2636,0.9985820050257663,1.0,
Biognosys TrueDiscovery,R-HSA-420092,5,8.11076923076923,0.616464339908953,27,2636,0.9416849437982823,1.0,
Biognosys TrueDiscovery,R-HSA-5223345,6,6.909173789173789,0.8684106353500033,23,2636,0.7329233608986505,1.0,
Biognosys TrueDiscovery,R-HSA-9619665,5,6.308376068376068,0.7925970084543681,21,2636,0.8030213782789866,1.0,
Biognosys TrueDiscovery,R-HSA-5362517,10,12.015954415954416,0.8322268588770865,40,2636,0.8061508792911457,1.0,Signaling by Retinoic Acid
Biognosys TrueDiscovery,R-HSA-5365859,6,6.308376068376068,0.9511164101452417,21,2636,0.6390004682715451,1.0,RA biosynthesis pathway
Biognosys TrueDiscovery,R-HSA-381340,11,22.22951566951567,0.4948375917647541,74,2636,0.9992660182208595,1.0,Transcriptional regulation of white adipocyte differentiation
Biognosys TrueDiscovery,R-HSA-110373,3,7.2095726495726495,0.41611342943854324,24,2636,0.9883315298433193,1.0,
Biognosys TrueDiscovery,R-HSA-73933,3,11.114757834757835,0.2699114136898659,37,2636,0.9997517014823194,1.0,
Biognosys TrueDiscovery,R-HSA-3214841,3,11.114757834757835,0.2699114136898659,37,2636,0.9997517014823194,1.0,
Biognosys TrueDiscovery,R-HSA-112382,3,14.419145299145299,0.20805671471927162,48,2636,0.999992132803874,1.0,
Biognosys TrueDiscovery,R-HSA-674695,3,19.225527065527064,0.15604253603945373,64,2636,0.9999999565490661,1.0,
Biognosys TrueDiscovery,R-HSA-75955,3,14.419145299145299,0.20805671471927162,48,2636,0.999992132803874,1.0,
Biognosys TrueDiscovery,R-HSA-1912408,6,8.11076923076923,0.7397572078907435,27,2636,0.8655441365624438,1.0,Pre-NOTCH Transcription and Translation
Biognosys TrueDiscovery,R-HSA-203927,2,7.2095726495726495,0.27740895295902884,24,2636,0.9978850460601324,1.0,
Biognosys TrueDiscovery,R-HSA-2559580,10,18.023931623931624,0.5548179059180577,60,2636,0.9943641657809666,1.0,Oxidative Stress Induced Senescence
Biognosys TrueDiscovery,R-HSA-2559585,4,8.711566951566951,0.4591596462770133,29,2636,0.9881462974214498,1.0,Oncogene Induced Senescence
Biognosys TrueDiscovery,R-HSA-3700989,53,92.522849002849,0.5728314742920206,308,2636,0.9999999494706173,1.0,Transcriptional Regulation by TP53
Biognosys TrueDiscovery,R-HSA-4086398,14,14.71954415954416,0.9511164101452416,49,2636,0.6415476207979965,1.0,Ca2+ pathway
Biognosys TrueDiscovery,R-HSA-426486,3,3.003988603988604,0.9986722306525038,10,2636,0.6183876777571671,1.0,
Biognosys TrueDiscovery,R-HSA-5578749,2,4.806381766381766,0.4161134294385433,16,2636,0.974179403315129,1.0,
Biognosys TrueDiscovery,R-HSA-8853884,4,10.513960113960113,0.3804465640580967,35,2636,0.9976450691931728,1.0,Transcriptional Regulation by VENTX
Biognosys TrueDiscovery,R-HSA-8936459,6,9.913162393162393,0.6052558973651538,33,2636,0.9593096054896728,1.0,RUNX1 regulates genes involved in megakaryocyte differentiation and platelet function
Biognosys TrueDiscovery,R-HSA-8939211,38,44.15863247863248,0.860533894893314,147,2636,0.887680445817228,1.0,ESR-mediated signaling
Biognosys TrueDiscovery,R-HSA-8986944,12,16.22153846153846,0.7397572078907435,54,2636,0.9236142005470592,1.0,
Biognosys TrueDiscovery,R-HSA-9018519,12,24.933105413105412,0.4812878220012067,83,2636,0.9997212878014112,1.0,Estrogen-dependent gene expression
Biognosys TrueDiscovery,R-HSA-9022692,6,8.11076923076923,0.7397572078907435,27,2636,0.8655441365624438,1.0,
Biognosys TrueDiscovery,R-HSA-9634815,5,7.50997150997151,0.6657814871016692,25,2636,0.9105231063957248,1.0,Transcriptional Regulation by NPAS4
Biognosys TrueDiscovery,R-HSA-9768759,1,3.003988603988604,0.3328907435508346,10,2636,0.9719748506370398,1.0,
Biognosys TrueDiscovery,R-HSA-9824594,2,4.205584045584046,0.4755582050726208,14,2636,0.9529493973557667,1.0,
Biognosys TrueDiscovery,R-HSA-9839394,4,6.308376068376068,0.6340776067634945,21,2636,0.9152487195957626,1.0,
Biognosys TrueDiscovery,R-HSA-9945556,3,5.407179487179487,0.5548179059180577,18,2636,0.9406478664416554,1.0,
Biognosys TrueDiscovery,R-HSA-9820841,9,11.715555555555556,0.7682094081942337,39,2636,0.8715521730475952,1.0,
Biognosys TrueDiscovery,R-HSA-9833110,22,27.035897435897436,0.813732928679818,90,2636,0.9016188318917869,1.0,RSV-host interactions
Biognosys TrueDiscovery,R-HSA-9918481,63,66.98894586894586,0.940453670121192,223,2636,0.7449994109259754,1.0,Dengue Virus-Host Interactions
Biognosys TrueDiscovery,R-HSA-141444,18,25.533903133903134,0.7049451039900027,85,2636,0.9750888173999632,1.0,
Biognosys TrueDiscovery,R-HSA-2500257,26,33.3442735042735,0.7797440839929459,111,2636,0.9516699817108685,1.0,
Biognosys TrueDiscovery,R-HSA-9615933,6,7.810370370370371,0.7682094081942337,26,2636,0.8388640171550799,1.0,
Biognosys TrueDiscovery,R-HSA-9648025,29,31.541880341880344,0.9194125298070669,105,2636,0.7399137815928982,1.0,
Biognosys TrueDiscovery,R-HSA-5578775,13,14.118746438746438,0.9207616310980532,47,2636,0.691457236150563,1.0,
Biognosys TrueDiscovery,R-HSA-9958790,2,7.50997150997151,0.2663125948406677,25,2636,0.9984657385394837,1.0,
Biognosys TrueDiscovery,R-HSA-5633008,12,12.316353276353276,0.9743143713682965,41,2636,0.6014198941216831,1.0,TP53 Regulates Transcription of Cell Death Genes
Biognosys TrueDiscovery,R-HSA-6803204,3,4.806381766381766,0.6241701441578149,16,2636,0.901431526650577,1.0,TP53 Regulates Transcription of Genes Involved in Cytochrome C Release
Biognosys TrueDiscovery,R-HSA-1834949,8,17.723532763532763,0.45137727939096217,59,2636,0.9991215513748228,1.0,
Biognosys TrueDiscovery,R-HSA-196071,4,8.411168091168092,0.4755582050726208,28,2636,0.9846365565736115,1.0,
Biognosys TrueDiscovery,R-HSA-196108,1,3.6047863247863248,0.27740895295902884,12,2636,0.9862974301516819,1.0,
Biognosys TrueDiscovery,R-HSA-1474151,3,3.003988603988604,0.9986722306525038,10,2636,0.6183876777571671,1.0,
Biognosys TrueDiscovery,R-HSA-198693,2,3.003988603988604,0.6657814871016692,10,2636,0.8514621365738049,1.0,
Biognosys TrueDiscovery,R-HSA-210745,3,4.505982905982906,0.6657814871016692,15,2636,0.8740620084098609,1.0,Regulation of gene expression in beta cells
Biognosys TrueDiscovery,R-HSA-3769402,4,10.213561253561254,0.3916361688833348,34,2636,0.9968974202904002,1.0,
Biognosys TrueDiscovery,R-HSA-389357,6,7.2095726495726495,0.8322268588770865,24,2636,0.7728107822147081,1.0,CD28 dependent PI3K/Akt signaling
Biognosys TrueDiscovery,R-HSA-450385,3,5.106780626780627,0.5874542533250022,17,2636,0.9233082143014993,1.0,
Biognosys TrueDiscovery,R-HSA-450604,3,5.106780626780627,0.5874542533250022,17,2636,0.9233082143014993,1.0,
Biognosys TrueDiscovery,R-HSA-5633007,15,39.95304843304843,0.375440688215227,133,2636,0.9999999419831,1.0,Regulation of TP53 Activity
Biognosys TrueDiscovery,R-HSA-5674400,5,8.11076923076923,0.616464339908953,27,2636,0.9416849437982823,1.0,
Biognosys TrueDiscovery,R-HSA-6804757,7,10.513960113960113,0.6657814871016693,35,2636,0.9360044852530276,1.0,Regulation of TP53 Degradation
Biognosys TrueDiscovery,R-HSA-6804758,5,8.11076923076923,0.616464339908953,27,2636,0.9416849437982823,1.0,Regulation of TP53 Activity through Acetylation
Biognosys TrueDiscovery,R-HSA-6804759,2,3.6047863247863248,0.5548179059180577,12,2636,0.9155664103341237,1.0,Regulation of TP53 Activity through Association with Co-factors
Biognosys TrueDiscovery,R-HSA-6806003,7,10.513960113960113,0.6657814871016693,35,2636,0.9360044852530276,1.0,Regulation of TP53 Expression and Degradation
Biognosys TrueDiscovery,R-HSA-109704,12,12.917150997150998,0.9289974238627942,43,2636,0.6752118163624825,1.0,PI3K Cascade
Biognosys TrueDiscovery,R-HSA-112399,12,14.118746438746438,0.8499338133212798,47,2636,0.7963582820316204,1.0,IRS-mediated signalling
Biognosys TrueDiscovery,R-HSA-74751,15,15.620740740740741,0.9602617602427921,52,2636,0.6261107132931643,1.0,Insulin receptor signalling cascade
Biognosys TrueDiscovery,R-HSA-8964539,3,3.3043874643874642,0.9078838460477308,11,2636,0.688429677132298,1.0,
Biognosys TrueDiscovery,R-HSA-9696270,8,11.114757834757835,0.7197637698396423,37,2636,0.9066170067223369,1.0,
Biognosys TrueDiscovery,R-HSA-9696273,9,10.814358974358974,0.8322268588770865,36,2636,0.7982982566678928,1.0,
Biognosys TrueDiscovery,R-HSA-201556,7,8.411168091168092,0.8322268588770865,28,2636,0.7815786167402976,1.0,
Biognosys TrueDiscovery,R-HSA-9842663,3,3.3043874643874642,0.9078838460477308,11,2636,0.688429677132298,1.0,
Biognosys TrueDiscovery,R-HSA-9018677,5,5.106780626780627,0.979090422208337,17,2636,0.6128522092333385,1.0,
Biognosys TrueDiscovery,R-HSA-9645460,2,3.003988603988604,0.6657814871016692,10,2636,0.8514621365738049,1.0,
Biognosys TrueDiscovery,R-HSA-6811438,12,12.616752136752137,0.9511164101452417,42,2636,0.6393055999420704,1.0,
Biognosys TrueDiscovery,R-HSA-72187,30,43.2574358974359,0.6935223823975721,144,2636,0.9953425006101966,1.0,
Biognosys TrueDiscovery,R-HSA-901032,3,4.806381766381766,0.6241701441578149,16,2636,0.901431526650577,1.0,
Biognosys TrueDiscovery,R-HSA-9690406,3,3.3043874643874642,0.9078838460477308,11,2636,0.688429677132298,1.0,
Biognosys TrueDiscovery,R-HSA-174048,1,6.308376068376068,0.1585194016908736,21,2636,0.9994537525222156,1.0,
Biognosys TrueDiscovery,R-HSA-176407,1,5.707578347578347,0.17520565450043926,19,2636,0.9988818000392801,1.0,
Biognosys TrueDiscovery,R-HSA-179409,1,7.50997150997151,0.13315629742033386,25,2636,0.9998697214631527,1.0,
Biognosys TrueDiscovery,R-HSA-2559582,12,15.32034188034188,0.7832723377666696,51,2636,0.880938342364588,1.0,Senescence-Associated Secretory Phenotype (SASP)
Biognosys TrueDiscovery,R-HSA-9687136,1,6.007977207977208,0.1664453717754173,20,2636,0.9992184349292365,1.0,
Biognosys TrueDiscovery,R-HSA-2672351,14,20.126723646723647,0.6955925984644304,67,2636,0.965652133524402,1.0,
Biognosys TrueDiscovery,R-HSA-983712,28,36.64866096866097,0.7640115425756859,122,2636,0.9681963533617776,1.0,
Biognosys TrueDiscovery,R-HSA-190373,4,4.505982905982906,0.8877086494688923,15,2636,0.704493392053148,1.0,FGFR1c ligand binding and activation
Biognosys TrueDiscovery,R-HSA-6803207,3,3.6047863247863248,0.8322268588770865,12,2636,0.7483173803608876,1.0,TP53 Regulates Transcription of Caspase Activators and Caspases
Biognosys TrueDiscovery,R-HSA-8953750,2,8.411168091168092,0.2377791025363104,28,2636,0.999418924005919,1.0,
Biognosys TrueDiscovery,R-HSA-6794361,8,15.620740740740741,0.5121396054628224,52,2636,0.9955012119188448,1.0,
Biognosys TrueDiscovery,R-HSA-110357,1,3.003988603988604,0.3328907435508346,10,2636,0.9719748506370398,1.0,
Biognosys TrueDiscovery,R-HSA-5651801,2,6.007977207977208,0.3328907435508346,20,2636,0.9924857371301098,1.0,
Biognosys TrueDiscovery,R-HSA-9968297,2,5.407179487179487,0.36987860394537175,18,2636,0.9860015237763575,1.0,
Biognosys TrueDiscovery,R-HSA-205043,3,4.806381766381766,0.6241701441578149,16,2636,0.901431526650577,1.0,
Biognosys TrueDiscovery,R-HSA-9707616,5,11.715555555555556,0.4267830045523521,39,2636,0.9967842860236823,1.0,
Biognosys TrueDiscovery,R-HSA-418346,22,22.83031339031339,0.963631099752416,76,2636,0.6252131531144122,1.0,
Biognosys TrueDiscovery,R-HSA-425397,2,6.6087749287749284,0.3026279486825769,22,2636,0.9959995515420658,1.0,
Biognosys TrueDiscovery,R-HSA-8949613,3,9.312364672364673,0.3221523324685496,31,2636,0.9984711135684303,1.0,
Biognosys TrueDiscovery,R-HSA-418889,3,3.003988603988604,0.9986722306525038,10,2636,0.6183876777571671,1.0,
Biognosys TrueDiscovery,R-HSA-6781823,9,12.015954415954416,0.7490041729893778,40,2636,0.8905396454284997,1.0,
Biognosys TrueDiscovery,R-HSA-6781827,9,18.925128205128207,0.4755582050726208,63,2636,0.9989400003659556,1.0,
Biognosys TrueDiscovery,R-HSA-6782135,6,16.22153846153846,0.36987860394537175,54,2636,0.9997605976465161,1.0,
Biognosys TrueDiscovery,R-HSA-6782210,6,15.9211396011396,0.3768574455292467,53,2636,0.9996872581814656,1.0,
Biognosys TrueDiscovery,R-HSA-383280,3,13.517948717948718,0.22192716236722307,45,2636,0.9999795811009119,1.0,
Biognosys TrueDiscovery,R-HSA-4090294,4,8.11076923076923,0.4931714719271624,27,2636,0.9801540628234594,1.0,
Biognosys TrueDiscovery,R-HSA-9031628,1,8.711566951566951,0.11478991156925332,29,2636,0.9999689534060702,1.0,
Biognosys TrueDiscovery,R-HSA-6811434,24,27.035897435897436,0.8877086494688923,90,2636,0.7916042811415283,1.0,
Biognosys TrueDiscovery,R-HSA-179812,3,3.9051851851851853,0.7682094081942337,13,2636,0.7985894270286387,1.0,GRB2 events in EGFR signaling
Biognosys TrueDiscovery,R-HSA-180336,3,4.205584045584046,0.7133373076089312,14,2636,0.8401482851385182,1.0,SHC1 events in EGFR signaling
Biognosys TrueDiscovery,R-HSA-9818030,3,3.3043874643874642,0.9078838460477308,11,2636,0.688429677132298,1.0,
Biognosys TrueDiscovery,R-HSA-1483255,16,23.13071225071225,0.6917210255601758,77,2636,0.9749791793100526,1.0,
Biognosys TrueDiscovery,R-HSA-1660499,13,15.32034188034188,0.8485450325805588,51,2636,0.8047171649930986,1.0,
Biognosys TrueDiscovery,R-HSA-1660514,1,4.505982905982906,0.22192716236722307,15,2636,0.9953170097937998,1.0,
Biognosys TrueDiscovery,R-HSA-5620916,4,5.407179487179487,0.7397572078907435,18,2636,0.836609953600719,1.0,
Biognosys TrueDiscovery,R-HSA-6811440,8,13.517948717948718,0.5918057663125948,45,2636,0.9796569900173848,1.0,
Biognosys TrueDiscovery,R-HSA-9013406,13,14.71954415954416,0.8831795237062958,49,2636,0.7524063573427873,1.0,
Biognosys TrueDiscovery,R-HSA-9013409,13,13.818347578347579,0.9407781882958369,46,2636,0.6578812971618854,1.0,
Biognosys TrueDiscovery,R-HSA-9696264,11,11.415156695156695,0.963631099752416,38,2636,0.6188466601148852,1.0,
Biognosys TrueDiscovery,R-HSA-9764560,5,12.316353276353276,0.40596432140345684,41,2636,0.9980958621433919,1.0,
Biognosys TrueDiscovery,R-HSA-9764790,2,3.3043874643874642,0.6052558973651538,11,2636,0.887691572005251,1.0,
Biognosys TrueDiscovery,R-HSA-6791312,5,11.715555555555556,0.4267830045523521,39,2636,0.9967842860236823,1.0,TP53 Regulates Transcription of Cell Cycle Genes
Biognosys TrueDiscovery,R-HSA-6804116,1,3.003988603988604,0.3328907435508346,10,2636,0.9719748506370398,1.0,TP53 Regulates Transcription of Genes Involved in G1 Cell Cycle Arrest
Biognosys TrueDiscovery,R-HSA-427413,1,10.213561253561254,0.0979090422208337,34,2636,0.9999948363317925,1.0,
Biognosys TrueDiscovery,R-HSA-210500,2,5.707578347578347,0.3504113090008785,19,2636,0.9897323266145627,1.0,
Biognosys TrueDiscovery,R-HSA-70268,10,11.415156695156695,0.8760282725021964,38,2636,0.7470951913027544,1.0,
Biognosys TrueDiscovery,R-HSA-9861718,6,8.711566951566951,0.6887394694155199,29,2636,0.9079395357525856,1.0,
Biognosys TrueDiscovery,R-HSA-9768919,4,4.505982905982906,0.8877086494688923,15,2636,0.704493392053148,1.0,NPAS4 regulates expression of target genes
Biognosys TrueDiscovery,R-HSA-1461973,5,10.213561253561254,0.4895452111041685,34,2636,0.9886067356106993,1.0,Defensins
Biognosys TrueDiscovery,R-HSA-6791226,33,39.95304843304843,0.8259695140734994,133,2636,0.9243503691410061,1.0,
Biognosys TrueDiscovery,R-HSA-2559584,2,3.3043874643874642,0.6052558973651538,11,2636,0.887691572005251,1.0,Formation of Senescence-Associated Heterochromatin Foci (SAHF)
Biognosys TrueDiscovery,R-HSA-201722,2,8.411168091168092,0.2377791025363104,28,2636,0.999418924005919,1.0,
Biognosys TrueDiscovery,R-HSA-5617472,1,15.32034188034188,0.06527269481388914,51,2636,0.9999999885144023,1.0,
Biognosys TrueDiscovery,R-HSA-9909649,4,11.715555555555556,0.34142640364188165,39,2636,0.9992348676374235,1.0,
Biognosys TrueDiscovery,R-HSA-9976102,5,20.72752136752137,0.241225176486112,69,2636,0.9999993787332676,1.0,
Biognosys TrueDiscovery,R-HSA-380994,2,7.50997150997151,0.2663125948406677,25,2636,0.9984657385394837,1.0,ATF4 activates genes in response to endoplasmic reticulum  stress
Biognosys TrueDiscovery,R-HSA-381042,7,9.312364672364673,0.7516887757599491,31,2636,0.8668171993356539,1.0,PERK regulates gene expression
Biognosys TrueDiscovery,R-HSA-8963693,3,3.003988603988604,0.9986722306525038,10,2636,0.6183876777571671,1.0,
Biognosys TrueDiscovery,R-HSA-9629569,4,5.106780626780627,0.7832723377666696,17,2636,0.7993403176129386,1.0,
Biognosys TrueDiscovery,R-HSA-5601884,1,6.6087749287749284,0.15131397434128846,22,2636,0.9996182382831751,1.0,
Biognosys TrueDiscovery,R-HSA-6796648,3,15.01994301994302,0.19973444613050076,50,2636,0.9999958522536433,1.0,TP53 Regulates Transcription of DNA Repair Genes
Biognosys TrueDiscovery,R-HSA-8943724,6,16.521937321937322,0.36315353841909226,55,2636,0.9998170468386084,1.0,Regulation of PTEN gene transcription
Biognosys TrueDiscovery,R-HSA-9843940,2,6.6087749287749284,0.3026279486825769,22,2636,0.9959995515420658,1.0,
Biognosys TrueDiscovery,R-HSA-9920951,1,4.806381766381766,0.20805671471927165,16,2636,0.9967261835590445,1.0,
Biognosys TrueDiscovery,R-HSA-5205685,6,7.50997150997151,0.798937784522003,25,2636,0.8080525996371626,1.0,
Biognosys TrueDiscovery,R-HSA-5685942,1,15.01994301994302,0.06657814871016693,50,2636,0.9999999835421515,1.0,
Biognosys TrueDiscovery,R-HSA-6804756,7,21.92911680911681,0.31921030203504686,73,2636,0.9999941450892136,1.0,Regulation of TP53 Activity through Phosphorylation
Biognosys TrueDiscovery,R-HSA-6804760,2,5.407179487179487,0.36987860394537175,18,2636,0.9860015237763575,1.0,Regulation of TP53 Activity through Methylation
Biognosys TrueDiscovery,R-HSA-912446,1,6.007977207977208,0.1664453717754173,20,2636,0.9992184349292365,1.0,
Biognosys TrueDiscovery,R-HSA-9664873,1,3.3043874643874642,0.3026279486825769,11,2636,0.9804031785002187,1.0,
Biognosys TrueDiscovery,R-HSA-936837,9,12.015954415954416,0.7490041729893778,40,2636,0.8905396454284997,1.0,
Biognosys TrueDiscovery,R-HSA-418359,2,3.6047863247863248,0.5548179059180577,12,2636,0.9155664103341237,1.0,
Biognosys TrueDiscovery,R-HSA-418360,3,7.810370370370371,0.38410470409711683,26,2636,0.9933921453913223,1.0,
Biognosys TrueDiscovery,R-HSA-163210,2,5.407179487179487,0.36987860394537175,18,2636,0.9860015237763575,1.0,
Biognosys TrueDiscovery,R-HSA-9639288,11,13.818347578347579,0.7960430824041697,46,2636,0.8586382561649186,1.0,
Biognosys TrueDiscovery,R-HSA-176187,1,9.011965811965812,0.11096358118361153,30,2636,0.9999783106918693,1.0,
Biognosys TrueDiscovery,R-HSA-6783310,1,6.909173789173789,0.14473510589166722,23,2636,0.9997332073092863,1.0,
Biognosys TrueDiscovery,R-HSA-5689877,3,3.003988603988604,0.9986722306525038,10,2636,0.6183876777571671,1.0,
Biognosys TrueDiscovery,R-HSA-6804114,2,4.505982905982906,0.44385432473444614,15,2636,0.96508591873206,1.0,TP53 Regulates Transcription of Genes Involved in G2 Cell Cycle Arrest
Biognosys TrueDiscovery,R-HSA-1368108,3,6.007977207977208,0.4993361153262519,20,2636,0.9649516319746388,1.0,
Biognosys TrueDiscovery,R-HSA-9955298,4,7.2095726495726495,0.5548179059180577,24,2636,0.9581687774333877,1.0,
Biognosys TrueDiscovery,R-HSA-4641262,6,7.2095726495726495,0.8322268588770865,24,2636,0.7728107822147081,1.0,
Biognosys TrueDiscovery,R-HSA-9943962,2,4.505982905982906,0.44385432473444614,15,2636,0.96508591873206,1.0,
Biognosys TrueDiscovery,R-HSA-9037629,3,3.9051851851851853,0.7682094081942337,13,2636,0.7985894270286387,1.0,
Biognosys TrueDiscovery,R-HSA-5655302,10,11.114757834757835,0.899704712299553,37,2636,0.7133455778322627,1.0,Signaling by FGFR1 in disease
Biognosys TrueDiscovery,R-HSA-3899300,7,12.316353276353276,0.5683500499648396,41,2636,0.9812382279494408,1.0,
Biognosys TrueDiscovery,R-HSA-4655427,1,3.9051851851851853,0.2560698027314112,13,2636,0.9904193032682135,1.0,
Biognosys TrueDiscovery,R-HSA-8866654,7,11.715555555555556,0.5974962063732929,39,2636,0.9713312248191925,1.0,
Biognosys TrueDiscovery,R-HSA-6803205,2,4.505982905982906,0.44385432473444614,15,2636,0.96508591873206,1.0,TP53 regulates transcription of several additional cell death genes whose specific roles in p53-dependent apoptosis remain uncertain
Biognosys TrueDiscovery,R-HSA-9865881,1,7.2095726495726495,0.13870447647951442,24,2636,0.999813562146206,1.0,
Biognosys TrueDiscovery,R-HSA-9028731,3,3.003988603988604,0.9986722306525038,10,2636,0.6183876777571671,1.0,Activated NTRK2 signals through FRS2 and FRS3
Biognosys TrueDiscovery,R-HSA-9694676,4,4.205584045584046,0.9511164101452416,14,2636,0.6462069472924137,1.0,
Biognosys TrueDiscovery,R-HSA-168927,5,5.106780626780627,0.979090422208337,17,2636,0.6128522092333385,1.0,"TICAM1, RIP1-mediated IKK complex recruitment"
Biognosys TrueDiscovery,R-HSA-5357786,3,7.2095726495726495,0.41611342943854324,24,2636,0.9883315298433193,1.0,TNFR1-induced proapoptotic signaling
Biognosys TrueDiscovery,R-HSA-5357905,11,14.419145299145299,0.7628746206373292,48,2636,0.8945712320192574,1.0,Regulation of TNFR1 signaling
Biognosys TrueDiscovery,R-HSA-5357956,5,9.312364672364673,0.5369205541142493,31,2636,0.9765355809081868,1.0,TNFR1-induced NF-kappa-B signaling pathway
Biognosys TrueDiscovery,R-HSA-5676594,3,4.806381766381766,0.6241701441578149,16,2636,0.901431526650577,1.0,TNF receptor superfamily (TNFSF) members mediating non-canonical NF-kB pathway
Biognosys TrueDiscovery,R-HSA-9754189,3,3.6047863247863248,0.8322268588770865,12,2636,0.7483173803608876,1.0,
Biognosys TrueDiscovery,R-HSA-9830364,4,4.205584045584046,0.9511164101452416,14,2636,0.6462069472924137,1.0,
Biognosys TrueDiscovery,R-HSA-9834899,1,3.6047863247863248,0.27740895295902884,12,2636,0.9862974301516819,1.0,
Biognosys TrueDiscovery,R-HSA-9844594,2,6.308376068376068,0.3170388033817472,21,2636,0.9945120830696528,1.0,
Biognosys TrueDiscovery,R-HSA-6790901,2,16.521937321937322,0.12105117947303076,55,2636,0.999999932397392,1.0,
Biognosys TrueDiscovery,R-HSA-8951936,2,3.003988603988604,0.6657814871016692,10,2636,0.8514621365738049,1.0,RUNX3 regulates p14-ARF
Biognosys TrueDiscovery,R-HSA-1266695,6,6.308376068376068,0.9511164101452417,21,2636,0.6390004682715451,1.0,
Biognosys TrueDiscovery,R-HSA-196807,6,7.810370370370371,0.7682094081942337,26,2636,0.8388640171550799,1.0,
Biognosys TrueDiscovery,R-HSA-1250347,2,4.205584045584046,0.4755582050726208,14,2636,0.9529493973557667,1.0,SHC1 events in ERBB4 signaling
Biognosys TrueDiscovery,R-HSA-8851680,2,3.3043874643874642,0.6052558973651538,11,2636,0.887691572005251,1.0,
Biognosys TrueDiscovery,R-HSA-9617828,3,4.806381766381766,0.6241701441578149,16,2636,0.901431526650577,1.0,
Biognosys TrueDiscovery,R-HSA-5576892,5,5.707578347578347,0.8760282725021964,19,2636,0.7193044446463743,1.0,
Biognosys TrueDiscovery,R-HSA-425410,6,8.711566951566951,0.6887394694155199,29,2636,0.9079395357525856,1.0,
Biognosys TrueDiscovery,R-HSA-9758274,4,5.106780626780627,0.7832723377666696,17,2636,0.7993403176129386,1.0,Regulation of NF-kappa B signaling
Biognosys TrueDiscovery,R-HSA-73762,1,10.213561253561254,0.0979090422208337,34,2636,0.9999948363317925,1.0,
Biognosys TrueDiscovery,R-HSA-73772,2,6.6087749287749284,0.3026279486825769,22,2636,0.9959995515420658,1.0,
Biognosys TrueDiscovery,R-HSA-73863,1,6.007977207977208,0.1664453717754173,20,2636,0.9992184349292365,1.0,
Biognosys TrueDiscovery,R-HSA-8877330,3,3.003988603988604,0.9986722306525038,10,2636,0.6183876777571671,1.0,RUNX1 and FOXP3 control the development of regulatory T lymphocytes (Tregs)
Biognosys TrueDiscovery,R-HSA-9616222,4,7.810370370370371,0.5121396054628224,26,2636,0.9744549340789888,1.0,Transcriptional regulation of granulopoiesis
Biognosys TrueDiscovery,R-HSA-427389,1,3.9051851851851853,0.2560698027314112,13,2636,0.9904193032682135,1.0,
Biognosys TrueDiscovery,R-HSA-9770562,27,36.04786324786325,0.7490041729893778,120,2636,0.9747700161842852,1.0,
Biognosys TrueDiscovery,R-HSA-9942503,2,3.3043874643874642,0.6052558973651538,11,2636,0.887691572005251,1.0,Differentiation of naive CD4+ T cells to T helper 1 cells (Th1 cells)
Biognosys TrueDiscovery,R-HSA-1538133,2,6.909173789173789,0.28947021178333443,23,2636,0.9970889197087313,1.0,
Biognosys TrueDiscovery,R-HSA-69273,6,8.11076923076923,0.7397572078907435,27,2636,0.8655441365624438,1.0,
Biognosys TrueDiscovery,R-HSA-2032785,1,3.6047863247863248,0.27740895295902884,12,2636,0.9862974301516819,1.0,
Biognosys TrueDiscovery,R-HSA-9661069,2,4.205584045584046,0.4755582050726208,14,2636,0.9529493973557667,1.0,
Biognosys TrueDiscovery,R-HSA-9825892,3,4.806381766381766,0.6241701441578149,16,2636,0.901431526650577,1.0,
Biognosys TrueDiscovery,R-HSA-167152,3,10.814358974358974,0.27740895295902884,36,2636,0.9996625545542893,1.0,
Biognosys TrueDiscovery,R-HSA-167169,3,10.513960113960113,0.28533492304357255,35,2636,0.9995420543625934,1.0,
Biognosys TrueDiscovery,R-HSA-167172,3,16.521937321937322,0.18157676920954613,55,2636,0.9999991739593188,1.0,
Biognosys TrueDiscovery,R-HSA-167200,3,10.513960113960113,0.28533492304357255,35,2636,0.9995420543625934,1.0,
Biognosys TrueDiscovery,R-HSA-167246,3,10.513960113960113,0.28533492304357255,35,2636,0.9995420543625934,1.0,
Biognosys TrueDiscovery,R-HSA-167287,3,9.011965811965812,0.3328907435508346,30,2636,0.9979424694022885,1.0,
Biognosys TrueDiscovery,R-HSA-167290,3,9.011965811965812,0.3328907435508346,30,2636,0.9979424694022885,1.0,
Biognosys TrueDiscovery,R-HSA-2173793,6,7.810370370370371,0.7682094081942337,26,2636,0.8388640171550799,1.0,
Biognosys TrueDiscovery,R-HSA-2173796,9,9.913162393162393,0.9078838460477308,33,2636,0.6978225245114578,1.0,
Biognosys TrueDiscovery,R-HSA-6807505,1,18.023931623931624,0.05548179059180577,60,2636,0.9999999995500047,1.0,
Biognosys TrueDiscovery,R-HSA-68962,1,8.11076923076923,0.1232928679817906,27,2636,0.9999363957357831,1.0,
Biognosys TrueDiscovery,R-HSA-167238,3,8.711566951566951,0.34436973470775994,29,2636,0.997236514938275,1.0,
Biognosys TrueDiscovery,R-HSA-167243,3,8.711566951566951,0.34436973470775994,29,2636,0.997236514938275,1.0,
Biognosys TrueDiscovery,R-HSA-1461957,1,7.2095726495726495,0.13870447647951442,24,2636,0.999813562146206,1.0,
Biognosys TrueDiscovery,R-HSA-429947,6,6.6087749287749284,0.9078838460477308,22,2636,0.6882966773450632,1.0,
Biognosys TrueDiscovery,R-HSA-6804115,2,5.407179487179487,0.36987860394537175,18,2636,0.9860015237763575,1.0,TP53 regulates transcription of additional cell cycle genes whose exact role in the p53 pathway remain uncertain
Biognosys TrueDiscovery,R-HSA-936964,5,5.106780626780627,0.979090422208337,17,2636,0.6128522092333385,1.0,
Biognosys TrueDiscovery,R-HSA-937072,4,4.205584045584046,0.9511164101452416,14,2636,0.6462069472924137,1.0,
Biognosys TrueDiscovery,R-HSA-9824878,4,4.205584045584046,0.9511164101452416,14,2636,0.6462069472924137,1.0,
Biognosys TrueDiscovery,R-HSA-5669034,5,8.411168091168092,0.5944477563407761,28,2636,0.9532591003225468,1.0,TNFs bind their physiological receptors
Biognosys TrueDiscovery,R-HSA-9701898,2,3.003988603988604,0.6657814871016692,10,2636,0.8514621365738049,1.0,
Biognosys TrueDiscovery,R-HSA-9931295,2,4.806381766381766,0.4161134294385433,16,2636,0.974179403315129,1.0,
Biognosys TrueDiscovery,R-HSA-9943411,3,12.917150997150998,0.23224935596569854,43,2636,0.999961617699331,1.0,
Biognosys TrueDiscovery,R-HSA-9764725,4,9.612763532763532,0.4161134294385433,32,2636,0.9946533764733524,1.0,
Biognosys TrueDiscovery,R-HSA-9937850,2,8.411168091168092,0.2377791025363104,28,2636,0.999418924005919,1.0,
Biognosys TrueDiscovery,R-HSA-9940951,1,6.909173789173789,0.14473510589166722,23,2636,0.9997332073092863,1.0,
Biognosys TrueDiscovery,R-HSA-2122947,6,12.015954415954416,0.4993361153262519,40,2636,0.991616072235728,1.0,
Biognosys TrueDiscovery,R-HSA-3232118,3,4.806381766381766,0.6241701441578149,16,2636,0.901431526650577,1.0,SUMOylation of transcription factors
Biognosys TrueDiscovery,R-HSA-606279,2,5.407179487179487,0.36987860394537175,18,2636,0.9860015237763575,1.0,
Biognosys TrueDiscovery,R-HSA-983189,11,17.423133903133902,0.6313445136308933,58,2636,0.9804870385529871,1.0,
Biognosys TrueDiscovery,R-HSA-1483213,2,3.9051851851851853,0.5121396054628224,13,2636,0.9368349527533026,1.0,
Biognosys TrueDiscovery,R-HSA-9937080,2,5.106780626780627,0.3916361688833348,17,2636,0.9809622285169463,1.0,
Biognosys TrueDiscovery,R-HSA-5578768,3,3.6047863247863248,0.8322268588770865,12,2636,0.7483173803608876,1.0,
Biognosys TrueDiscovery,R-HSA-1834941,2,4.505982905982906,0.44385432473444614,15,2636,0.96508591873206,1.0,
Biognosys TrueDiscovery,R-HSA-5696400,4,10.213561253561254,0.3916361688833348,34,2636,0.9968974202904002,1.0,
Biognosys TrueDiscovery,R-HSA-1606322,4,5.707578347578347,0.700822618001757,19,2636,0.8678914226552109,1.0,
Biognosys TrueDiscovery,R-HSA-1810476,4,4.806381766381766,0.8322268588770866,16,2636,0.7554607627000915,1.0,
Biognosys TrueDiscovery,R-HSA-420029,1,3.3043874643874642,0.3026279486825769,11,2636,0.9804031785002187,1.0,
Biognosys TrueDiscovery,R-HSA-264876,3,6.6087749287749284,0.4539419230238654,22,2636,0.9796373983455231,1.0,Insulin processing
Biognosys TrueDiscovery,R-HSA-5620924,10,12.616752136752137,0.7925970084543681,42,2636,0.8542708846648011,1.0,
Biognosys TrueDiscovery,R-HSA-9864848,1,13.517948717948718,0.07397572078907436,45,2636,0.9999999006547045,1.0,
Biognosys TrueDiscovery,R-HSA-73856,1,7.2095726495726495,0.13870447647951442,24,2636,0.999813562146206,1.0,
Biognosys TrueDiscovery,R-HSA-210744,1,3.003988603988604,0.3328907435508346,10,2636,0.9719748506370398,1.0,
Biognosys TrueDiscovery,R-HSA-350054,5,7.2095726495726495,0.6935223823975721,24,2636,0.8900290050440124,1.0,
Biognosys TrueDiscovery,R-HSA-8941856,2,3.003988603988604,0.6657814871016692,10,2636,0.8514621365738049,1.0,
Biognosys TrueDiscovery,R-HSA-918233,2,4.205584045584046,0.4755582050726208,14,2636,0.9529493973557667,1.0,
Biognosys TrueDiscovery,R-HSA-933541,3,7.810370370370371,0.38410470409711683,26,2636,0.9933921453913223,1.0,
Biognosys TrueDiscovery,R-HSA-9617629,1,3.003988603988604,0.3328907435508346,10,2636,0.9719748506370398,1.0,
Biognosys TrueDiscovery,R-HSA-9027284,3,3.9051851851851853,0.7682094081942337,13,2636,0.7985894270286387,1.0,Erythropoietin activates RAS
Biognosys TrueDiscovery,R-HSA-9694631,3,4.205584045584046,0.7133373076089312,14,2636,0.8401482851385182,1.0,
Biognosys TrueDiscovery,R-HSA-381771,4,4.505982905982906,0.8877086494688923,15,2636,0.704493392053148,1.0,"Synthesis, secretion, and inactivation of Glucagon-like Peptide-1 (GLP-1)"
Biognosys TrueDiscovery,R-HSA-9733709,1,5.407179487179487,0.18493930197268588,18,2636,0.9984002488064002,1.0,
Biognosys TrueDiscovery,R-HSA-9796292,1,3.003988603988604,0.3328907435508346,10,2636,0.9719748506370398,1.0,
Biognosys TrueDiscovery,R-HSA-110314,4,8.411168091168092,0.4755582050726208,28,2636,0.9846365565736115,1.0,
Biognosys TrueDiscovery,R-HSA-9673324,1,3.003988603988604,0.3328907435508346,10,2636,0.9719748506370398,1.0,
Biognosys TrueDiscovery,R-HSA-2453902,2,4.806381766381766,0.4161134294385433,16,2636,0.974179403315129,1.0,
Biognosys TrueDiscovery,R-HSA-430039,4,4.205584045584046,0.9511164101452416,14,2636,0.6462069472924137,1.0,
Biognosys TrueDiscovery,R-HSA-450513,3,5.106780626780627,0.5874542533250022,17,2636,0.9233082143014993,1.0,
Biognosys TrueDiscovery,R-HSA-429958,2,4.806381766381766,0.4161134294385433,16,2636,0.974179403315129,1.0,
Biognosys TrueDiscovery,R-HSA-9754678,9,10.213561253561254,0.8811813799875033,34,2636,0.7344391530255256,1.0,
Biognosys TrueDiscovery,R-HSA-72165,4,14.118746438746438,0.2833112711070933,47,2636,0.9999257255186446,1.0,
Biognosys TrueDiscovery,R-HSA-3134975,1,4.205584045584046,0.2377791025363104,14,2636,0.9933016037230171,1.0,
Biognosys TrueDiscovery,R-HSA-3270619,2,3.6047863247863248,0.5548179059180577,12,2636,0.9155664103341237,1.0,
Biognosys TrueDiscovery,R-HSA-452723,4,6.909173789173789,0.5789404235666689,23,2636,0.9468121487018251,1.0,
Biognosys TrueDiscovery,R-HSA-204174,2,3.9051851851851853,0.5121396054628224,13,2636,0.9368349527533026,1.0,
Biognosys TrueDiscovery,R-HSA-69166,1,4.205584045584046,0.2377791025363104,14,2636,0.9933016037230171,1.0,
Biognosys TrueDiscovery,R-HSA-69183,1,4.505982905982906,0.22192716236722307,15,2636,0.9953170097937998,1.0,
Biognosys TrueDiscovery,R-HSA-400511,3,3.003988603988604,0.9986722306525038,10,2636,0.6183876777571671,1.0,
Biognosys TrueDiscovery,R-HSA-2892247,2,3.003988603988604,0.6657814871016692,10,2636,0.8514621365738049,1.0,
Biognosys TrueDiscovery,R-HSA-6785470,2,4.806381766381766,0.4161134294385433,16,2636,0.974179403315129,1.0,
Biognosys TrueDiscovery,R-HSA-8868766,1,7.50997150997151,0.13315629742033386,25,2636,0.9998697214631527,1.0,
Biognosys TrueDiscovery,R-HSA-1296072,1,3.6047863247863248,0.27740895295902884,12,2636,0.9862974301516819,1.0,
Biognosys TrueDiscovery,R-HSA-5689896,9,10.513960113960113,0.8560047691307175,35,2636,0.7679317047886155,1.0,Ovarian tumor domain proteases
Biognosys TrueDiscovery,R-HSA-6803529,4,7.2095726495726495,0.5548179059180577,24,2636,0.9581687774333877,1.0,
Biognosys TrueDiscovery,R-HSA-9913635,1,3.003988603988604,0.3328907435508346,10,2636,0.9719748506370398,1.0,
Biognosys TrueDiscovery,R-HSA-9836573,3,6.6087749287749284,0.4539419230238654,22,2636,0.9796373983455231,1.0,
Biognosys TrueDiscovery,R-HSA-5685939,1,3.3043874643874642,0.3026279486825769,11,2636,0.9804031785002187,1.0,
Biognosys TrueDiscovery,R-HSA-1839122,2,3.6047863247863248,0.5548179059180577,12,2636,0.9155664103341237,1.0,Signaling by activated point mutants of FGFR1
Biognosys TrueDiscovery,R-HSA-1839126,1,9.312364672364673,0.10738411082284986,31,2636,0.9999848484867501,1.0,FGFR2 mutant receptor activation
Biognosys TrueDiscovery,R-HSA-1839130,1,3.6047863247863248,0.27740895295902884,12,2636,0.9862974301516819,1.0,Signaling by activated point mutants of FGFR3
Biognosys TrueDiscovery,R-HSA-190322,2,4.205584045584046,0.4755582050726208,14,2636,0.9529493973557667,1.0,FGFR4 ligand binding and activation
Biognosys TrueDiscovery,R-HSA-190372,2,3.9051851851851853,0.5121396054628224,13,2636,0.9368349527533026,1.0,FGFR3c ligand binding and activation
Biognosys TrueDiscovery,R-HSA-190375,1,3.9051851851851853,0.2560698027314112,13,2636,0.9904193032682135,1.0,FGFR2c ligand binding and activation
Biognosys TrueDiscovery,R-HSA-190377,2,3.003988603988604,0.6657814871016692,10,2636,0.8514621365738049,1.0,FGFR2b ligand binding and activation
Biognosys TrueDiscovery,R-HSA-2033514,1,3.6047863247863248,0.27740895295902884,12,2636,0.9862974301516819,1.0,FGFR3 mutant receptor activation
Biognosys TrueDiscovery,R-HSA-2033519,1,5.106780626780627,0.1958180844416674,17,2636,0.9977114307491757,1.0,Activated point mutants of FGFR2
Biognosys TrueDiscovery,R-HSA-5654219,2,5.106780626780627,0.3916361688833348,17,2636,0.9809622285169463,1.0,Phospholipase C-mediated cascade: FGFR1
Biognosys TrueDiscovery,R-HSA-5654221,1,5.407179487179487,0.18493930197268588,18,2636,0.9984002488064002,1.0,Phospholipase C-mediated cascade; FGFR2
Biognosys TrueDiscovery,R-HSA-5654227,1,3.9051851851851853,0.2560698027314112,13,2636,0.9904193032682135,1.0,Phospholipase C-mediated cascade; FGFR3
Biognosys TrueDiscovery,R-HSA-5654228,2,4.505982905982906,0.44385432473444614,15,2636,0.96508591873206,1.0,Phospholipase C-mediated cascade; FGFR4
Biognosys TrueDiscovery,R-HSA-5654687,7,9.011965811965812,0.7767450682852808,30,2636,0.8420458423094218,1.0,Downstream signaling of activated FGFR1
Biognosys TrueDiscovery,R-HSA-5654688,3,6.6087749287749284,0.4539419230238654,22,2636,0.9796373983455231,1.0,SHC-mediated cascade:FGFR1
Biognosys TrueDiscovery,R-HSA-5654689,5,6.308376068376068,0.7925970084543681,21,2636,0.8030213782789866,1.0,PI-3K cascade:FGFR1
Biognosys TrueDiscovery,R-HSA-5654693,4,6.909173789173789,0.5789404235666689,23,2636,0.9468121487018251,1.0,FRS-mediated FGFR1 signaling
Biognosys TrueDiscovery,R-HSA-5654695,4,6.6087749287749284,0.6052558973651538,22,2636,0.9326897823109987,1.0,PI-3K cascade:FGFR2
Biognosys TrueDiscovery,R-HSA-5654699,2,6.909173789173789,0.28947021178333443,23,2636,0.9970889197087313,1.0,SHC-mediated cascade:FGFR2
Biognosys TrueDiscovery,R-HSA-5654700,3,7.2095726495726495,0.41611342943854324,24,2636,0.9883315298433193,1.0,FRS-mediated FGFR2 signaling
Biognosys TrueDiscovery,R-HSA-5654704,2,5.407179487179487,0.36987860394537175,18,2636,0.9860015237763575,1.0,SHC-mediated cascade:FGFR3
Biognosys TrueDiscovery,R-HSA-5654706,3,5.707578347578347,0.5256169635013178,19,2636,0.9542896996516138,1.0,FRS-mediated FGFR3 signaling
Biognosys TrueDiscovery,R-HSA-5654710,4,5.106780626780627,0.7832723377666696,17,2636,0.7993403176129386,1.0,PI-3K cascade:FGFR3
Biognosys TrueDiscovery,R-HSA-5654712,4,6.308376068376068,0.6340776067634945,21,2636,0.9152487195957626,1.0,FRS-mediated FGFR4 signaling
Biognosys TrueDiscovery,R-HSA-5654719,3,6.007977207977208,0.4993361153262519,20,2636,0.9649516319746388,1.0,SHC-mediated cascade:FGFR4
Biognosys TrueDiscovery,R-HSA-5654720,5,5.707578347578347,0.8760282725021964,19,2636,0.7193044446463743,1.0,PI-3K cascade:FGFR4
Biognosys TrueDiscovery,R-HSA-5655253,3,12.015954415954416,0.24966805766312594,40,2636,0.9999018568705751,1.0,Signaling by FGFR2 in disease
Biognosys TrueDiscovery,R-HSA-5655332,3,6.308376068376068,0.47555820507262087,21,2636,0.9732354507044516,1.0,Signaling by FGFR3 in disease
Biognosys TrueDiscovery,R-HSA-8851708,1,5.106780626780627,0.1958180844416674,17,2636,0.9977114307491757,1.0,Signaling by FGFR2 IIIa TM
Biognosys TrueDiscovery,R-HSA-189200,3,3.003988603988604,0.9986722306525038,10,2636,0.6183876777571671,1.0,
Biognosys TrueDiscovery,R-HSA-5655291,3,3.003988603988604,0.9986722306525038,10,2636,0.6183876777571671,1.0,Signaling by FGFR4 in disease
Biognosys TrueDiscovery,R-HSA-1660516,3,4.205584045584046,0.7133373076089312,14,2636,0.8401482851385182,1.0,
Biognosys TrueDiscovery,R-HSA-1660517,1,3.003988603988604,0.3328907435508346,10,2636,0.9719748506370398,1.0,
Biognosys TrueDiscovery,R-HSA-4641263,4,6.308376068376068,0.6340776067634945,21,2636,0.9152487195957626,1.0,
Biognosys TrueDiscovery,R-HSA-1296041,4,5.407179487179487,0.7397572078907435,18,2636,0.836609953600719,1.0,
Biognosys TrueDiscovery,R-HSA-997272,4,5.407179487179487,0.7397572078907435,18,2636,0.836609953600719,1.0,
Biognosys TrueDiscovery,R-HSA-202040,5,6.007977207977208,0.8322268588770865,20,2636,0.7639687806581672,1.0,
Biognosys TrueDiscovery,R-HSA-392851,4,4.505982905982906,0.8877086494688923,15,2636,0.704493392053148,1.0,
Biognosys TrueDiscovery,R-HSA-9717207,2,3.9051851851851853,0.5121396054628224,13,2636,0.9368349527533026,1.0,
Biognosys TrueDiscovery,R-HSA-8851805,3,3.3043874643874642,0.9078838460477308,11,2636,0.688429677132298,1.0,MET activates RAS signaling
Biognosys TrueDiscovery,R-HSA-9683610,3,3.003988603988604,0.9986722306525038,10,2636,0.6183876777571671,1.0,
Biognosys TrueDiscovery,R-HSA-392154,5,5.707578347578347,0.8760282725021964,19,2636,0.7193044446463743,1.0,
Biognosys TrueDiscovery,R-HSA-912694,6,6.6087749287749284,0.9078838460477308,22,2636,0.6882966773450632,1.0,
Biognosys TrueDiscovery,R-HSA-877312,4,4.205584045584046,0.9511164101452416,14,2636,0.6462069472924137,1.0,
Biognosys TrueDiscovery,R-HSA-8854691,6,7.50997150997151,0.798937784522003,25,2636,0.8080525996371626,1.0,
Biognosys TrueDiscovery,R-HSA-209543,2,3.9051851851851853,0.5121396054628224,13,2636,0.9368349527533026,1.0,
Biognosys TrueDiscovery,R-HSA-9013973,2,3.6047863247863248,0.5548179059180577,12,2636,0.9155664103341237,1.0,
Biognosys TrueDiscovery,R-HSA-9828211,2,3.3043874643874642,0.6052558973651538,11,2636,0.887691572005251,1.0,
Biognosys TrueDiscovery,R-HSA-450321,5,5.707578347578347,0.8760282725021964,19,2636,0.7193044446463743,1.0,
Biognosys TrueDiscovery,R-HSA-418457,2,3.9051851851851853,0.5121396054628224,13,2636,0.9368349527533026,1.0,
Biognosys TrueDiscovery,R-HSA-5656169,4,9.312364672364673,0.42953644329139945,31,2636,0.9930084571849642,1.0,
Biognosys TrueDiscovery,R-HSA-139853,1,4.205584045584046,0.2377791025363104,14,2636,0.9933016037230171,1.0,
Biognosys TrueDiscovery,R-HSA-352230,3,7.2095726495726495,0.41611342943854324,24,2636,0.9883315298433193,1.0,
Biognosys TrueDiscovery,R-HSA-9958863,3,7.810370370370371,0.38410470409711683,26,2636,0.9933921453913223,1.0,
Biognosys TrueDiscovery,R-HSA-5696397,1,6.909173789173789,0.14473510589166722,23,2636,0.9997332073092863,1.0,
Biognosys TrueDiscovery,R-HSA-1482788,4,7.2095726495726495,0.5548179059180577,24,2636,0.9581687774333877,1.0,
Biognosys TrueDiscovery,R-HSA-1482925,4,4.505982905982906,0.8877086494688923,15,2636,0.704493392053148,1.0,
Biognosys TrueDiscovery,R-HSA-1482801,5,5.707578347578347,0.8760282725021964,19,2636,0.7193044446463743,1.0,
Biognosys TrueDiscovery,R-HSA-110312,1,4.505982905982906,0.22192716236722307,15,2636,0.9953170097937998,1.0,
Biognosys TrueDiscovery,R-HSA-5655862,1,4.806381766381766,0.20805671471927165,16,2636,0.9967261835590445,1.0,
Biognosys TrueDiscovery,R-HSA-5656121,1,4.806381766381766,0.20805671471927165,16,2636,0.9967261835590445,1.0,
Biognosys TrueDiscovery,R-HSA-9968295,1,6.007977207977208,0.1664453717754173,20,2636,0.9992184349292365,1.0,
Biognosys TrueDiscovery,R-HSA-9754560,2,3.3043874643874642,0.6052558973651538,11,2636,0.887691572005251,1.0,
Biognosys TrueDiscovery,R-HSA-1482922,4,4.505982905982906,0.8877086494688923,15,2636,0.704493392053148,1.0,
Biognosys TrueDiscovery,R-HSA-3295583,2,4.505982905982906,0.44385432473444614,15,2636,0.96508591873206,1.0,
Biognosys TrueDiscovery,R-HSA-174490,3,3.9051851851851853,0.7682094081942337,13,2636,0.7985894270286387,1.0,
Biognosys TrueDiscovery,R-HSA-174495,3,3.9051851851851853,0.7682094081942337,13,2636,0.7985894270286387,1.0,
Biognosys TrueDiscovery,R-HSA-8948747,2,3.003988603988604,0.6657814871016692,10,2636,0.8514621365738049,1.0,
Biognosys TrueDiscovery,R-HSA-110320,3,5.407179487179487,0.5548179059180577,18,2636,0.9406478664416554,1.0,
Biognosys TrueDiscovery,R-HSA-113501,2,3.6047863247863248,0.5548179059180577,12,2636,0.9155664103341237,1.0,
Biognosys TrueDiscovery,R-HSA-435354,2,3.6047863247863248,0.5548179059180577,12,2636,0.9155664103341237,1.0,
Nomic Omni,R-HSA-6783783,34,4.4877492877492875,7.576180802437786,44,895,1.0034812892810322e-25,9.523037435276996e-23,Interleukin-10 signaling
Nomic Omni,R-HSA-6785807,50,10.1994301994302,4.902234636871508,100,895,5.2178094988227844e-24,2.4758506071914116e-21,Interleukin-4 and Interleukin-13 signaling
Nomic Omni,R-HSA-380108,32,4.589743589743589,6.972067039106146,45,895,2.242493836231024e-22,7.093755501944139e-20,Chemokine receptors bind chemokines
Nomic Omni,R-HSA-381426,51,11.525356125356126,4.42502595540614,113,895,6.911093097700357e-22,1.6396568374294098e-19,Regulation of Insulin-like Growth Factor (IGF) transport and uptake by Insulin-like Growth Factor Binding Proteins (IGFBPs)
Nomic Omni,R-HSA-375276,54,12.953276353276353,4.168829454977346,127,895,1.343902132193414e-21,2.5507262469031e-19,Peptide ligand-binding receptors
Nomic Omni,R-HSA-5669034,24,2.8558404558404558,8.403830806065443,28,895,1.6640136954889883e-20,2.6319149950317496e-18,TNFs bind their physiological receptors
Nomic Omni,R-HSA-2219530,42,8.567521367521367,4.902234636871508,84,895,2.3582460676015163e-20,3.197107883076913e-18,Constitutive Signaling by Aberrant PI3K in Cancer
Nomic Omni,R-HSA-9769739,32,5.0997150997151,6.27486033519553,50,895,3.3529434469621064e-20,3.977429163958799e-18,Regulation of clotting cascade
Nomic Omni,R-HSA-6811558,48,11.321367521367522,4.239770496753737,111,895,1.0623190267627071e-19,1.1201563959975655e-17,"PI5P, PP2A and IER3 Regulate PI3K/AKT Signaling"
Nomic Omni,R-HSA-199418,49,11.933333333333334,4.106145251396648,117,895,2.303311956134372e-19,2.185843046371519e-17,Negative regulation of the PI3K/AKT network
Nomic Omni,R-HSA-8957275,44,10.1994301994302,4.313966480446927,100,895,1.6271030345528561e-18,1.4037461634460548e-16,Post-translational protein phosphorylation
Nomic Omni,R-HSA-114608,47,11.933333333333334,3.9385474860335195,117,895,9.651952833326855e-18,7.633086032355988e-16,Platelet degranulation 
Nomic Omni,R-HSA-76005,47,12.545299145299145,3.7464232184221284,123,895,1.0270860585759771e-16,7.497728227604633e-15,Response to elevated platelet cytosolic Ca2+
Nomic Omni,R-HSA-198933,61,19.990883190883192,3.0513909474404284,196,895,2.7811648076794624e-16,1.8852324303484355e-14,Immunoregulatory interactions between a Lymphoid and a non-Lymphoid cell
Nomic Omni,R-HSA-6798695,106,47.83532763532764,2.21593548617646,469,895,4.715842628238736e-16,2.983556436132373e-14,Neutrophil degranulation
Nomic Omni,R-HSA-373076,57,18.562962962962963,3.070630486831604,182,895,2.0008383540228044e-15,1.1867472487297758e-13,Class A/1 (Rhodopsin-like receptors)
Nomic Omni,R-HSA-9769735,17,2.3458689458689457,7.246781637114404,23,895,6.779140468512316e-13,3.784355473304816e-11,Initiation of coagulation cascade
Nomic Omni,R-HSA-1474228,43,13.36125356125356,3.2182609066484713,131,895,1.0194190696647997e-12,5.3746038728438605e-11,Degradation of the extracellular matrix
Nomic Omni,R-HSA-5668541,33,8.567521367521367,3.851755786113328,84,895,1.6299104347966113e-12,8.140973698010444e-11,TNFR2 non-canonical NF-kB pathway
Nomic Omni,R-HSA-9968734,19,3.0598290598290596,6.209497206703911,30,895,2.231414001658651e-12,1.0588059437870299e-10,Differentiation of Circulating Monocytes
Nomic Omni,R-HSA-202733,53,19.88888888888889,2.664804469273743,195,895,1.0538031723116613e-11,4.762186716779841e-10,Cell surface interactions at the vascular wall
Nomic Omni,R-HSA-5673001,60,24.784615384615385,2.4208566108007448,243,895,3.5984429299787604e-11,1.552237427522656e-09,RAF/MAP kinase cascade
Nomic Omni,R-HSA-5654719,14,2.03988603988604,6.863128491620111,20,895,2.582272486163895e-10,1.065468082334581e-08,SHC-mediated cascade:FGFR4
Nomic Omni,R-HSA-5654712,14,2.141880341880342,6.5363128491620115,21,895,7.021351779110701e-10,2.776359515990023e-08,FRS-mediated FGFR4 signaling
Nomic Omni,R-HSA-216083,27,7.547578347578348,3.5773063566359653,74,895,1.2475157315816813e-09,4.735569717084062e-08,Integrin cell surface interactions
Nomic Omni,R-HSA-2404192,22,5.303703703703704,4.14804469273743,52,895,1.6412391468506545e-09,5.990522886004889e-08,Signaling by Type 1 Insulin-like Growth Factor 1 Receptor (IGF1R)
Nomic Omni,R-HSA-190322,11,1.4279202279202279,7.703511572226656,14,895,3.199206559808261e-09,1.1244618612066814e-07,FGFR4 ligand binding and activation
Nomic Omni,R-HSA-449836,14,2.3458689458689457,5.967937818800098,23,895,4.0540255421325216e-09,1.3740250855299154e-07,Other interleukin signaling
Nomic Omni,R-HSA-2428928,21,5.0997150997151,4.117877094972067,50,895,4.539283761476448e-09,1.4854414791866032e-07,IRS-related events triggered by IGF1R
Nomic Omni,R-HSA-2428924,21,5.201709401709402,4.03713440683536,51,895,6.984336240351968e-09,2.2093783640313393e-07,IGF1R signaling cascade
Nomic Omni,R-HSA-1592389,17,3.5698005698005697,4.7621707901037515,35,895,9.268364557425783e-09,2.8373154725796993e-07,Activation of Matrix Metalloproteinases
Nomic Omni,R-HSA-74751,21,5.303703703703704,3.9594972067039107,52,895,1.0603853626272209e-08,3.131647349247432e-07,Insulin receptor signalling cascade
Nomic Omni,R-HSA-5654228,11,1.5299145299145298,7.189944134078213,15,895,1.0889816915191281e-08,3.131647349247432e-07,Phospholipase C-mediated cascade; FGFR4
Nomic Omni,R-HSA-9769743,12,1.8358974358974358,6.5363128491620115,18,895,1.2264107609885048e-08,3.4231288593473266e-07,Amplification and propagation of coagulation cascade
Nomic Omni,R-HSA-1257604,55,25.192592592592593,2.183181417230226,247,895,1.3553399808013215e-08,3.6749075479441547e-07,PIP3 activates AKT signaling
Nomic Omni,R-HSA-179812,10,1.325925925925926,7.541899441340782,13,895,2.4951405857148244e-08,6.399698421198292e-07,GRB2 events in EGFR signaling
Nomic Omni,R-HSA-9665686,13,2.2438746438746437,5.793550025393601,22,895,2.4614142231585095e-08,6.399698421198292e-07,Signaling by ERBB2 TMD/JMD mutants
Nomic Omni,R-HSA-5654720,12,1.937891737891738,6.192296383416642,19,895,3.020179780677083e-08,7.542501610164611e-07,PI-3K cascade:FGFR4
Nomic Omni,R-HSA-1963640,11,1.631908831908832,6.740572625698324,16,895,3.163339470936822e-08,7.697459379279601e-07,GRB2 events in ERBB2 signaling
Nomic Omni,R-HSA-112399,19,4.793732193732194,3.9635088553429214,47,895,5.247426877496439e-08,1.2449520266860302e-06,IRS-mediated signalling
Nomic Omni,R-HSA-9694614,11,1.7339031339031339,6.344068353598423,17,895,8.136682702786525e-08,1.7957469499870727e-06,Attachment and Entry
Nomic Omni,R-HSA-180336,10,1.4279202279202279,7.003192338387869,14,895,7.93319041004982e-08,1.7957469499870727e-06,SHC1 events in EGFR signaling
Nomic Omni,R-HSA-6788467,11,1.7339031339031339,6.344068353598423,17,895,8.136682702786525e-08,1.7957469499870727e-06,IL-6-type cytokine receptor ligand interactions
Nomic Omni,R-HSA-975634,18,4.4877492877492875,4.010919248349416,44,895,9.491287074847245e-08,2.0470980531886443e-06,Retinoid metabolism and transport
Nomic Omni,R-HSA-9664565,13,2.447863247863248,5.3107541899441335,24,895,1.0159639417036513e-07,2.142555068170589e-06,Signaling by ERBB2 KD Mutants
Nomic Omni,R-HSA-5654704,11,1.8358974358974358,5.9916201117318435,18,895,1.8995681468469125e-07,3.876251594774915e-06,SHC-mediated cascade:FGFR3
Nomic Omni,R-HSA-8854691,13,2.54985754985755,5.098324022346368,25,895,1.9197452576862064e-07,3.876251594774915e-06,
Nomic Omni,R-HSA-1963642,10,1.5299145299145298,6.5363128491620115,15,895,2.1621607847111208e-07,4.2747720514392786e-06,PI3K events in ERBB2 signaling
Nomic Omni,R-HSA-2024096,11,1.937891737891738,5.676271684798588,19,895,4.0961996289183184e-07,7.1986915700805265e-06,HS-GAG degradation
Nomic Omni,R-HSA-3560783,11,1.937891737891738,5.676271684798588,19,895,4.0961996289183184e-07,7.1986915700805265e-06,"Defective B4GALT7 causes EDS, progeroid type"
Nomic Omni,R-HSA-3560801,11,1.937891737891738,5.676271684798588,19,895,4.0961996289183184e-07,7.1986915700805265e-06,Defective B3GAT3 causes JDSSDHD
Nomic Omni,R-HSA-4420332,11,1.937891737891738,5.676271684798588,19,895,4.0961996289183184e-07,7.1986915700805265e-06,Defective B3GALT6 causes EDSP2 and SEMDJL1
Nomic Omni,R-HSA-109704,17,4.385754985754986,3.8761855268286345,43,895,3.899747351233171e-07,7.1986915700805265e-06,PI3K Cascade
Nomic Omni,R-HSA-5654706,11,1.937891737891738,5.676271684798588,19,895,4.0961996289183184e-07,7.1986915700805265e-06,FRS-mediated FGFR3 signaling
Nomic Omni,R-HSA-9009391,22,6.9356125356125355,3.1720341767992113,68,895,4.930304488044771e-07,8.507016289371795e-06,Extra-nuclear estrogen signaling
Nomic Omni,R-HSA-1250196,12,2.3458689458689457,5.115375273257227,23,895,5.494440893098516e-07,9.147762118509633e-06,SHC1 events in ERBB2 signaling
Nomic Omni,R-HSA-5654699,12,2.3458689458689457,5.115375273257227,23,895,5.494440893098516e-07,9.147762118509633e-06,SHC-mediated cascade:FGFR2
Nomic Omni,R-HSA-8847993,9,1.325925925925926,6.787709497206704,13,895,5.627413896136181e-07,9.207613426609027e-06,ERBB2 Activates PTK6 Signaling
Nomic Omni,R-HSA-451927,16,4.07977207977208,3.921787709497207,40,895,7.118234659244053e-07,1.1449499477326452e-05,
Nomic Omni,R-HSA-5654700,12,2.447863247863248,4.902234636871508,24,895,9.972917844493387e-07,1.577383172404037e-05,FRS-mediated FGFR2 signaling
Nomic Omni,R-HSA-9918485,16,4.181766381766382,3.826134350728982,41,895,1.05793665179308e-06,1.6458719386092343e-05,Dengue Virus Attachment and Entry
Nomic Omni,R-HSA-5655332,11,2.141880341880342,5.135674381484438,21,895,1.5761727064876364e-06,2.4125611265431728e-05,Signaling by FGFR3 in disease
Nomic Omni,R-HSA-977225,18,5.303703703703704,3.393854748603352,52,895,1.7822216748996122e-06,2.6846482055233845e-05,Amyloid fiber formation
Nomic Omni,R-HSA-9634638,11,2.2438746438746437,4.902234636871508,22,895,2.862780521256018e-06,4.2449667416749396e-05,Estrogen-dependent nuclear events downstream of ESR-membrane signaling
Nomic Omni,R-HSA-6785631,9,1.5299145299145298,5.882681564245811,15,895,3.2578720411364205e-06,4.7564931800591744e-05,ERBB2 Regulates Cell Motility
Nomic Omni,R-HSA-1236394,17,4.997720797720798,3.401550564359822,49,895,3.3291669266156523e-06,4.7869385050882636e-05,Signaling by ERBB4
Nomic Omni,R-HSA-3772470,8,1.223931623931624,6.536312849162011,12,895,3.86867367723773e-06,5.320827999563197e-05,
Nomic Omni,R-HSA-1839130,8,1.223931623931624,6.536312849162011,12,895,3.86867367723773e-06,5.320827999563197e-05,Signaling by activated point mutants of FGFR3
Nomic Omni,R-HSA-2033514,8,1.223931623931624,6.536312849162011,12,895,3.86867367723773e-06,5.320827999563197e-05,FGFR3 mutant receptor activation
Nomic Omni,R-HSA-5654733,13,3.161823361823362,4.111551630924491,31,895,4.243634282728784e-06,5.7531556204423083e-05,Negative regulation of FGFR4 signaling
Nomic Omni,R-HSA-1971475,12,2.753846153846154,4.35754189944134,27,895,4.7940749791352995e-06,6.407855148168168e-05,Glycosaminoglycan-protein linkage region biosynthesis
Nomic Omni,R-HSA-3000178,20,6.833618233618234,2.926707245893438,67,895,6.574732387247572e-06,8.665862549302703e-05,ECM proteoglycans
Nomic Omni,R-HSA-5676594,9,1.631908831908832,5.5150139664804465,16,895,6.773038242216644e-06,8.804949714881636e-05,TNF receptor superfamily (TNFSF) members mediating non-canonical NF-kB pathway
Nomic Omni,R-HSA-74752,21,7.445584045584045,2.820463763679498,73,895,7.417183674095629e-06,9.512036900968583e-05,Signaling by Insulin receptor
Nomic Omni,R-HSA-190372,8,1.325925925925926,6.033519553072626,13,895,9.158165337436309e-06,0.00011287141435359816,FGFR3c ligand binding and activation
Nomic Omni,R-HSA-190375,8,1.325925925925926,6.033519553072626,13,895,9.158165337436309e-06,0.00011287141435359816,FGFR2c ligand binding and activation
Nomic Omni,R-HSA-5654227,8,1.325925925925926,6.033519553072626,13,895,9.158165337436309e-06,0.00011287141435359816,Phospholipase C-mediated cascade; FGFR3
Nomic Omni,R-HSA-1442490,19,6.425641025641026,2.956903431763767,63,895,9.450380632647831e-06,0.00011497963103054863,Collagen degradation
Nomic Omni,R-HSA-159740,7,1.01994301994302,6.863128491620111,10,895,1.0216991060770583e-05,0.00012273322173001624,Gamma-carboxylation of protein precursors
Nomic Omni,R-HSA-2022377,9,1.7339031339031339,5.190601380216891,17,895,1.3092230730195788e-05,0.000151518621499461,Metabolism of Angiotensinogen to Angiotensins
Nomic Omni,R-HSA-2033519,9,1.7339031339031339,5.190601380216891,17,895,1.3092230730195788e-05,0.000151518621499461,Activated point mutants of FGFR2
Nomic Omni,R-HSA-5654710,9,1.7339031339031339,5.190601380216891,17,895,1.3092230730195788e-05,0.000151518621499461,PI-3K cascade:FGFR3
Nomic Omni,R-HSA-418594,41,20.806837606837608,1.9705060795267828,204,895,1.462986893301493e-05,0.00016727404358350806,G alpha (i) signalling events
Nomic Omni,R-HSA-8863795,12,3.0598290598290596,3.921787709497207,30,895,1.7846810907497456e-05,0.00019925439472017747,Downregulation of ERBB2 signaling
Nomic Omni,R-HSA-5654687,12,3.0598290598290596,3.921787709497207,30,895,1.7846810907497456e-05,0.00019925439472017747,Downstream signaling of activated FGFR1
Nomic Omni,R-HSA-1250347,8,1.4279202279202279,5.602553870710295,14,895,1.9458547835968412e-05,0.00021472281274807003,SHC1 events in ERBB4 signaling
Nomic Omni,R-HSA-9660826,11,2.651851851851852,4.14804469273743,26,895,2.1341942936139185e-05,0.0002327988947861619,Purinergic signaling in leishmaniasis infection
Nomic Omni,R-HSA-9927432,10,2.2438746438746437,4.456576942610463,22,895,2.383594169612163e-05,0.00024857482054526845,Developmental Lineage of Mammary Gland Myoepithelial Cells
Nomic Omni,R-HSA-5654221,9,1.8358974358974358,4.902234636871508,18,895,2.3820956409718257e-05,0.00024857482054526845,Phospholipase C-mediated cascade; FGFR2
Nomic Omni,R-HSA-5654688,10,2.2438746438746437,4.456576942610463,22,895,2.383594169612163e-05,0.00024857482054526845,SHC-mediated cascade:FGFR1
Nomic Omni,R-HSA-5654695,10,2.2438746438746437,4.456576942610463,22,895,2.383594169612163e-05,0.00024857482054526845,PI-3K cascade:FGFR2
Nomic Omni,R-HSA-9818030,7,1.1219373219373219,6.239207719654647,11,895,2.5617836317215274e-05,0.0002532429860941385,
Nomic Omni,R-HSA-159854,7,1.1219373219373219,6.239207719654647,11,895,2.5617836317215274e-05,0.0002532429860941385,"Gamma-carboxylation, transport, and amino-terminal cleavage of proteins"
Nomic Omni,R-HSA-3371378,7,1.1219373219373219,6.239207719654647,11,895,2.5617836317215274e-05,0.0002532429860941385,
Nomic Omni,R-HSA-5218900,7,1.1219373219373219,6.239207719654647,11,895,2.5617836317215274e-05,0.0002532429860941385,
Nomic Omni,R-HSA-69416,7,1.1219373219373219,6.239207719654647,11,895,2.5617836317215274e-05,0.0002532429860941385,
Nomic Omni,R-HSA-3000171,20,7.547578347578348,2.6498565604710853,74,895,3.341209012072504e-05,0.0003268873559233821,Non-integrin membrane-ECM interactions
Nomic Omni,R-HSA-9820960,10,2.3458689458689457,4.262812727714356,23,895,3.833794383374853e-05,0.00035669322253164073,Respiratory syncytial virus (RSV) attachment and entry
Nomic Omni,R-HSA-190373,8,1.5299145299145298,5.229050279329609,15,895,3.797360588720497e-05,0.00035669322253164073,FGFR1c ligand binding and activation
Nomic Omni,R-HSA-180292,8,1.5299145299145298,5.229050279329609,15,895,3.797360588720497e-05,0.00035669322253164073,GAB1 signalosome
Nomic Omni,R-HSA-140534,8,1.5299145299145298,5.229050279329609,15,895,3.797360588720497e-05,0.00035669322253164073,
Nomic Omni,R-HSA-5654693,10,2.3458689458689457,4.262812727714356,23,895,3.833794383374853e-05,0.00035669322253164073,FRS-mediated FGFR1 signaling
Nomic Omni,R-HSA-3656237,7,1.223931623931624,5.7192737430167595,12,895,5.6066664013183835e-05,0.0005067358490334425,Defective EXT2 causes exostoses 2
Nomic Omni,R-HSA-3656253,7,1.223931623931624,5.7192737430167595,12,895,5.6066664013183835e-05,0.0005067358490334425,"Defective EXT1 causes exostoses 1, TRPS2 and CHDS"
Nomic Omni,R-HSA-1839122,7,1.223931623931624,5.7192737430167595,12,895,5.6066664013183835e-05,0.0005067358490334425,Signaling by activated point mutants of FGFR1
Nomic Omni,R-HSA-1227986,15,5.201709401709402,2.8836674334538284,51,895,0.0001122013410980231,0.0010045195537926785,Signaling by ERBB2
Nomic Omni,R-HSA-912526,10,2.651851851851852,3.770949720670391,26,895,0.0001338101819413718,0.0011867837631996433,
Nomic Omni,R-HSA-8939211,30,14.993162393162393,2.0009120966822485,147,895,0.00015114487715883886,0.0013281156335531305,ESR-mediated signaling
Nomic Omni,R-HSA-9028731,6,1.01994301994302,5.88268156424581,10,895,0.00016205997044517747,0.0013981355632043037,Activated NTRK2 signals through FRS2 and FRS3
Nomic Omni,R-HSA-2179392,6,1.01994301994302,5.88268156424581,10,895,0.00016205997044517747,0.0013981355632043037,EGFR Transactivation by Gastrin
Nomic Omni,R-HSA-3000170,10,2.753846153846154,3.631284916201117,27,895,0.0001932758171088968,0.0016524211751021897,Syndecan interactions
Nomic Omni,R-HSA-5621575,8,1.8358974358974358,4.357541899441341,18,895,0.00019518785571336937,0.00165386852742846,CD209 (DC-SIGN) signaling
Nomic Omni,R-HSA-9925561,14,4.895726495726496,2.8596368715083798,48,895,0.00020839068022349513,0.0017501128808150165,
Nomic Omni,R-HSA-5621480,9,2.3458689458689457,3.83653145494292,23,895,0.00024988315253935523,0.0020801676470162114,Dectin-2 family
Nomic Omni,R-HSA-177929,14,4.997720797720798,2.8012769353551477,49,895,0.0002647954309731321,0.0021851379477695857,Signaling by EGFR
Nomic Omni,R-HSA-2022090,16,6.221652421652422,2.5716640718014467,61,895,0.0002931336652588593,0.0023981366235401504,Assembly of collagen fibrils and other multimeric structures
Nomic Omni,R-HSA-8963901,6,1.1219373219373219,5.347892331132555,11,895,0.00032579053139873216,0.002620128934723702,Chylomicron remodeling
Nomic Omni,R-HSA-9942503,6,1.1219373219373219,5.347892331132555,11,895,0.00032579053139873216,0.002620128934723702,Differentiation of naive CD4+ T cells to T helper 1 cells (Th1 cells)
Nomic Omni,R-HSA-9665348,7,1.5299145299145298,4.5754189944134085,15,895,0.00034576298941208986,0.0027573872012779266,Signaling by ERBB2 ECD mutants
Nomic Omni,R-HSA-5654727,11,3.4678062678062678,3.1720341767992113,34,895,0.00036754241145585425,0.002906647903930047,Negative regulation of FGFR2 signaling
Nomic Omni,R-HSA-5654732,10,2.9578347578347577,3.380851473704489,29,895,0.00037964813428737886,0.0029775709044522524,Negative regulation of FGFR3 signaling
Nomic Omni,R-HSA-5655253,12,4.07977207977208,2.941340782122905,40,895,0.00044034133620572387,0.0034252780988461634,Signaling by FGFR2 in disease
Nomic Omni,R-HSA-512988,13,4.691737891737891,2.770828273014331,46,895,0.000490125245739668,0.003781535432576788,"Interleukin-3, Interleukin-5 and GM-CSF signaling"
Nomic Omni,R-HSA-201451,10,3.0598290598290596,3.2681564245810057,30,895,0.0005180530423751757,0.003933058697712334,
Nomic Omni,R-HSA-1251985,10,3.0598290598290596,3.2681564245810057,30,895,0.0005180530423751757,0.003933058697712334,Nuclear signaling by ERBB4
Nomic Omni,R-HSA-9614085,15,5.915669515669515,2.5356386052783666,58,895,0.0005299341598062572,0.003991329505207445,FOXO-mediated transcription
Nomic Omni,R-HSA-422085,7,1.631908831908832,4.289455307262569,16,895,0.0005608876239853427,0.00415845589970383,"Synthesis, secretion, and deacylation of Ghrelin"
Nomic Omni,R-HSA-2024101,7,1.631908831908832,4.289455307262569,16,895,0.0005608876239853427,0.00415845589970383,
Nomic Omni,R-HSA-9833110,20,9.179487179487179,2.1787709497206706,90,895,0.0005969842583326589,0.0043917679159511105,RSV-host interactions
Nomic Omni,R-HSA-5654689,8,2.141880341880342,3.735035913806864,21,895,0.0006869288362685204,0.005014580504760199,PI-3K cascade:FGFR1
Nomic Omni,R-HSA-210993,7,1.7339031339031339,4.03713440683536,17,895,0.0008701916082257487,0.0062091115504228234,Tie2 Signaling
Nomic Omni,R-HSA-881907,7,1.7339031339031339,4.03713440683536,17,895,0.0008701916082257487,0.0062091115504228234,Gastrin-CREB signalling pathway via PKC and MAPK
Nomic Omni,R-HSA-5654219,7,1.7339031339031339,4.03713440683536,17,895,0.0008701916082257487,0.0062091115504228234,Phospholipase C-mediated cascade: FGFR1
Nomic Omni,R-HSA-163560,8,2.2438746438746437,3.56526155408837,22,895,0.0009839712612156328,0.006916953532545448,
Nomic Omni,R-HSA-5686938,8,2.2438746438746437,3.56526155408837,22,895,0.0009839712612156328,0.006916953532545448,
Nomic Omni,R-HSA-879415,6,1.325925925925926,4.5251396648044695,13,895,0.0010109896727694728,0.0070031328427608,Advanced glycosylation endproduct receptor signaling
Nomic Omni,R-HSA-9027284,6,1.325925925925926,4.5251396648044695,13,895,0.0010109896727694728,0.0070031328427608,Erythropoietin activates RAS
Nomic Omni,R-HSA-977606,22,11.117378917378918,1.9788837066270308,109,895,0.0012886236092790253,0.008861621776853587,Regulation of Complement cascade
Nomic Omni,R-HSA-982772,8,2.3458689458689457,3.4102501821714846,23,895,0.0013754849191763134,0.009390900635239723,
Nomic Omni,R-HSA-1502540,6,1.4279202279202279,4.2019154030327215,14,895,0.0016176359695212203,0.01088749315656481,
Nomic Omni,R-HSA-5637810,6,1.4279202279202279,4.2019154030327215,14,895,0.0016176359695212203,0.01088749315656481,Constitutive Signaling by EGFRvIII
Nomic Omni,R-HSA-9970672,5,1.01994301994302,4.902234636871508,10,895,0.001774530045454062,0.011613993194040724,FXIIa activates plasma kallikrein-kinin system
Nomic Omni,R-HSA-8963888,5,1.01994301994302,4.902234636871508,10,895,0.001774530045454062,0.011613993194040724,Chylomicron assembly
Nomic Omni,R-HSA-8877330,5,1.01994301994302,4.902234636871508,10,895,0.001774530045454062,0.011613993194040724,RUNX1 and FOXP3 control the development of regulatory T lymphocytes (Tregs)
Nomic Omni,R-HSA-9769733,5,1.01994301994302,4.902234636871508,10,895,0.001774530045454062,0.011613993194040724,Fibrin formation
Nomic Omni,R-HSA-375165,14,6.017663817663817,2.326484234447496,59,895,0.0019853241700795014,0.012904607105516759,NCAM signaling for neurite out-growth
Nomic Omni,R-HSA-844456,6,1.5299145299145298,3.921787709497207,15,895,0.002465551289593973,0.015703410562581746,The NLRP3 inflammasome
Nomic Omni,R-HSA-9830674,6,1.5299145299145298,3.921787709497207,15,895,0.002465551289593973,0.015703410562581746,
Nomic Omni,R-HSA-445144,6,1.5299145299145298,3.921787709497207,15,895,0.002465551289593973,0.015703410562581746,Signal transduction by L1
Nomic Omni,R-HSA-2172127,10,3.6717948717948716,2.723463687150838,36,895,0.002489530452467911,0.015750429329280315,DAP12 interactions
Nomic Omni,R-HSA-933542,8,2.54985754985755,3.137430167597765,25,895,0.0025228911942790895,0.015751471995860897,TRAF6 mediated NF-kB activation
Nomic Omni,R-HSA-9927418,8,2.54985754985755,3.137430167597765,25,895,0.0025228911942790895,0.015751471995860897,Developmental Lineage of Mammary Gland Luminal Epithelial Cells
Nomic Omni,R-HSA-381340,16,7.547578347578348,2.1198852483768684,74,895,0.0027480861527143167,0.01704531868579011,Transcriptional regulation of white adipocyte differentiation
Nomic Omni,R-HSA-5682910,5,1.1219373219373219,4.456576942610463,11,895,0.0029818129738335038,0.017576028025888167,
Nomic Omni,R-HSA-264870,5,1.1219373219373219,4.456576942610463,11,895,0.0029818129738335038,0.017576028025888167,
Nomic Omni,R-HSA-5213460,9,3.161823361823362,2.846458821409263,31,895,0.00291697042733817,0.017576028025888167,RIPK1-mediated regulated necrosis
Nomic Omni,R-HSA-5675482,9,3.161823361823362,2.846458821409263,31,895,0.00291697042733817,0.017576028025888167,Regulation of necroptotic cell death
Nomic Omni,R-HSA-1059683,5,1.1219373219373219,4.456576942610463,11,895,0.0029818129738335038,0.017576028025888167,Interleukin-6 signaling
Nomic Omni,R-HSA-9634285,5,1.1219373219373219,4.456576942610463,11,895,0.0029818129738335038,0.017576028025888167,Constitutive Signaling by Overexpressed ERBB2
Nomic Omni,R-HSA-1839126,9,3.161823361823362,2.846458821409263,31,895,0.00291697042733817,0.017576028025888167,FGFR2 mutant receptor activation
Nomic Omni,R-HSA-8851805,5,1.1219373219373219,4.456576942610463,11,895,0.0029818129738335038,0.017576028025888167,MET activates RAS signaling
Nomic Omni,R-HSA-5655302,10,3.773789173789174,2.6498565604710853,37,895,0.0031058575807703017,0.018194190395993928,Signaling by FGFR1 in disease
Nomic Omni,R-HSA-186797,13,5.7116809116809115,2.2760375099760575,56,895,0.0034873616232503077,0.02030371889855547,Signaling by PDGF
Nomic Omni,R-HSA-3000480,6,1.631908831908832,3.6766759776536313,16,895,0.0036083494889591512,0.020880022347696554,Scavenging by Class A Receptors
Nomic Omni,R-HSA-168928,16,7.751566951566952,2.064098794472214,76,895,0.0036464085034777823,0.020972373756366153,DDX58/IFIH1-mediated induction of interferon-alpha/beta
Nomic Omni,R-HSA-5083635,9,3.263817663817664,2.7575069832402233,32,895,0.0036980680433987825,0.021141364898707497,Defective B3GALTL causes PpS
Nomic Omni,R-HSA-5173214,9,3.365811965811966,2.673946165566277,33,895,0.0046339914822471195,0.026315444060680065,O-glycosylation of TSR domain-containing proteins
Nomic Omni,R-HSA-111461,5,1.223931623931624,4.085195530726256,12,895,0.0046863119560115185,0.026315444060680065,
Nomic Omni,R-HSA-1475029,5,1.223931623931624,4.085195530726256,12,895,0.0046863119560115185,0.026315444060680065,Reversible hydration of carbon dioxide
Nomic Omni,R-HSA-5602498,6,1.7339031339031339,3.460400920144594,17,895,0.0051018901511773705,0.02831399855828845,
Nomic Omni,R-HSA-9937080,6,1.7339031339031339,3.460400920144594,17,895,0.0051018901511773705,0.02831399855828845,
Nomic Omni,R-HSA-166016,24,13.973219373219374,1.717571259633813,137,895,0.005655897343325905,0.031149981164050298,Toll Like Receptor 4 (TLR4) Cascade
Nomic Omni,R-HSA-9020591,10,4.07977207977208,2.451117318435754,40,895,0.005706772047739622,0.031149981164050298,Interleukin-12 signaling
Nomic Omni,R-HSA-5654726,9,3.4678062678062678,2.5953006901084454,34,895,0.005744200952274818,0.031149981164050298,Negative regulation of FGFR1 signaling
Nomic Omni,R-HSA-2129379,9,3.4678062678062678,2.5953006901084454,34,895,0.005744200952274818,0.031149981164050298,Molecules associated with elastic fibres
Nomic Omni,R-HSA-6803157,15,7.445584045584045,2.0146169740567843,73,895,0.006082691300975198,0.032798147980826496,Antimicrobial peptides
Nomic Omni,R-HSA-2424491,7,2.3458689458689457,2.983968909400049,23,895,0.006360202202171627,0.03410074514045692,DAP12 signaling
Nomic Omni,R-HSA-2022928,8,2.9578347578347577,2.704681178963591,29,895,0.006934479255110214,0.035539113694266745,HS-GAG biosynthesis
Nomic Omni,R-HSA-1358803,5,1.325925925925926,3.770949720670391,13,895,0.006983388383037794,0.035539113694266745,
Nomic Omni,R-HSA-75205,5,1.325925925925926,3.770949720670391,13,895,0.006983388383037794,0.035539113694266745,Dissolution of Fibrin Clot
Nomic Omni,R-HSA-5694530,8,2.9578347578347577,2.704681178963591,29,895,0.006934479255110214,0.035539113694266745,Cargo concentration in the ER
Nomic Omni,R-HSA-1566948,10,4.181766381766382,2.391333969205614,41,895,0.0068745031213754216,0.035539113694266745,Elastic fibre formation
Nomic Omni,R-HSA-5603041,6,1.8358974358974358,3.2681564245810057,18,895,0.007002965501399243,0.035539113694266745,
Nomic Omni,R-HSA-1236382,6,1.8358974358974358,3.2681564245810057,18,895,0.007002965501399243,0.035539113694266745,Constitutive Signaling by Ligand-Responsive EGFR Cancer Variants
Nomic Omni,R-HSA-391160,6,1.8358974358974358,3.2681564245810057,18,895,0.007002965501399243,0.035539113694266745,
Nomic Omni,R-HSA-1679131,5,1.325925925925926,3.770949720670391,13,895,0.006983388383037794,0.035539113694266745,
Nomic Omni,R-HSA-9670439,6,1.8358974358974358,3.2681564245810057,18,895,0.007002965501399243,0.035539113694266745,"Signaling by phosphorylated juxtamembrane, extracellular and kinase domain KIT mutants"
Nomic Omni,R-HSA-9981148,9,3.5698005698005697,2.521149241819633,35,895,0.007048855599957697,0.035581723214680075,
Nomic Omni,R-HSA-2122948,8,3.0598290598290596,2.6145251396648046,30,895,0.008629888336971304,0.0424340105273874,
Nomic Omni,R-HSA-76009,9,3.6717948717948716,2.451117318435754,36,895,0.008568630649120963,0.0424340105273874,Platelet Aggregation (Plug Formation)
Nomic Omni,R-HSA-419037,9,3.6717948717948716,2.451117318435754,36,895,0.008568630649120963,0.0424340105273874,NCAM1 interactions
Nomic Omni,R-HSA-182971,8,3.0598290598290596,2.6145251396648046,30,895,0.008629888336971304,0.0424340105273874,EGFR downregulation
Nomic Omni,R-HSA-1839124,8,3.0598290598290596,2.6145251396648046,30,895,0.008629888336971304,0.0424340105273874,FGFR1 mutant receptor activation
Nomic Omni,R-HSA-111471,6,1.937891737891738,3.096148191708321,19,895,0.00936800002674444,0.04559093346348961,
Nomic Omni,R-HSA-112409,6,1.937891737891738,3.096148191708321,19,895,0.00936800002674444,0.04559093346348961,RAF-independent MAPK1/3 activation
Nomic Omni,R-HSA-1433557,10,4.385754985754986,2.2801091334286085,43,895,0.009756887369225168,0.047241255680585126,Signaling by SCF-KIT
Nomic Omni,R-HSA-75892,5,1.4279202279202279,3.5015961691939346,14,895,0.009964361946102559,0.048000911100768165,Platelet Adhesion to exposed collagen
Nomic Omni,R-HSA-3000157,7,2.54985754985755,2.7452513966480447,25,895,0.010413983855756747,0.049662666729211824,
Nomic Omni,R-HSA-3371568,7,2.54985754985755,2.7452513966480447,25,895,0.010413983855756747,0.049662666729211824,
Nomic Omni,R-HSA-9920588,8,3.161823361823362,2.5301856190304557,31,895,0.010616990218582832,0.050126983668831386,
Nomic Omni,R-HSA-9674555,8,3.161823361823362,2.5301856190304557,31,895,0.010616990218582832,0.050126983668831386,Signaling by CSF3 (G-CSF)
Nomic Omni,R-HSA-9620244,6,2.03988603988604,2.941340782122905,20,895,0.012251808726141778,0.05699493373092425,
Nomic Omni,R-HSA-389513,6,2.03988603988604,2.941340782122905,20,895,0.012251808726141778,0.05699493373092425,Co-inhibition by CTLA4
Nomic Omni,R-HSA-1368108,6,2.03988603988604,2.941340782122905,20,895,0.012251808726141778,0.05699493373092425,
Nomic Omni,R-HSA-2691232,5,1.5299145299145298,3.2681564245810057,15,895,0.013713767274356846,0.06025169047854003,
Nomic Omni,R-HSA-111447,5,1.5299145299145298,3.2681564245810057,15,895,0.013713767274356846,0.06025169047854003,
Nomic Omni,R-HSA-9925563,10,4.589743589743589,2.1787709497206706,45,895,0.013479173236258347,0.06025169047854003,Developmental Lineage of Pancreatic Ductal Cells
Nomic Omni,R-HSA-111458,4,1.01994301994302,3.921787709497207,10,895,0.013650887921150809,0.06025169047854003,
Nomic Omni,R-HSA-9627069,4,1.01994301994302,3.921787709497207,10,895,0.013650887921150809,0.06025169047854003,
Nomic Omni,R-HSA-3000471,4,1.01994301994302,3.921787709497207,10,895,0.013650887921150809,0.06025169047854003,
Nomic Omni,R-HSA-5620971,7,2.651851851851852,2.6396648044692737,26,895,0.01302618471910567,0.06025169047854003,Pyroptosis
Nomic Omni,R-HSA-2022923,4,1.01994301994302,3.921787709497207,10,895,0.013650887921150809,0.06025169047854003,
Nomic Omni,R-HSA-9701898,4,1.01994301994302,3.921787709497207,10,895,0.013650887921150809,0.06025169047854003,
Nomic Omni,R-HSA-2892247,4,1.01994301994302,3.921787709497207,10,895,0.013650887921150809,0.06025169047854003,
Nomic Omni,R-HSA-190377,4,1.01994301994302,3.921787709497207,10,895,0.013650887921150809,0.06025169047854003,FGFR2b ligand binding and activation
Nomic Omni,R-HSA-5655291,4,1.01994301994302,3.921787709497207,10,895,0.013650887921150809,0.06025169047854003,Signaling by FGFR4 in disease
Nomic Omni,R-HSA-5218920,6,2.141880341880342,2.8012769353551477,21,895,0.01570645014696179,0.06837349169480156,
Nomic Omni,R-HSA-1266695,6,2.141880341880342,2.8012769353551477,21,895,0.01570645014696179,0.06837349169480156,
Nomic Omni,R-HSA-8864260,7,2.753846153846154,2.541899441340782,27,895,0.016077375058895577,0.06935194968587229,Transcriptional regulation by the AP-2 (TFAP2) family of transcription factors
Nomic Omni,R-HSA-8874081,7,2.753846153846154,2.541899441340782,27,895,0.016077375058895577,0.06935194968587229,
Nomic Omni,R-HSA-8856825,16,9.077492877492878,1.7626012177515535,89,895,0.017005659755256024,0.07302430365492293,Cargo recognition for clathrin-mediated endocytosis
Nomic Omni,R-HSA-9022699,5,1.631908831908832,3.0638966480446927,16,895,0.018307138994992173,0.07825889597408817,
Nomic Omni,R-HSA-9856649,11,5.507692307692308,1.9972067039106145,54,895,0.018622394219239786,0.07924956104958995,
Nomic Omni,R-HSA-201556,7,2.8558404558404558,2.451117318435754,28,895,0.019602118749481784,0.08292203347675176,
Nomic Omni,R-HSA-9020558,4,1.1219373219373219,3.56526155408837,11,895,0.019747502176760693,0.08292203347675176,
Nomic Omni,R-HSA-2586552,4,1.1219373219373219,3.56526155408837,11,895,0.019747502176760693,0.08292203347675176,Signaling by Leptin
Nomic Omni,R-HSA-389356,9,4.181766381766382,2.1522005722850523,41,895,0.02012881918640302,0.08415087844888311,Co-stimulation by CD28
Nomic Omni,R-HSA-3371571,8,3.5698005698005697,2.241021548284118,35,895,0.02202386566724846,0.09166951104481925,
Nomic Omni,R-HSA-9818564,12,6.425641025641026,1.8675179569034317,63,895,0.02374349749325752,0.09754363255888046,
Nomic Omni,R-HSA-9841922,12,6.425641025641026,1.8675179569034317,63,895,0.02374349749325752,0.09754363255888046,
Nomic Omni,R-HSA-9851695,12,6.425641025641026,1.8675179569034317,63,895,0.02374349749325752,0.09754363255888046,
Nomic Omni,R-HSA-416476,23,14.993162393162393,1.5340326074563904,147,895,0.024353589091202315,0.0994287223653273,G alpha (q) signalling events
Nomic Omni,R-HSA-9006335,6,2.3458689458689457,2.5576876366286134,23,895,0.02451667126816289,0.0994287223653273,Signaling by Erythropoietin
Nomic Omni,R-HSA-452723,6,2.3458689458689457,2.5576876366286134,23,895,0.02451667126816289,0.0994287223653273,
Nomic Omni,R-HSA-9607240,8,3.6717948717948716,2.1787709497206706,36,895,0.025868218529570615,0.10446357184920219,FLT3 Signaling
Nomic Omni,R-HSA-2022857,4,1.223931623931624,3.2681564245810053,12,895,0.027278097287135268,0.10741458226344966,Keratan sulfate degradation
Nomic Omni,R-HSA-9614399,4,1.223931623931624,3.2681564245810053,12,895,0.027278097287135268,0.10741458226344966,
Nomic Omni,R-HSA-9834899,4,1.223931623931624,3.2681564245810053,12,895,0.027278097287135268,0.10741458226344966,
Nomic Omni,R-HSA-5578768,4,1.223931623931624,3.2681564245810053,12,895,0.027278097287135268,0.10741458226344966,
Nomic Omni,R-HSA-6803211,4,1.223931623931624,3.2681564245810053,12,895,0.027278097287135268,0.10741458226344966,TP53 Regulates Transcription of Death Receptors and Ligands
Nomic Omni,R-HSA-3238698,4,1.223931623931624,3.2681564245810053,12,895,0.027278097287135268,0.10741458226344966,
Nomic Omni,R-HSA-168179,18,11.21937321937322,1.6043676993397664,110,895,0.028962262901027585,0.11357515493006272,Toll Like Receptor TLR1:TLR2 Cascade
Nomic Omni,R-HSA-194138,16,9.68945868945869,1.6512790355777713,95,895,0.029972314228443604,0.11657264837210236,Signaling by VEGF
Nomic Omni,R-HSA-389357,6,2.447863247863248,2.451117318435754,24,895,0.02995406905403619,0.11657264837210236,CD28 dependent PI3K/Akt signaling
Nomic Omni,R-HSA-1181150,5,1.8358974358974358,2.723463687150838,18,895,0.030273310825498004,0.11678606493251059,
Nomic Omni,R-HSA-8963889,5,1.8358974358974358,2.723463687150838,18,895,0.030273310825498004,0.11678606493251059,
Nomic Omni,R-HSA-9755779,4,1.325925925925926,3.016759776536313,13,895,0.0362979679111786,0.13561721081774997,
Nomic Omni,R-HSA-5083632,4,1.325925925925926,3.016759776536313,13,895,0.0362979679111786,0.13561721081774997,
Nomic Omni,R-HSA-933543,4,1.325925925925926,3.016759776536313,13,895,0.0362979679111786,0.13561721081774997,
Nomic Omni,R-HSA-75035,4,1.325925925925926,3.016759776536313,13,895,0.0362979679111786,0.13561721081774997,
Nomic Omni,R-HSA-399954,4,1.325925925925926,3.016759776536313,13,895,0.0362979679111786,0.13561721081774997,Sema3A PAK dependent Axon repulsion
Nomic Omni,R-HSA-5658623,4,1.325925925925926,3.016759776536313,13,895,0.0362979679111786,0.13561721081774997,
Nomic Omni,R-HSA-5083636,4,1.325925925925926,3.016759776536313,13,895,0.0362979679111786,0.13561721081774997,
Nomic Omni,R-HSA-5083625,4,1.325925925925926,3.016759776536313,13,895,0.0362979679111786,0.13561721081774997,
Nomic Omni,R-HSA-1566977,5,1.937891737891738,2.5801234930902677,19,895,0.037739493253624246,0.14045011410858593,
Nomic Omni,R-HSA-9833109,7,3.263817663817664,2.1447276536312847,32,895,0.03903983940406262,0.14472190466584153,
Nomic Omni,R-HSA-9725554,8,3.977777777777778,2.011173184357542,39,895,0.04014095218650207,0.1482247611867333,
Nomic Omni,R-HSA-9615017,6,2.651851851851852,2.2625698324022347,26,895,0.04305415354117744,0.15714766042529768,"FOXO-mediated transcription of oxidative stress, metabolic and neuronal genes"
Nomic Omni,R-HSA-354192,6,2.651851851851852,2.2625698324022347,26,895,0.04305415354117744,0.15714766042529768,
Nomic Omni,R-HSA-9705462,6,2.651851851851852,2.2625698324022347,26,895,0.04305415354117744,0.15714766042529768,
Nomic Omni,R-HSA-9759194,14,8.567521367521367,1.6340782122905029,84,895,0.04383017426687259,0.15936718536115743,Nuclear events mediated by NFE2L2
Nomic Omni,R-HSA-445989,8,4.07977207977208,1.9608938547486034,40,895,0.04587135644009541,0.16399634085627804,TAK1-dependent IKK and NF-kappa-B activation  
Nomic Omni,R-HSA-198323,4,1.4279202279202279,2.8012769353551477,14,895,0.04683141029720901,0.16399634085627804,
Nomic Omni,R-HSA-2173791,4,1.4279202279202279,2.8012769353551477,14,895,0.04683141029720901,0.16399634085627804,TGF-beta receptor signaling in EMT (epithelial to mesenchymal transition)
Nomic Omni,R-HSA-9818027,5,2.03988603988604,2.451117318435754,20,895,0.04623538809611841,0.16399634085627804,
Nomic Omni,R-HSA-3299685,7,3.365811965811966,2.079735906551549,33,895,0.045357060435962555,0.16399634085627804,
Nomic Omni,R-HSA-918233,4,1.4279202279202279,2.8012769353551477,14,895,0.04683141029720901,0.16399634085627804,
Nomic Omni,R-HSA-1170546,4,1.4279202279202279,2.8012769353551477,14,895,0.04683141029720901,0.16399634085627804,
Nomic Omni,R-HSA-8983432,4,1.4279202279202279,2.8012769353551477,14,895,0.04683141029720901,0.16399634085627804,
Nomic Omni,R-HSA-877312,4,1.4279202279202279,2.8012769353551477,14,895,0.04683141029720901,0.16399634085627804,
Nomic Omni,R-HSA-977068,5,2.03988603988604,2.451117318435754,20,895,0.04623538809611841,0.16399634085627804,
Nomic Omni,R-HSA-3371511,6,2.753846153846154,2.17877094972067,27,895,0.05076180453611513,0.17710644303225465,
Nomic Omni,R-HSA-373752,8,4.181766381766382,1.913067175364491,41,895,0.05211197153189961,0.18115113913469866,Netrin-1 signaling
Nomic Omni,R-HSA-9020702,15,9.587464387464388,1.5645429692143111,94,895,0.05261925048609765,0.18224696609965935,Interleukin-1 signaling
Nomic Omni,R-HSA-5173105,16,10.403418803418804,1.5379559645087084,102,895,0.05297689160516293,0.18281843684836224,O-linked glycosylation
Nomic Omni,R-HSA-9927426,5,2.141880341880342,2.3343974461292896,21,895,0.055775681205229855,0.19177942559334468,
Nomic Omni,R-HSA-3928665,9,4.997720797720798,1.8008208870140234,49,895,0.056994051446398665,0.19526120874596511,EPH-ephrin mediated repulsion of cells
Nomic Omni,R-HSA-9768919,4,1.5299145299145298,2.6145251396648046,15,895,0.058874189578246174,0.20013397055549997,NPAS4 regulates expression of target genes
Nomic Omni,R-HSA-9840310,6,2.8558404558404558,2.1009577015163607,28,895,0.05925990065974235,0.20013397055549997,
Nomic Omni,R-HSA-186763,6,2.8558404558404558,2.1009577015163607,28,895,0.05925990065974235,0.20013397055549997,Downstream signal transduction
Nomic Omni,R-HSA-9703648,4,1.5299145299145298,2.6145251396648046,15,895,0.058874189578246174,0.20013397055549997,Signaling by FLT3 ITD and TKD mutants
Nomic Omni,R-HSA-9755511,16,10.607407407407408,1.5083798882681565,104,895,0.06134704373661883,0.2064480301633024,KEAP1-NFE2L2 pathway
Nomic Omni,R-HSA-912694,5,2.2438746438746437,2.2282884713052313,22,895,0.06636258712528728,0.22253743880529195,
Nomic Omni,R-HSA-9656223,7,3.6717948717948716,1.9064245810055866,36,895,0.06806652981794924,0.22744766477899234,Signaling by RAF1 mutants
Nomic Omni,R-HSA-166058,16,10.811396011396011,1.4799198903763044,106,895,0.07057636005056599,0.2341851947132417,MyD88:MAL(TIRAP) cascade initiated on plasma membrane
Nomic Omni,R-HSA-168188,16,10.811396011396011,1.4799198903763044,106,895,0.07057636005056599,0.2341851947132417,Toll Like Receptor TLR6:TLR2 Cascade
Nomic Omni,R-HSA-373760,15,9.995441595441596,1.5006840725116861,98,895,0.07099336429725135,0.23474809309439557,L1CAM interactions
Nomic Omni,R-HSA-9013695,4,1.631908831908832,2.451117318435754,16,895,0.07239653977266415,0.23503771557619063,
Nomic Omni,R-HSA-1474151,3,1.01994301994302,2.941340782122905,10,895,0.07355764122879728,0.23503771557619063,
Nomic Omni,R-HSA-418889,3,1.01994301994302,2.941340782122905,10,895,0.07355764122879728,0.23503771557619063,
Nomic Omni,R-HSA-8875656,3,1.01994301994302,2.941340782122905,10,895,0.07355764122879728,0.23503771557619063,
Nomic Omni,R-HSA-8963693,3,1.01994301994302,2.941340782122905,10,895,0.07355764122879728,0.23503771557619063,
Nomic Omni,R-HSA-9034015,4,1.631908831908832,2.451117318435754,16,895,0.07239653977266415,0.23503771557619063,Signaling by NTRK3 (TRKC)
Nomic Omni,R-HSA-8951936,3,1.01994301994302,2.941340782122905,10,895,0.07355764122879728,0.23503771557619063,RUNX3 regulates p14-ARF
Nomic Omni,R-HSA-8939242,3,1.01994301994302,2.941340782122905,10,895,0.07355764122879728,0.23503771557619063,RUNX1 regulates transcription of genes involved in differentiation of keratinocytes
Nomic Omni,R-HSA-9617629,3,1.01994301994302,2.941340782122905,10,895,0.07355764122879728,0.23503771557619063,
Nomic Omni,R-HSA-9796292,3,1.01994301994302,2.941340782122905,10,895,0.07355764122879728,0.23503771557619063,
Nomic Omni,R-HSA-111465,7,3.773789173789174,1.8548995923297598,37,895,0.07691228865181815,0.24493208701535377,Apoptotic cleavage of cellular proteins
Nomic Omni,R-HSA-2979096,5,2.3458689458689457,2.131406363857178,23,895,0.07798645264115511,0.2475222192523619,
Nomic Omni,R-HSA-9913351,6,3.0598290598290596,1.9608938547486034,30,895,0.07864272755509867,0.24794667259065992,Formation of the dystrophin-glycoprotein complex (DGC)
Nomic Omni,R-HSA-9680350,6,3.0598290598290596,1.9608938547486034,30,895,0.07864272755509867,0.24794667259065992,Signaling by CSF1 (M-CSF) in myeloid cells
Nomic Omni,R-HSA-189483,4,1.7339031339031339,2.306933946763063,17,895,0.08734645169863828,0.27357023980860634,Heme degradation
Nomic Omni,R-HSA-1433559,4,1.7339031339031339,2.306933946763063,17,895,0.08734645169863828,0.27357023980860634,Regulation of KIT signaling
Nomic Omni,R-HSA-6802948,6,3.161823361823362,1.8976392142728418,31,895,0.08951853915551931,0.2794509659821968,Signaling by high-kinase activity BRAF mutants
Nomic Omni,R-HSA-9705671,17,12.035327635327635,1.4125082852002653,118,895,0.0900651568134089,0.2797354866706673,
Nomic Omni,R-HSA-9013507,5,2.447863247863248,2.042597765363128,24,895,0.09062655358513379,0.2797354866706673,NOTCH3 Activation and Transmission of Signal to the Nucleus
Nomic Omni,R-HSA-9013700,3,1.1219373219373219,2.6739461655662775,11,895,0.09373644337331107,0.2797354866706673,
Nomic Omni,R-HSA-193692,3,1.1219373219373219,2.6739461655662775,11,895,0.09373644337331107,0.2797354866706673,
Nomic Omni,R-HSA-5607763,3,1.1219373219373219,2.6739461655662775,11,895,0.09373644337331107,0.2797354866706673,
Nomic Omni,R-HSA-5210891,3,1.1219373219373219,2.6739461655662775,11,895,0.09373644337331107,0.2797354866706673,
Nomic Omni,R-HSA-9839383,3,1.1219373219373219,2.6739461655662775,11,895,0.09373644337331107,0.2797354866706673,
Nomic Omni,R-HSA-5357786,5,2.447863247863248,2.042597765363128,24,895,0.09062655358513379,0.2797354866706673,TNFR1-induced proapoptotic signaling
Nomic Omni,R-HSA-351906,3,1.1219373219373219,2.6739461655662775,11,895,0.09373644337331107,0.2797354866706673,
Nomic Omni,R-HSA-8875555,3,1.1219373219373219,2.6739461655662775,11,895,0.09373644337331107,0.2797354866706673,
Nomic Omni,R-HSA-428542,3,1.1219373219373219,2.6739461655662775,11,895,0.09373644337331107,0.2797354866706673,
Nomic Omni,R-HSA-9027276,3,1.1219373219373219,2.6739461655662775,11,895,0.09373644337331107,0.2797354866706673,
Nomic Omni,R-HSA-9673767,3,1.1219373219373219,2.6739461655662775,11,895,0.09373644337331107,0.2797354866706673,"Signaling by PDGFRA transmembrane, juxtamembrane and kinase domain mutants"
Nomic Omni,R-HSA-9673770,3,1.1219373219373219,2.6739461655662775,11,895,0.09373644337331107,0.2797354866706673,Signaling by PDGFRA extracellular domain mutants
Nomic Omni,R-HSA-8986944,9,5.507692307692308,1.6340782122905029,54,895,0.09411366719898555,0.2799807842377344,
Nomic Omni,R-HSA-9909649,7,3.977777777777778,1.759776536312849,39,895,0.09651573997860945,0.28622949137406367,
Nomic Omni,R-HSA-442982,4,1.8358974358974358,2.1787709497206706,18,895,0.10365306337667834,0.30454104379092184,Ras activation upon Ca2+ influx through NMDA receptor
Nomic Omni,R-HSA-9909505,4,1.8358974358974358,2.1787709497206706,18,895,0.10365306337667834,0.30454104379092184,
Nomic Omni,R-HSA-416700,4,1.8358974358974358,2.1787709497206706,18,895,0.10365306337667834,0.30454104379092184,
Nomic Omni,R-HSA-9634815,5,2.54985754985755,1.9608938547486032,25,895,0.10425203641278095,0.30535550171521336,Transcriptional Regulation by NPAS4
Nomic Omni,R-HSA-6802946,7,4.07977207977208,1.7157821229050279,40,895,0.10725848800193077,0.31127922053159723,Signaling by moderate kinase activity BRAF mutants
Nomic Omni,R-HSA-6802955,7,4.07977207977208,1.7157821229050279,40,895,0.10725848800193077,0.31127922053159723,Paradoxical activation of RAF signaling by kinase inactive BRAF
Nomic Omni,R-HSA-9649948,7,4.07977207977208,1.7157821229050279,40,895,0.10725848800193077,0.31127922053159723,Signaling downstream of RAS mutants
Nomic Omni,R-HSA-438064,11,7.343589743589743,1.4979050279329609,72,895,0.112029247294832,0.3241334014719377,Post NMDA receptor activation events
Nomic Omni,R-HSA-8950505,6,3.365811965811966,1.782630777044185,33,895,0.1135697830743787,0.3275918666795909,Gene and protein expression by JAK-STAT signaling after Interleukin-12 stimulation
Nomic Omni,R-HSA-1236977,3,1.223931623931624,2.451117318435754,12,895,0.11588922540203633,0.3292780685824326,
Nomic Omni,R-HSA-170968,3,1.223931623931624,2.451117318435754,12,895,0.11588922540203633,0.3292780685824326,
Nomic Omni,R-HSA-2032785,3,1.223931623931624,2.451117318435754,12,895,0.11588922540203633,0.3292780685824326,
Nomic Omni,R-HSA-9926550,3,1.223931623931624,2.451117318435754,12,895,0.11588922540203633,0.3292780685824326,
Nomic Omni,R-HSA-430116,3,1.223931623931624,2.451117318435754,12,895,0.11588922540203633,0.3292780685824326,
Nomic Omni,R-HSA-933541,5,2.651851851851852,1.8854748603351954,26,895,0.1188229609060198,0.33660593999944116,
Nomic Omni,R-HSA-2022870,4,1.937891737891738,2.064098794472214,19,895,0.1212300154094928,0.33837436654002545,
Nomic Omni,R-HSA-1606322,4,1.937891737891738,2.064098794472214,19,895,0.1212300154094928,0.33837436654002545,
Nomic Omni,R-HSA-9638630,4,1.937891737891738,2.064098794472214,19,895,0.1212300154094928,0.33837436654002545,
Nomic Omni,R-HSA-9931953,4,1.937891737891738,2.064098794472214,19,895,0.1212300154094928,0.33837436654002545,
Nomic Omni,R-HSA-167044,4,1.937891737891738,2.064098794472214,19,895,0.1212300154094928,0.33837436654002545,Signalling to RAS
Nomic Omni,R-HSA-5674135,6,3.4678062678062678,1.730200460072297,34,895,0.12670034761206586,0.35260595273856454,MAP2K and MAPK activation
Nomic Omni,R-HSA-877300,12,8.363532763532763,1.4348003815233683,82,895,0.127111327267742,0.3527153496406057,
Nomic Omni,R-HSA-448424,10,6.731623931623932,1.4855256475368208,66,895,0.13093819421827124,0.36227506213743266,
Nomic Omni,R-HSA-442742,5,2.753846153846154,1.8156424581005586,27,895,0.13429140553554356,0.3693986778354517,CREB1 phosphorylation through NMDA receptor-mediated activation of RAS signaling
Nomic Omni,R-HSA-5674400,5,2.753846153846154,1.8156424581005586,27,895,0.13429140553554356,0.3693986778354517,
Nomic Omni,R-HSA-5607764,12,8.465527065527066,1.4175136299387492,83,895,0.13564930092191016,0.37205545252859173,CLEC7A (Dectin-1) signaling
Nomic Omni,R-HSA-888590,3,1.325925925925926,2.2625698324022347,13,895,0.13976660264929358,0.37566797365706456,
Nomic Omni,R-HSA-5218921,4,2.03988603988604,1.9608938547486034,20,895,0.1399786722378365,0.37566797365706456,VEGFR2 mediated cell proliferation
Nomic Omni,R-HSA-203615,3,1.325925925925926,2.2625698324022347,13,895,0.13976660264929358,0.37566797365706456,
Nomic Omni,R-HSA-6804757,6,3.5698005698005697,1.6807661612130886,35,895,0.1405291155408408,0.37566797365706456,Regulation of TP53 Degradation
Nomic Omni,R-HSA-6806003,6,3.5698005698005697,1.6807661612130886,35,895,0.1405291155408408,0.37566797365706456,Regulation of TP53 Expression and Degradation
Nomic Omni,R-HSA-9856532,3,1.325925925925926,2.2625698324022347,13,895,0.13976660264929358,0.37566797365706456,
Nomic Omni,R-HSA-9938206,3,1.325925925925926,2.2625698324022347,13,895,0.13976660264929358,0.37566797365706456,Developmental Lineage of Mammary Stem Cells
Nomic Omni,R-HSA-354194,3,1.325925925925926,2.2625698324022347,13,895,0.13976660264929358,0.37566797365706456,
Nomic Omni,R-HSA-209560,3,1.325925925925926,2.2625698324022347,13,895,0.13976660264929358,0.37566797365706456,
Nomic Omni,R-HSA-9793380,8,5.201709401709402,1.5379559645087084,51,895,0.14347249336720727,0.3813876644411196,Formation of paraxial mesoderm
Nomic Omni,R-HSA-2559582,8,5.201709401709402,1.5379559645087084,51,895,0.14347249336720727,0.3813876644411196,Senescence-Associated Secretory Phenotype (SASP)
Nomic Omni,R-HSA-166166,14,10.301424501424501,1.3590353448752697,101,895,0.14548198796082634,0.3845749486763905,MyD88-independent TLR4 cascade 
Nomic Omni,R-HSA-937061,14,10.301424501424501,1.3590353448752697,101,895,0.14548198796082634,0.3845749486763905,TRIF (TICAM1)-mediated TLR4 signaling 
Nomic Omni,R-HSA-8856828,17,13.055270655270656,1.3021560754189945,128,895,0.15513216215505013,0.4089456163476183,Clathrin-mediated endocytosis
Nomic Omni,R-HSA-9692916,7,4.4877492877492875,1.5598019299136618,44,895,0.1561541102593569,0.4104993092413565,
Nomic Omni,R-HSA-9619665,4,2.141880341880342,1.867517956903432,21,895,0.15979114071609687,0.41889997939109375,
Nomic Omni,R-HSA-9958825,10,7.0376068376068375,1.420937575904785,69,895,0.16139833354477823,0.42194770946004007,Activation of STAT3 by cadherin engagement
Nomic Omni,R-HSA-5684264,3,1.4279202279202279,2.1009577015163607,14,895,0.16511256419986203,0.43047204237821174,
Nomic Omni,R-HSA-163841,8,5.405698005698006,1.4799198903763044,53,895,0.16777297224510684,0.4362097278372778,"Gamma carboxylation, hypusinylation, hydroxylation, and arylsulfatase activation"
Nomic Omni,R-HSA-75153,7,4.589743589743589,1.5251396648044693,45,895,0.16975108556910154,0.44014694045103103,Apoptotic execution phase
Nomic Omni,R-HSA-166663,12,8.873504273504274,1.3523405894817953,87,895,0.17278350528799377,0.4467889550907523,Initial triggering of complement
Nomic Omni,R-HSA-9707564,8,5.507692307692308,1.452513966480447,54,895,0.1805832861661712,0.46068155530025934,Cytoprotection by HMOX1
Nomic Omni,R-HSA-9958810,4,2.2438746438746437,1.782630777044185,22,895,0.1805530415140544,0.46068155530025934,
Nomic Omni,R-HSA-9008059,4,2.2438746438746437,1.782630777044185,22,895,0.1805530415140544,0.46068155530025934,
Nomic Omni,R-HSA-6807004,4,2.2438746438746437,1.782630777044185,22,895,0.1805530415140544,0.46068155530025934,
Nomic Omni,R-HSA-264876,4,2.2438746438746437,1.782630777044185,22,895,0.1805530415140544,0.46068155530025934,Insulin processing
Nomic Omni,R-HSA-168164,13,9.893447293447293,1.3140010366872084,97,895,0.18650779170330012,0.4745198239314526,Toll Like Receptor 3 (TLR3) Cascade
Nomic Omni,R-HSA-174437,3,1.5299145299145298,1.9608938547486034,15,895,0.19167215785526598,0.48376829203363675,
Nomic Omni,R-HSA-210745,3,1.5299145299145298,1.9608938547486034,15,895,0.19167215785526598,0.48376829203363675,Regulation of gene expression in beta cells
Nomic Omni,R-HSA-9943962,3,1.5299145299145298,1.9608938547486034,15,895,0.19167215785526598,0.48376829203363675,
Nomic Omni,R-HSA-4420097,12,9.077492877492878,1.321950913313665,89,895,0.193036826297073,0.4859202868857355,VEGFA-VEGFR2 Pathway
Nomic Omni,R-HSA-442755,11,8.261538461538462,1.3314711359404094,81,895,0.19980836613311928,0.5016352895775931,Activation of NMDA receptors and postsynaptic events
Nomic Omni,R-HSA-9707616,6,3.977777777777778,1.5083798882681565,39,895,0.2020822717353405,0.5048330558035237,
Nomic Omni,R-HSA-1538133,4,2.3458689458689457,1.7051250910857423,23,895,0.20214600759255952,0.5048330558035237,
Nomic Omni,R-HSA-418990,22,18.25698005698006,1.2050185699572422,179,895,0.20591250524144078,0.512889678409783,Adherens junctions interactions
Nomic Omni,R-HSA-9825892,3,1.631908831908832,1.8383379888268156,16,895,0.21919730048971262,0.5431285591768596,
Nomic Omni,R-HSA-1810476,3,1.631908831908832,1.8383379888268156,16,895,0.21919730048971262,0.5431285591768596,
Nomic Omni,R-HSA-9725371,5,3.263817663817664,1.5319483240223464,32,895,0.2230027781467958,0.5511188449513261,
Nomic Omni,R-HSA-110373,4,2.447863247863248,1.6340782122905027,24,895,0.22444989839404467,0.5532544248725932,
Nomic Omni,R-HSA-5633008,6,4.181766381766382,1.4348003815233683,41,895,0.23599365743978862,0.5802020230838327,TP53 Regulates Transcription of Cell Death Genes
Nomic Omni,R-HSA-168638,5,3.365811965811966,1.4855256475368208,33,895,0.24254438440972745,0.594766462027988,NOD1/2 Signaling Pathway
Nomic Omni,R-HSA-199220,3,1.7339031339031339,1.730200460072297,17,895,0.24745105380208568,0.5960178935486785,
Nomic Omni,R-HSA-5683826,4,2.54985754985755,1.5687150837988826,25,895,0.24734472924761877,0.5960178935486785,
Nomic Omni,R-HSA-174414,3,1.7339031339031339,1.730200460072297,17,895,0.24745105380208568,0.5960178935486785,
Nomic Omni,R-HSA-438066,3,1.7339031339031339,1.730200460072297,17,895,0.24745105380208568,0.5960178935486785,
Nomic Omni,R-HSA-9735871,3,1.7339031339031339,1.730200460072297,17,895,0.24745105380208568,0.5960178935486785,
Nomic Omni,R-HSA-1362277,3,1.7339031339031339,1.730200460072297,17,895,0.24745105380208568,0.5960178935486785,
Nomic Omni,R-HSA-9703465,3,1.7339031339031339,1.730200460072297,17,895,0.24745105380208568,0.5960178935486785,Signaling by FLT3 fusion proteins
Nomic Omni,R-HSA-2173789,6,4.283760683760684,1.4006384676775738,42,895,0.25356593570784164,0.6092001847765612,TGF-beta receptor signaling activates SMADs
Nomic Omni,R-HSA-2644606,7,5.201709401709402,1.34571146894512,51,895,0.2606116579653361,0.6229734594687757,
Nomic Omni,R-HSA-2894862,7,5.201709401709402,1.34571146894512,51,895,0.2606116579653361,0.6229734594687757,
Nomic Omni,R-HSA-909733,9,7.0376068376068375,1.2788438183143065,69,895,0.2681533278094917,0.6286944842511291,
Nomic Omni,R-HSA-8878171,18,15.2991452991453,1.176536312849162,150,895,0.2672291392132512,0.6286944842511291,Transcriptional regulation by RUNX1
Nomic Omni,R-HSA-9679191,17,14.381196581196582,1.1820991322952572,141,895,0.2684120642796763,0.6286944842511291,Potential therapeutics for SARS
Nomic Omni,R-HSA-9762292,2,1.01994301994302,1.9608938547486034,10,895,0.271617216589002,0.6286944842511291,
Nomic Omni,R-HSA-198693,2,1.01994301994302,1.9608938547486034,10,895,0.271617216589002,0.6286944842511291,
Nomic Omni,R-HSA-110357,2,1.01994301994302,1.9608938547486034,10,895,0.271617216589002,0.6286944842511291,
Nomic Omni,R-HSA-6804116,2,1.01994301994302,1.9608938547486034,10,895,0.271617216589002,0.6286944842511291,TP53 Regulates Transcription of Genes Involved in G1 Cell Cycle Arrest
Nomic Omni,R-HSA-1462054,2,1.01994301994302,1.9608938547486034,10,895,0.271617216589002,0.6286944842511291,Alpha-defensins
Nomic Omni,R-HSA-9702518,2,1.01994301994302,1.9608938547486034,10,895,0.271617216589002,0.6286944842511291,
Nomic Omni,R-HSA-196807,4,2.651851851851852,1.5083798882681565,26,895,0.270712323491546,0.6286944842511291,
Nomic Omni,R-HSA-210744,2,1.01994301994302,1.9608938547486034,10,895,0.271617216589002,0.6286944842511291,
Nomic Omni,R-HSA-8941856,2,1.01994301994302,1.9608938547486034,10,895,0.271617216589002,0.6286944842511291,
Nomic Omni,R-HSA-210990,2,1.01994301994302,1.9608938547486034,10,895,0.271617216589002,0.6286944842511291,PECAM1 interactions
Nomic Omni,R-HSA-8964038,3,1.8358974358974358,1.6340782122905029,18,895,0.2762106518871673,0.6316238762431851,
Nomic Omni,R-HSA-9841251,3,1.8358974358974358,1.6340782122905029,18,895,0.2762106518871673,0.6316238762431851,
Nomic Omni,R-HSA-2028269,3,1.8358974358974358,1.6340782122905029,18,895,0.2762106518871673,0.6316238762431851,
Nomic Omni,R-HSA-8862803,3,1.8358974358974358,1.6340782122905029,18,895,0.2762106518871673,0.6316238762431851,Deregulated CDK5 triggers multiple neurodegenerative pathways in Alzheimer's disease models
Nomic Omni,R-HSA-2243919,3,1.8358974358974358,1.6340782122905029,18,895,0.2762106518871673,0.6316238762431851,
Nomic Omni,R-HSA-373080,9,7.241595441595441,1.2428200487843262,71,895,0.29664867983050547,0.6767298008633407,
Nomic Omni,R-HSA-8853659,5,3.6717948717948716,1.361731843575419,36,895,0.303466190317091,0.6906220973882957,
Nomic Omni,R-HSA-9609523,3,1.937891737891738,1.5480740958541606,19,895,0.3052695212267311,0.6914099657378707,Insertion of tail-anchored proteins into the endoplasmic reticulum membrane
Nomic Omni,R-HSA-9013508,3,1.937891737891738,1.5480740958541606,19,895,0.3052695212267311,0.6914099657378707,
Nomic Omni,R-HSA-9690406,2,1.1219373219373219,1.782630777044185,11,895,0.3111462773036,0.6950385023917586,
Nomic Omni,R-HSA-204005,8,6.425641025641026,1.2450119712689545,63,895,0.311265925728659,0.6950385023917586,COPII-mediated vesicle transport
Nomic Omni,R-HSA-9764790,2,1.1219373219373219,1.782630777044185,11,895,0.3111462773036,0.6950385023917586,
Nomic Omni,R-HSA-8851680,2,1.1219373219373219,1.782630777044185,11,895,0.3111462773036,0.6950385023917586,
Nomic Omni,R-HSA-446107,2,1.1219373219373219,1.782630777044185,11,895,0.3111462773036,0.6950385023917586,
Nomic Omni,R-HSA-73614,2,1.1219373219373219,1.782630777044185,11,895,0.3111462773036,0.6950385023917586,
Nomic Omni,R-HSA-9860927,4,2.8558404558404558,1.4006384676775738,28,895,0.3184102169073221,0.7076611143912146,"Turbulent (oscillatory, disturbed) flow shear stress activates signaling by PIEZO1 and integrins in endothelial cells"
Nomic Omni,R-HSA-2173795,4,2.8558404558404558,1.4006384676775738,28,895,0.3184102169073221,0.7076611143912146,
Nomic Omni,R-HSA-73933,5,3.773789173789174,1.3249282802355427,37,895,0.3242984747040882,0.7190636740518217,
Nomic Omni,R-HSA-8940973,3,2.03988603988604,1.4706703910614525,20,895,0.33443849457771246,0.7346808596163175,RUNX2 regulates osteoblast differentiation
Nomic Omni,R-HSA-5651801,3,2.03988603988604,1.4706703910614525,20,895,0.33443849457771246,0.7346808596163175,
Nomic Omni,R-HSA-912631,3,2.03988603988604,1.4706703910614525,20,895,0.33443849457771246,0.7346808596163175,Regulation of signaling by CBL
Nomic Omni,R-HSA-202430,3,2.03988603988604,1.4706703910614525,20,895,0.33443849457771246,0.7346808596163175,Translocation of ZAP-70 to Immunological synapse
Nomic Omni,R-HSA-9018519,10,8.465527065527066,1.181261358282291,83,895,0.3381813389925974,0.741187276452598,Estrogen-dependent gene expression
Nomic Omni,R-HSA-2022854,4,2.9578347578347577,1.3523405894817955,29,895,0.34252448000582303,0.7472545552310944,Keratan sulfate biosynthesis
Nomic Omni,R-HSA-3928663,4,2.9578347578347577,1.3523405894817955,29,895,0.34252448000582303,0.7472545552310944,EPHA-mediated growth cone collapse
Nomic Omni,R-HSA-75893,7,5.7116809116809115,1.225558659217877,56,895,0.34458246598009196,0.7485081207478222,TNF signaling
Nomic Omni,R-HSA-975138,11,9.485470085470086,1.1596684087222924,93,895,0.34881623527593664,0.7485081207478222,TRAF6 mediated induction of NFkB and MAP kinases upon TLR7/8 or 9 activation
Nomic Omni,R-HSA-975155,11,9.485470085470086,1.1596684087222924,93,895,0.34881623527593664,0.7485081207478222,MyD88 dependent cascade initiated on endosome
Nomic Omni,R-HSA-6804759,2,1.223931623931624,1.6340782122905027,12,895,0.35019768768391263,0.7485081207478222,Regulation of TP53 Activity through Association with Co-factors
Nomic Omni,R-HSA-9700645,2,1.223931623931624,1.6340782122905027,12,895,0.35019768768391263,0.7485081207478222,
Nomic Omni,R-HSA-5635838,2,1.223931623931624,1.6340782122905027,12,895,0.35019768768391263,0.7485081207478222,
Nomic Omni,R-HSA-9754189,2,1.223931623931624,1.6340782122905027,12,895,0.35019768768391263,0.7485081207478222,
Nomic Omni,R-HSA-3270619,2,1.223931623931624,1.6340782122905027,12,895,0.35019768768391263,0.7485081207478222,
Nomic Omni,R-HSA-171007,2,1.223931623931624,1.6340782122905027,12,895,0.35019768768391263,0.7485081207478222,p38MAPK events
Nomic Omni,R-HSA-9692914,10,8.567521367521367,1.1671987230646448,84,895,0.3522108542304683,0.7511193273364368,
Nomic Omni,R-HSA-6802952,7,5.8136752136752134,1.2040576301087915,57,895,0.36183036856805256,0.7683864613734847,Signaling by BRAF and RAF1 fusions
Nomic Omni,R-HSA-210991,3,2.141880341880342,1.4006384676775738,21,895,0.3635463868879817,0.7683864613734847,
Nomic Omni,R-HSA-937041,3,2.141880341880342,1.4006384676775738,21,895,0.3635463868879817,0.7683864613734847,IKK complex recruitment mediated by RIP1
Nomic Omni,R-HSA-9844594,3,2.141880341880342,1.4006384676775738,21,895,0.3635463868879817,0.7683864613734847,
Nomic Omni,R-HSA-5357905,6,4.895726495726496,1.225558659217877,48,895,0.36446145263831764,0.7686087078972521,Regulation of TNFR1 signaling
Nomic Omni,R-HSA-114604,4,3.0598290598290596,1.3072625698324023,30,895,0.3666810551545644,0.7715749918884293,GPVI-mediated activation cascade
Nomic Omni,R-HSA-168181,11,9.791452991452992,1.1234287709497206,96,895,0.38909977038699245,0.8026414424066213,Toll Like Receptor 7/8 (TLR7/8) Cascade
Nomic Omni,R-HSA-372708,2,1.325925925925926,1.5083798882681565,13,895,0.3884578849629345,0.8026414424066213,
Nomic Omni,R-HSA-9613829,3,2.2438746438746437,1.3369730827831388,22,895,0.39244007299965467,0.8026414424066213,
Nomic Omni,R-HSA-381042,4,3.161823361823362,1.2650928095152278,31,895,0.39078698758810865,0.8026414424066213,PERK regulates gene expression
Nomic Omni,R-HSA-162594,2,1.325925925925926,1.5083798882681565,13,895,0.3884578849629345,0.8026414424066213,Early Phase of HIV Life Cycle
Nomic Omni,R-HSA-9614657,2,1.325925925925926,1.5083798882681565,13,895,0.3884578849629345,0.8026414424066213,
Nomic Omni,R-HSA-5357956,4,3.161823361823362,1.2650928095152278,31,895,0.39078698758810865,0.8026414424066213,TNFR1-induced NF-kappa-B signaling pathway
Nomic Omni,R-HSA-1362300,2,1.325925925925926,1.5083798882681565,13,895,0.3884578849629345,0.8026414424066213,
Nomic Omni,R-HSA-69205,3,2.2438746438746437,1.3369730827831388,22,895,0.39244007299965467,0.8026414424066213,
Nomic Omni,R-HSA-264642,2,1.325925925925926,1.5083798882681565,13,895,0.3884578849629345,0.8026414424066213,
Nomic Omni,R-HSA-209543,2,1.325925925925926,1.5083798882681565,13,895,0.3884578849629345,0.8026414424066213,
Nomic Omni,R-HSA-5358565,2,1.325925925925926,1.5083798882681565,13,895,0.3884578849629345,0.8026414424066213,
Nomic Omni,R-HSA-5358606,2,1.325925925925926,1.5083798882681565,13,895,0.3884578849629345,0.8026414424066213,
Nomic Omni,R-HSA-2682334,10,8.873504273504274,1.1269504912348294,87,895,0.39472174859955744,0.8038432176415881,EPH-Ephrin signaling
Nomic Omni,R-HSA-9725370,10,8.873504273504274,1.1269504912348294,87,895,0.39472174859955744,0.8038432176415881,Signaling by ALK fusions and activated point mutants
Nomic Omni,R-HSA-9856530,7,6.017663817663817,1.163242117223748,59,895,0.3964879282507715,0.8057110147965357,High laminar flow shear stress activates signaling by PIEZO1 and PECAM1:CDH5:KDR in endothelial cells
Nomic Omni,R-HSA-8878159,9,7.955555555555556,1.1312849162011174,78,895,0.40067359003600306,0.8107446416719977,Transcriptional regulation by RUNX3
Nomic Omni,R-HSA-163125,9,7.955555555555556,1.1312849162011174,78,895,0.40067359003600306,0.8107446416719977,
Nomic Omni,R-HSA-913709,6,5.0997150997151,1.176536312849162,50,895,0.4023288872058702,0.8123619445922783,
Nomic Omni,R-HSA-9976102,8,7.0376068376068375,1.1367500607238281,69,895,0.4070155174771968,0.820080097846836,
Nomic Omni,R-HSA-9764560,5,4.181766381766382,1.195666984602807,41,895,0.4084389140613356,0.8212045115343379,
Nomic Omni,R-HSA-1650814,7,6.119658119658119,1.1438547486033521,60,895,0.4138283438537941,0.8302813917912274,
Nomic Omni,R-HSA-110328,2,1.4279202279202279,1.4006384676775738,14,895,0.4256821050901131,0.8346535490299946,
Nomic Omni,R-HSA-110329,2,1.4279202279202279,1.4006384676775738,14,895,0.4256821050901131,0.8346535490299946,
Nomic Omni,R-HSA-9824594,2,1.4279202279202279,1.4006384676775738,14,895,0.4256821050901131,0.8346535490299946,
Nomic Omni,R-HSA-2162123,2,1.4279202279202279,1.4006384676775738,14,895,0.4256821050901131,0.8346535490299946,
Nomic Omni,R-HSA-8849471,2,1.4279202279202279,1.4006384676775738,14,895,0.4256821050901131,0.8346535490299946,"PTK6 Regulates RHO GTPases, RAS GTPase and MAP kinases"
Nomic Omni,R-HSA-9830364,2,1.4279202279202279,1.4006384676775738,14,895,0.4256821050901131,0.8346535490299946,
Nomic Omni,R-HSA-399956,2,1.4279202279202279,1.4006384676775738,14,895,0.4256821050901131,0.8346535490299946,CRMPs in Sema3A signaling
Nomic Omni,R-HSA-5668599,3,2.3458689458689457,1.2788438183143067,23,895,0.42098418281071875,0.8346535490299946,
Nomic Omni,R-HSA-3134975,2,1.4279202279202279,1.4006384676775738,14,895,0.4256821050901131,0.8346535490299946,
Nomic Omni,R-HSA-69166,2,1.4279202279202279,1.4006384676775738,14,895,0.4256821050901131,0.8346535490299946,
Nomic Omni,R-HSA-399955,2,1.4279202279202279,1.4006384676775738,14,895,0.4256821050901131,0.8346535490299946,SEMA3A-Plexin repulsion signaling by inhibiting Integrin adhesion
Nomic Omni,R-HSA-168138,11,10.097435897435897,1.0893854748603353,99,895,0.429697863339975,0.8407902521848171,Toll Like Receptor 9 (TLR9) Cascade
Nomic Omni,R-HSA-168142,10,9.179487179487179,1.0893854748603353,90,895,0.4374608603550346,0.8492765792361103,Toll Like Receptor 10 (TLR10) Cascade
Nomic Omni,R-HSA-168176,10,9.179487179487179,1.0893854748603353,90,895,0.4374608603550346,0.8492765792361103,Toll Like Receptor 5 (TLR5) Cascade
Nomic Omni,R-HSA-975871,10,9.179487179487179,1.0893854748603353,90,895,0.4374608603550346,0.8492765792361103,MyD88 cascade initiated on plasma membrane
Nomic Omni,R-HSA-5673000,4,3.365811965811966,1.1884205180294565,33,895,0.4385095087731234,0.8492765792361103,RAF activation
Nomic Omni,R-HSA-2173796,4,3.365811965811966,1.1884205180294565,33,895,0.4385095087731234,0.8492765792361103,
Nomic Omni,R-HSA-1989781,11,10.1994301994302,1.0784916201117318,100,895,0.4432250951116264,0.8566611308776648,
Nomic Omni,R-HSA-975576,3,2.447863247863248,1.225558659217877,24,895,0.4490605091559579,0.8626688728522349,
Nomic Omni,R-HSA-2173788,3,2.447863247863248,1.225558659217877,24,895,0.4490605091559579,0.8626688728522349,Downregulation of TGF-beta receptor signaling
Nomic Omni,R-HSA-350054,3,2.447863247863248,1.225558659217877,24,895,0.4490605091559579,0.8626688728522349,
Nomic Omni,R-HSA-9706369,2,1.5299145299145298,1.3072625698324023,15,895,0.4616836354339357,0.8681472872660849,
Nomic Omni,R-HSA-3769402,4,3.4678062678062678,1.1534669733815315,34,895,0.461975110715883,0.8681472872660849,
Nomic Omni,R-HSA-975577,2,1.5299145299145298,1.3072625698324023,15,895,0.4616836354339357,0.8681472872660849,
Nomic Omni,R-HSA-8875360,2,1.5299145299145298,1.3072625698324023,15,895,0.4616836354339357,0.8681472872660849,
Nomic Omni,R-HSA-2160916,2,1.5299145299145298,1.3072625698324023,15,895,0.4616836354339357,0.8681472872660849,
Nomic Omni,R-HSA-1834941,2,1.5299145299145298,1.3072625698324023,15,895,0.4616836354339357,0.8681472872660849,
Nomic Omni,R-HSA-381771,2,1.5299145299145298,1.3072625698324023,15,895,0.4616836354339357,0.8681472872660849,"Synthesis, secretion, and inactivation of Glucagon-like Peptide-1 (GLP-1)"
Nomic Omni,R-HSA-69183,2,1.5299145299145298,1.3072625698324023,15,895,0.4616836354339357,0.8681472872660849,
Nomic Omni,R-HSA-110312,2,1.5299145299145298,1.3072625698324023,15,895,0.4616836354339357,0.8681472872660849,
Nomic Omni,R-HSA-181430,2,1.5299145299145298,1.3072625698324023,15,895,0.4616836354339357,0.8681472872660849,
Nomic Omni,R-HSA-181429,2,1.5299145299145298,1.3072625698324023,15,895,0.4616836354339357,0.8681472872660849,
Nomic Omni,R-HSA-400206,11,10.403418803418804,1.057344725599737,102,895,0.4701788773076141,0.881817696768628,
Nomic Omni,R-HSA-3371497,6,5.507692307692308,1.089385474860335,54,895,0.4772721570566903,0.8915970020606281,
Nomic Omni,R-HSA-380994,3,2.54985754985755,1.176536312849162,25,895,0.476567206416186,0.8915970020606281,ATF4 activates genes in response to endoplasmic reticulum  stress
Nomic Omni,R-HSA-2426168,4,3.5698005698005697,1.120510774142059,35,895,0.4850881713700579,0.9026444600591862,
Nomic Omni,R-HSA-8853884,4,3.5698005698005697,1.120510774142059,35,895,0.4850881713700579,0.9026444600591862,Transcriptional Regulation by VENTX
Nomic Omni,R-HSA-2142845,2,1.631908831908832,1.225558659217877,16,895,0.49632454042596785,0.9092895537919758,
Nomic Omni,R-HSA-205043,2,1.631908831908832,1.225558659217877,16,895,0.49632454042596785,0.9092895537919758,
Nomic Omni,R-HSA-3928664,2,1.631908831908832,1.225558659217877,16,895,0.49632454042596785,0.9092895537919758,Ephrin signaling
Nomic Omni,R-HSA-1295596,2,1.631908831908832,1.225558659217877,16,895,0.49632454042596785,0.9092895537919758,
Nomic Omni,R-HSA-9931295,2,1.631908831908832,1.225558659217877,16,895,0.49632454042596785,0.9092895537919758,
Nomic Omni,R-HSA-5655862,2,1.631908831908832,1.225558659217877,16,895,0.49632454042596785,0.9092895537919758,
Nomic Omni,R-HSA-5656121,2,1.631908831908832,1.225558659217877,16,895,0.49632454042596785,0.9092895537919758,
Nomic Omni,R-HSA-392517,2,1.631908831908832,1.225558659217877,16,895,0.49632454042596785,0.9092895537919758,
Nomic Omni,R-HSA-9616222,3,2.651851851851852,1.1312849162011174,26,895,0.5034178433193996,0.9205077713104244,Transcriptional regulation of granulopoiesis
Nomic Omni,R-HSA-9749641,4,3.6717948717948716,1.0893854748603353,36,895,0.5077909190016793,0.9267184271780647,Aspirin ADME
Nomic Omni,R-HSA-2151201,5,4.691737891737891,1.065703181928589,46,895,0.5110634023872107,0.9291171817346033,
Nomic Omni,R-HSA-165159,5,4.691737891737891,1.065703181928589,46,895,0.5110634023872107,0.9291171817346033,
Nomic Omni,R-HSA-199992,7,6.731623931623932,1.0398679532757744,66,895,0.5160525806346534,0.9363936883791321,trans-Golgi Network Vesicle Budding
Nomic Omni,R-HSA-3371453,8,7.751566951566952,1.032049397236107,76,895,0.5181044520932245,0.9366867292437916,
Nomic Omni,R-HSA-8941326,3,2.753846153846154,1.089385474860335,27,895,0.5295403611684035,0.9366867292437916,RUNX2 regulates bone development
Nomic Omni,R-HSA-1912408,3,2.753846153846154,1.089385474860335,27,895,0.5295403611684035,0.9366867292437916,Pre-NOTCH Transcription and Translation
Nomic Omni,R-HSA-450604,2,1.7339031339031339,1.1534669733815315,17,895,0.5295076719758185,0.9366867292437916,
Nomic Omni,R-HSA-6804758,3,2.753846153846154,1.089385474860335,27,895,0.5295403611684035,0.9366867292437916,Regulation of TP53 Activity through Acetylation
Nomic Omni,R-HSA-9696270,4,3.773789173789174,1.0599426241884342,37,895,0.5300324274013868,0.9366867292437916,
Nomic Omni,R-HSA-432142,2,1.7339031339031339,1.1534669733815315,17,895,0.5295076719758185,0.9366867292437916,
Nomic Omni,R-HSA-4090294,3,2.753846153846154,1.089385474860335,27,895,0.5295403611684035,0.9366867292437916,
Nomic Omni,R-HSA-5675221,4,3.773789173789174,1.0599426241884342,37,895,0.5300324274013868,0.9366867292437916,Negative regulation of MAPK pathway
Nomic Omni,R-HSA-456926,3,2.753846153846154,1.089385474860335,27,895,0.5295403611684035,0.9366867292437916,Thrombin signalling through proteinase activated receptors (PARs)
Nomic Omni,R-HSA-168927,2,1.7339031339031339,1.1534669733815315,17,895,0.5295076719758185,0.9366867292437916,"TICAM1, RIP1-mediated IKK complex recruitment"
Nomic Omni,R-HSA-9758274,2,1.7339031339031339,1.1534669733815315,17,895,0.5295076719758185,0.9366867292437916,Regulation of NF-kappa B signaling
Nomic Omni,R-HSA-936964,2,1.7339031339031339,1.1534669733815315,17,895,0.5295076719758185,0.9366867292437916,
Nomic Omni,R-HSA-8851708,2,1.7339031339031339,1.1534669733815315,17,895,0.5295076719758185,0.9366867292437916,Signaling by FGFR2 IIIa TM
Nomic Omni,R-HSA-201681,14,13.973219373219374,1.0019165681197242,137,895,0.5390823354190504,0.9509091753023771,TCF dependent signaling in response to WNT
Nomic Omni,R-HSA-6805567,8,7.955555555555556,1.005586592178771,78,895,0.5486445174567569,0.9641919390119672,
Nomic Omni,R-HSA-6809371,8,7.955555555555556,1.005586592178771,78,895,0.5486445174567569,0.9641919390119672,
Nomic Omni,R-HSA-917937,5,4.895726495726496,1.021298882681564,48,895,0.5501015701805851,0.9649656009267565,
Nomic Omni,R-HSA-9696264,4,3.875783475783476,1.032049397236107,38,895,0.5517683789156076,0.9661036745219771,
Nomic Omni,R-HSA-201722,3,2.8558404558404558,1.0504788507581804,28,895,0.5548759784797335,0.9679729845170351,
Nomic Omni,R-HSA-1222556,3,2.8558404558404558,1.0504788507581804,28,895,0.5548759784797335,0.9679729845170351,
Nomic Omni,R-HSA-9945556,2,1.8358974358974358,1.0893854748603353,18,895,0.5611697994869002,0.9682729812964876,
Nomic Omni,R-HSA-389661,2,1.8358974358974358,1.0893854748603353,18,895,0.5611697994869002,0.9682729812964876,
Nomic Omni,R-HSA-196757,2,1.8358974358974358,1.0893854748603353,18,895,0.5611697994869002,0.9682729812964876,
Nomic Omni,R-HSA-1912420,2,1.8358974358974358,1.0893854748603353,18,895,0.5611697994869002,0.9682729812964876,
Nomic Omni,R-HSA-163210,2,1.8358974358974358,1.0893854748603353,18,895,0.5611697994869002,0.9682729812964876,
Nomic Omni,R-HSA-110320,2,1.8358974358974358,1.0893854748603353,18,895,0.5611697994869002,0.9682729812964876,
Nomic Omni,R-HSA-5628897,8,8.057549857549857,0.9928576479739765,79,895,0.5636168545994797,0.9707302994825885,TP53 Regulates Metabolic Genes
Nomic Omni,R-HSA-1834949,6,6.017663817663817,0.9970646719060695,59,895,0.5664981221719654,0.9739252136615854,
Nomic Omni,R-HSA-525793,3,2.9578347578347577,1.0142554421113466,29,895,0.5793780744574921,0.9906843110993875,
Nomic Omni,R-HSA-2559585,3,2.9578347578347577,1.0142554421113466,29,895,0.5793780744574921,0.9906843110993875,Oncogene Induced Senescence
Nomic Omni,R-HSA-9931509,3,2.9578347578347577,1.0142554421113466,29,895,0.5793780744574921,0.9906843110993875,
Nomic Omni,R-HSA-1169408,4,7.445584045584045,0.5372311930818091,73,895,0.9485012723735379,0.9999999999976831,
Nomic Omni,R-HSA-168255,4,11.423361823361823,0.35015961691939346,112,895,0.9976075045659926,0.9999999999976831,Influenza Infection
Nomic Omni,R-HSA-168273,2,9.383475783475783,0.21314063638571779,92,895,0.999448742608051,0.9999999999976831,
Nomic Omni,R-HSA-168276,1,4.181766381766382,0.23913339692056138,41,895,0.9879823844578616,0.9999999999976831,
Nomic Omni,R-HSA-180910,1,3.365811965811966,0.2971051295073641,33,895,0.9714744351679003,0.9999999999976831,
Nomic Omni,R-HSA-3108214,2,7.241595441595441,0.27618223306318357,71,895,0.9957387156346386,0.9999999999976831,
Nomic Omni,R-HSA-4551638,1,5.405698005698006,0.18498998629703806,53,895,0.9967189489624146,0.9999999999976831,
Nomic Omni,R-HSA-4570464,1,4.589743589743589,0.21787709497206706,45,895,0.9922021632120268,0.9999999999976831,
Nomic Omni,R-HSA-4615885,2,4.589743589743589,0.4357541899441341,45,895,0.9521233121865523,0.9999999999976831,
Nomic Omni,R-HSA-68875,1,7.751566951566952,0.12900617465451336,76,895,0.999728923022183,0.9999999999976831,
Nomic Omni,R-HSA-70171,1,7.139601139601139,0.14006384676775738,70,895,0.9994801418204685,0.9999999999976831,
Nomic Omni,R-HSA-72203,2,28.252421652421653,0.07079039186818062,277,895,0.9999999999976831,0.9999999999976831,
Nomic Omni,R-HSA-8980692,4,13.055270655270656,0.3063896648044693,128,895,0.9993910658543214,0.9999999999976831,
Nomic Omni,R-HSA-9609690,2,7.64957264957265,0.26145251396648045,75,895,0.9970995060630964,0.9999999999976831,HCMV Early Events
Nomic Omni,R-HSA-9610379,1,5.507692307692308,0.18156424581005587,54,895,0.9970556309939027,0.9999999999976831,
Nomic Omni,R-HSA-193648,2,5.0997150997151,0.39217877094972065,50,895,0.9695173516318742,0.9999999999976831,
Nomic Omni,R-HSA-112310,3,3.875783475783476,0.7740370479270803,38,895,0.7593446272199584,0.9999999999976831,
Nomic Omni,R-HSA-9029569,2,3.161823361823362,0.6325464047576139,31,895,0.8394719622604707,0.9999999999976831,NR1H3 & NR1H2 regulate gene expression linked to cholesterol transport and efflux
Nomic Omni,R-HSA-1369062,1,1.1219373219373219,0.8913153885220925,11,895,0.693972407698523,0.9999999999976831,
Nomic Omni,R-HSA-382556,2,7.751566951566952,0.2580123493090267,76,895,0.9973665071309449,0.9999999999976831,ABC-family protein mediated transport
Nomic Omni,R-HSA-212436,77,81.7994301994302,0.9413268504715864,802,895,0.739210261963569,0.9999999999976831,Generic Transcription Pathway
Nomic Omni,R-HSA-9754706,1,1.01994301994302,0.9804469273743017,10,895,0.6591700322080754,0.9999999999976831,
Nomic Omni,R-HSA-159418,1,1.631908831908832,0.6127793296089385,16,895,0.8214375709015207,0.9999999999976831,Recycling of bile acids and salts
Nomic Omni,R-HSA-1660661,1,3.0598290598290596,0.3268156424581006,30,895,0.9605613796872542,0.9999999999976831,
Nomic Omni,R-HSA-2142753,5,5.201709401709402,0.9612224778179428,51,895,0.605650764460995,0.9999999999976831,
Nomic Omni,R-HSA-9753281,2,2.9578347578347577,0.6761702947408977,29,895,0.8108385859447893,0.9999999999976831,
Nomic Omni,R-HSA-422356,2,6.323646723646724,0.31627320237880696,62,895,0.9899784389809346,0.9999999999976831,Regulation of insulin secretion
Nomic Omni,R-HSA-9013106,3,6.527635327635328,0.4595844972067039,64,895,0.9653997709371533,0.9999999999976831,
Nomic Omni,R-HSA-9758881,1,1.01994301994302,0.9804469273743017,10,895,0.6591700322080754,0.9999999999976831,
Nomic Omni,R-HSA-189451,1,1.325925925925926,0.7541899441340782,13,895,0.7532885524733821,0.9999999999976831,Heme biosynthesis
Nomic Omni,R-HSA-114508,1,2.447863247863248,0.40851955307262566,24,895,0.9246394925784792,0.9999999999976831,
Nomic Omni,R-HSA-156584,1,1.8358974358974358,0.5446927374301677,18,895,0.8560663301783463,0.9999999999976831,
Nomic Omni,R-HSA-9648002,2,2.141880341880342,0.933758978451716,21,895,0.6467886357363394,0.9999999999976831,RAS processing
Nomic Omni,R-HSA-1483191,2,2.3458689458689457,0.8525625455428711,23,895,0.6961510452670832,0.9999999999976831,
Nomic Omni,R-HSA-1483206,3,11.015384615384615,0.2723463687150838,108,895,0.9992495070251249,0.9999999999976831,
Nomic Omni,R-HSA-1482839,1,2.651851851851852,0.3770949720670391,26,895,0.9392668591773841,0.9999999999976831,
Nomic Omni,R-HSA-2029482,8,12.851282051282052,0.6225059856344772,126,895,0.9518023872543258,0.9999999999976831,
Nomic Omni,R-HSA-5663213,2,3.6717948717948716,0.5446927374301677,36,895,0.8946418827797068,0.9999999999976831,
Nomic Omni,R-HSA-9013149,3,15.911111111111111,0.18854748603351956,156,895,0.9999920426595766,0.9999999999976831,
Nomic Omni,R-HSA-9013404,4,7.343589743589743,0.5446927374301677,72,895,0.9446647644044466,0.9999999999976831,
Nomic Omni,R-HSA-9013423,5,8.261538461538462,0.6052141527001862,81,895,0.9263592900058869,0.9999999999976831,
Nomic Omni,R-HSA-9664422,6,12.749287749287749,0.47061452513966484,125,895,0.9907943675899191,0.9999999999976831,FCGR3A-mediated phagocytosis
Nomic Omni,R-HSA-376176,6,15.503133903133904,0.38701852396354014,152,895,0.9987822039577398,0.9999999999976831,Signaling by ROBO receptors
Nomic Omni,R-HSA-5685938,1,3.161823361823362,0.31627320237880696,31,895,0.9645976936014804,0.9999999999976831,
Nomic Omni,R-HSA-69231,4,4.385754985754986,0.9120436533714434,43,895,0.6517378347921663,0.9999999999976831,
Nomic Omni,R-HSA-8878166,9,9.485470085470086,0.948819607136421,93,895,0.6172960571579562,0.9999999999976831,Transcriptional regulation by RUNX2
Nomic Omni,R-HSA-8939236,1,4.997720797720798,0.20009120966822483,49,895,0.9949412983842022,0.9999999999976831,RUNX1 regulates transcription of genes involved in differentiation of HSCs
Nomic Omni,R-HSA-983231,4,14.381196581196582,0.2781409723047664,141,895,0.9998061545066368,0.9999999999976831,Factors involved in megakaryocyte development and platelet production
Nomic Omni,R-HSA-418885,1,1.4279202279202279,0.7003192338387869,14,895,0.7784890484259412,0.9999999999976831,DCC mediated attractive signaling
Nomic Omni,R-HSA-416482,1,6.527635327635328,0.15319483240223464,64,895,0.9990035137008729,0.9999999999976831,
Nomic Omni,R-HSA-9013026,3,6.221652421652422,0.48218701346277126,61,895,0.9559664157860547,0.9999999999976831,
Nomic Omni,R-HSA-9013148,1,12.953276353276353,0.07720054546254344,127,895,0.9999989504408674,0.9999999999976831,
Nomic Omni,R-HSA-5693607,3,5.8136752136752134,0.5160246986180536,57,895,0.9396206946681853,0.9999999999976831,
Nomic Omni,R-HSA-69473,5,5.405698005698006,0.9249499314851902,53,895,0.6404080808769517,0.9999999999976831,G2/M DNA damage checkpoint
Nomic Omni,R-HSA-69481,5,11.015384615384615,0.45391061452513964,108,895,0.9888576579259185,0.9999999999976831,G2/M Checkpoints
Nomic Omni,R-HSA-9033241,2,5.8136752136752134,0.34401646574536904,57,895,0.9839995476341213,0.9999999999976831,
Nomic Omni,R-HSA-1655829,4,4.793732193732194,0.8344229169142993,47,895,0.7201892059338062,0.9999999999976831,
Nomic Omni,R-HSA-75105,2,2.8558404558404558,0.7003192338387869,28,895,0.7948757920491134,0.9999999999976831,
Nomic Omni,R-HSA-70895,1,2.447863247863248,0.40851955307262566,24,895,0.9246394925784792,0.9999999999976831,
Nomic Omni,R-HSA-9837999,5,9.587464387464388,0.521514323071437,94,895,0.9693240676925527,0.9999999999976831,Mitochondrial protein degradation
Nomic Omni,R-HSA-611105,4,15.2991452991453,0.26145251396648045,150,895,0.9999135170215391,0.9999999999976831,
Nomic Omni,R-HSA-381038,2,4.4877492877492875,0.44565769426104623,44,895,0.9476529460205362,0.9999999999976831,
Nomic Omni,R-HSA-381070,2,4.691737891737891,0.42628127277143557,46,895,0.9562276068963775,0.9999999999976831,
Nomic Omni,R-HSA-71403,1,3.4678062678062678,0.28836674334538287,34,895,0.9743948630476451,0.9999999999976831,
Nomic Omni,R-HSA-9854311,1,1.937891737891738,0.5160246986180534,19,895,0.8707769199340138,0.9999999999976831,
Nomic Omni,R-HSA-432722,5,5.201709401709402,0.9612224778179428,51,895,0.605650764460995,0.9999999999976831,
Nomic Omni,R-HSA-1221632,1,2.9578347578347577,0.33808514737044887,29,895,0.9560654472990353,0.9999999999976831,
Nomic Omni,R-HSA-171319,2,1.937891737891738,1.032049397236107,19,895,0.5912757145763318,0.9999999999976831,
Nomic Omni,R-HSA-174411,2,2.447863247863248,0.8170391061452513,24,895,0.7186138212771851,0.9999999999976831,
Nomic Omni,R-HSA-174417,3,3.161823361823362,0.9488196071364209,31,895,0.6257493718537785,0.9999999999976831,
Nomic Omni,R-HSA-174430,1,1.1219373219373219,0.8913153885220925,11,895,0.693972407698523,0.9999999999976831,
Nomic Omni,R-HSA-2559586,2,2.651851851851852,0.7541899441340782,26,895,0.759348312144631,0.9999999999976831,DNA Damage/Telomere Stress Induced Senescence
Nomic Omni,R-HSA-9670095,1,1.937891737891738,0.5160246986180534,19,895,0.8707769199340138,0.9999999999976831,
Nomic Omni,R-HSA-72163,2,19.990883190883192,0.10004560483411241,196,895,0.9999999870991132,0.9999999999976831,
Nomic Omni,R-HSA-72172,2,20.602849002849002,0.09707395320537641,202,895,0.9999999931401576,0.9999999999976831,
Nomic Omni,R-HSA-1268020,3,6.221652421652422,0.48218701346277126,61,895,0.9559664157860547,0.9999999999976831,
Nomic Omni,R-HSA-9918432,1,4.793732193732194,0.20860572922857482,47,895,0.993719156505932,0.9999999999976831,
Nomic Omni,R-HSA-9918487,4,7.853561253561254,0.5093230791554814,77,895,0.9615289827234741,0.9999999999976831,
Nomic Omni,R-HSA-1483166,1,3.263817663817664,0.3063896648044693,32,895,0.9682213285770837,0.9999999999976831,
Nomic Omni,R-HSA-400451,1,1.01994301994302,0.9804469273743017,10,895,0.6591700322080754,0.9999999999976831,
Nomic Omni,R-HSA-211945,3,8.66951566951567,0.3460400920144594,85,895,0.9941105361618997,0.9999999999976831,Phase I - Functionalization of compounds
Nomic Omni,R-HSA-390522,1,3.6717948717948716,0.27234636871508383,36,895,0.9793701627457082,0.9999999999976831,
Nomic Omni,R-HSA-9759476,11,13.973219373219374,0.7872201606654976,137,895,0.8387114651220171,0.9999999999976831,Regulation of Homotypic Cell-Cell Adhesion
Nomic Omni,R-HSA-9764265,9,12.749287749287749,0.7059217877094972,125,895,0.9023378087415264,0.9999999999976831,Regulation of CDH1 Expression and Function
Nomic Omni,R-HSA-9764274,9,12.749287749287749,0.7059217877094972,125,895,0.9023378087415264,0.9999999999976831,Regulation of Expression and Function of Type I Classical Cadherins
Nomic Omni,R-HSA-9764561,4,5.7116809116809115,0.7003192338387869,56,895,0.8367585217537353,0.9999999999976831,Regulation of CDH1 Function
Nomic Omni,R-HSA-445355,1,3.875783475783476,0.2580123493090267,38,895,0.9833795865852197,0.9999999999976831,Smooth Muscle Contraction
Nomic Omni,R-HSA-1445148,4,6.833618233618234,0.5853414491786876,67,895,0.9212853754599581,0.9999999999976831,
Nomic Omni,R-HSA-3214847,1,7.955555555555556,0.12569832402234637,78,895,0.9997818361603094,0.9999999999976831,
Nomic Omni,R-HSA-3247509,5,18.86894586894587,0.26498565604710855,185,895,0.9999809959879623,0.9999999999976831,
Nomic Omni,R-HSA-3928662,4,4.181766381766382,0.9565335876822455,41,895,0.6135926424775419,0.9999999999976831,EPHB-mediated forward signaling
Nomic Omni,R-HSA-437239,1,4.589743589743589,0.21787709497206706,45,895,0.9922021632120268,0.9999999999976831,
Nomic Omni,R-HSA-445095,1,2.141880341880342,0.466879489225858,21,895,0.8958453827382341,0.9999999999976831,
Nomic Omni,R-HSA-5626467,1,2.9578347578347577,0.33808514737044887,29,895,0.9560654472990353,0.9999999999976831,
Nomic Omni,R-HSA-5689603,3,6.62962962962963,0.4525139664804469,65,895,0.9680960825417355,0.9999999999976831,UCH proteinases
Nomic Omni,R-HSA-5696394,1,3.263817663817664,0.3063896648044693,32,895,0.9682213285770837,0.9999999999976831,
Nomic Omni,R-HSA-9035034,1,3.875783475783476,0.2580123493090267,38,895,0.9833795865852197,0.9999999999976831,
Nomic Omni,R-HSA-9662360,2,5.0997150997151,0.39217877094972065,50,895,0.9695173516318742,0.9999999999976831,
Nomic Omni,R-HSA-9662361,2,3.875783475783476,0.5160246986180534,38,895,0.9113076421460158,0.9999999999976831,
Nomic Omni,R-HSA-9824585,1,3.6717948717948716,0.27234636871508383,36,895,0.9793701627457082,0.9999999999976831,
Nomic Omni,R-HSA-9845323,1,3.161823361823362,0.31627320237880696,31,895,0.9645976936014804,0.9999999999976831,
Nomic Omni,R-HSA-9938024,6,14.381196581196582,0.41721145845714963,141,895,0.9971658257059872,0.9999999999976831,Somatic hypermutation of immunoglobulin genes
Nomic Omni,R-HSA-9938027,29,33.55612535612536,0.8642237353755242,329,895,0.8255296724252714,0.9999999999976831,Affinity selection of immunoglobulins
Nomic Omni,R-HSA-9013418,1,2.3458689458689457,0.42628127277143557,23,895,0.916055089607592,0.9999999999976831,
Nomic Omni,R-HSA-3214858,1,2.54985754985755,0.39217877094972065,25,895,0.9323469150607396,0.9999999999976831,
Nomic Omni,R-HSA-373753,2,2.2438746438746437,0.8913153885220925,22,895,0.6722234920100081,0.9999999999976831,Nephrin family interactions
Nomic Omni,R-HSA-9013405,2,4.691737891737891,0.42628127277143557,46,895,0.9562276068963775,0.9999999999976831,
Nomic Omni,R-HSA-112314,11,14.585185185185185,0.7541899441340782,143,895,0.87542504791916,0.9999999999976831,Neurotransmitter receptors and postsynaptic signal transmission
Nomic Omni,R-HSA-9609736,2,3.6717948717948716,0.5446927374301677,36,895,0.8946418827797068,0.9999999999976831,
Nomic Omni,R-HSA-9617324,2,1.937891737891738,1.032049397236107,19,895,0.5912757145763318,0.9999999999976831,
Nomic Omni,R-HSA-2132295,10,12.341310541310541,0.8102867168382658,121,895,0.8022882476933914,0.9999999999976831,
Nomic Omni,R-HSA-446203,13,27.64045584045584,0.47032509431239566,271,895,0.9996434851686371,0.9999999999976831,Asparagine N-linked glycosylation
Nomic Omni,R-HSA-6807878,2,9.281481481481482,0.2154828411811652,91,895,0.9993915744285707,0.9999999999976831,COPI-mediated anterograde transport
Nomic Omni,R-HSA-6811436,1,5.0997150997151,0.19608938547486032,50,895,0.9954601544403722,0.9999999999976831,
Nomic Omni,R-HSA-948021,11,17.135042735042735,0.6419592976855547,168,895,0.9630962199441685,0.9999999999976831,Transport to the Golgi and subsequent modification
Nomic Omni,R-HSA-9979719,7,9.281481481481482,0.7541899441340782,91,895,0.8334758908518801,0.9999999999976831,
Nomic Omni,R-HSA-2565942,2,7.139601139601139,0.28012769353551475,70,895,0.9953104945348905,0.9999999999976831,
Nomic Omni,R-HSA-380259,2,5.7116809116809115,0.35015961691939346,56,895,0.9824423948984745,0.9999999999976831,
Nomic Omni,R-HSA-380270,2,6.9356125356125355,0.28836674334538287,68,895,0.9943236206396693,0.9999999999976831,
Nomic Omni,R-HSA-380284,2,5.7116809116809115,0.35015961691939346,56,895,0.9824423948984745,0.9999999999976831,
Nomic Omni,R-HSA-380320,2,8.057549857549857,0.24821441199349412,79,895,0.9980306555636891,0.9999999999976831,
Nomic Omni,R-HSA-5620912,3,7.64957264957265,0.39217877094972065,75,895,0.9860904572939888,0.9999999999976831,Anchoring of the basal body to the plasma membrane
Nomic Omni,R-HSA-68877,2,17.645014245014245,0.11334646559240481,173,895,0.999999856616324,0.9999999999976831,
Nomic Omni,R-HSA-8854518,2,6.017663817663817,0.3323548906353565,59,895,0.9867214296703373,0.9999999999976831,
Nomic Omni,R-HSA-74217,1,1.325925925925926,0.7541899441340782,13,895,0.7532885524733821,0.9999999999976831,
Nomic Omni,R-HSA-5358346,4,4.895726495726496,0.8170391061452513,48,895,0.7356517182750082,0.9999999999976831,Hedgehog ligand biogenesis
Nomic Omni,R-HSA-9759475,2,2.2438746438746437,0.8913153885220925,22,895,0.6722234920100081,0.9999999999976831,
Nomic Omni,R-HSA-9764260,2,2.54985754985755,0.7843575418994413,25,895,0.7396613530042285,0.9999999999976831,
Nomic Omni,R-HSA-9833482,6,7.0376068376068375,0.852562545542871,69,895,0.7189441991205843,0.9999999999976831,PKR-mediated signaling
Nomic Omni,R-HSA-111885,2,8.261538461538462,0.24208566108007445,81,895,0.9983786793750844,0.9999999999976831,
Nomic Omni,R-HSA-418555,8,11.525356125356126,0.6941217184950808,113,895,0.901621083545574,0.9999999999976831,
Nomic Omni,R-HSA-432040,1,3.5698005698005697,0.28012769353551475,35,895,0.9770165994133193,0.9999999999976831,
Nomic Omni,R-HSA-9634597,1,3.875783475783476,0.2580123493090267,38,895,0.9833795865852197,0.9999999999976831,
Nomic Omni,R-HSA-9660821,1,3.6717948717948716,0.27234636871508383,36,895,0.9793701627457082,0.9999999999976831,ADORA2B mediated anti-inflammatory cytokines production
Nomic Omni,R-HSA-9664323,6,10.709401709401709,0.5602553870710296,105,895,0.963795786575919,0.9999999999976831,FCGR3A-mediated IL10 synthesis
Nomic Omni,R-HSA-5223345,1,2.3458689458689457,0.42628127277143557,23,895,0.916055089607592,0.9999999999976831,
Nomic Omni,R-HSA-5362517,1,4.07977207977208,0.24511173184357543,40,895,0.9866104755407424,0.9999999999976831,Signaling by Retinoic Acid
Nomic Omni,R-HSA-1614635,2,2.447863247863248,0.8170391061452513,24,895,0.7186138212771851,0.9999999999976831,
Nomic Omni,R-HSA-419812,1,1.01994301994302,0.9804469273743017,10,895,0.6591700322080754,0.9999999999976831,
Nomic Omni,R-HSA-1614558,1,1.223931623931624,0.8170391061452513,12,895,0.7252246549725784,0.9999999999976831,
Nomic Omni,R-HSA-74259,1,1.631908831908832,0.6127793296089385,16,895,0.8214375709015207,0.9999999999976831,
Nomic Omni,R-HSA-8956319,3,3.365811965811966,0.8913153885220925,33,895,0.6684829305036203,0.9999999999976831,
Nomic Omni,R-HSA-375280,1,1.223931623931624,0.8170391061452513,12,895,0.7252246549725784,0.9999999999976831,
Nomic Omni,R-HSA-1169091,2,5.201709401709402,0.3844889911271771,51,895,0.9721755597362636,0.9999999999976831,Activation of NF-kappaB in B cells
Nomic Omni,R-HSA-1234174,3,5.7116809116809115,0.5252394253790902,56,895,0.9347344464819283,0.9999999999976831,Cellular response to hypoxia
Nomic Omni,R-HSA-1234176,1,4.997720797720798,0.20009120966822483,49,895,0.9949412983842022,0.9999999999976831,Oxygen-dependent proline hydroxylation of Hypoxia-inducible Factor Alpha
Nomic Omni,R-HSA-1236974,7,8.057549857549857,0.8687504419772294,79,895,0.7080831877928998,0.9999999999976831,ER-Phagosome pathway
Nomic Omni,R-HSA-1236978,3,4.07977207977208,0.7353351955307262,40,895,0.7895765309133185,0.9999999999976831,Cross-presentation of soluble exogenous antigens (endosomes)
Nomic Omni,R-HSA-174184,1,5.8136752136752134,0.17200823287268452,57,895,0.9978723713980415,0.9999999999976831,Cdc20:Phospho-APC/C mediated degradation of Cyclin A
Nomic Omni,R-HSA-176408,1,6.527635327635328,0.15319483240223464,64,895,0.9990035137008729,0.9999999999976831,Regulation of APC/C activators between G1/S and early anaphase
Nomic Omni,R-HSA-176409,1,6.017663817663817,0.16617744531767825,59,895,0.9982868197813083,0.9999999999976831,APC/C:Cdc20 mediated degradation of mitotic proteins
Nomic Omni,R-HSA-179419,1,5.915669515669515,0.16904257368522443,58,895,0.9980907962201054,0.9999999999976831,APC:Cdc20 mediated degradation of cell cycle proteins prior to satisfation of the cell cycle checkpoint
Nomic Omni,R-HSA-180534,1,3.773789173789174,0.26498565604710855,37,895,0.9814829564683986,0.9999999999976831,Vpu mediated degradation of CD4
Nomic Omni,R-HSA-187577,1,4.895726495726496,0.20425977653631283,48,895,0.9943632164196798,0.9999999999976831,SCF(Skp2)-mediated degradation of p27/p21
Nomic Omni,R-HSA-195253,1,6.527635327635328,0.15319483240223464,64,895,0.9990035137008729,0.9999999999976831,Degradation of beta-catenin by the destruction complex
Nomic Omni,R-HSA-202424,4,8.363532763532763,0.47826679384112275,82,895,0.9735186128806553,0.9999999999976831,Downstream TCR signaling
Nomic Omni,R-HSA-2454202,13,17.747008547008548,0.7325178193026392,174,895,0.9127973245281872,0.9999999999976831,Fc epsilon receptor (FCERI) signaling
Nomic Omni,R-HSA-2871837,5,13.36125356125356,0.3742163844940083,131,895,0.9981290518199917,0.9999999999976831,FCERI mediated NF-kB activation
Nomic Omni,R-HSA-350562,1,3.5698005698005697,0.28012769353551475,35,895,0.9770165994133193,0.9999999999976831,Regulation of ornithine decarboxylase (ODC)
Nomic Omni,R-HSA-351202,1,4.07977207977208,0.24511173184357543,40,895,0.9866104755407424,0.9999999999976831,Metabolism of polyamines
Nomic Omni,R-HSA-389948,11,13.871225071225071,0.7930085441998028,136,895,0.8318517990889829,0.9999999999976831,Co-inhibition by PD-1
Nomic Omni,R-HSA-4086400,1,7.343589743589743,0.13617318435754192,72,895,0.9995815498956273,0.9999999999976831,PCP/CE pathway
Nomic Omni,R-HSA-450408,2,4.181766381766382,0.47826679384112275,41,895,0.9317341188559776,0.9999999999976831,AUF1 (hnRNP D0) binds and destabilizes mRNA
Nomic Omni,R-HSA-5362768,1,4.181766381766382,0.23913339692056138,41,895,0.9879823844578616,0.9999999999976831,Hh mutants are degraded by ERAD
Nomic Omni,R-HSA-5607761,4,4.691737891737891,0.8525625455428711,46,895,0.7040679167425545,0.9999999999976831,Dectin-1 mediated noncanonical NF-kB signaling
Nomic Omni,R-HSA-5632684,2,6.323646723646724,0.31627320237880696,62,895,0.9899784389809346,0.9999999999976831,Hedgehog 'on' state
Nomic Omni,R-HSA-5658442,2,5.303703703703704,0.3770949720670391,52,895,0.9746093924069172,0.9999999999976831,Regulation of RAS by GAPs
Nomic Omni,R-HSA-5676590,2,4.385754985754986,0.4560218266857217,43,895,0.9427864361826662,0.9999999999976831,NIK-->noncanonical NF-kB signaling
Nomic Omni,R-HSA-5687128,4,6.9356125356125355,0.5767334866907657,68,895,0.9265729458766375,0.9999999999976831,MAPK6/MAPK4 signaling
Nomic Omni,R-HSA-5689880,7,14.075213675213675,0.49732815156667476,138,895,0.990106154375262,0.9999999999976831,Ub-specific processing proteases
Nomic Omni,R-HSA-6807070,6,11.627350427350427,0.5160246986180536,114,895,0.9801352794061455,0.9999999999976831,PTEN Regulation
Nomic Omni,R-HSA-68949,1,5.60968660968661,0.1782630777044185,55,895,0.9973577993530882,0.9999999999976831,Orc1 removal from chromatin
Nomic Omni,R-HSA-69017,1,5.915669515669515,0.16904257368522443,58,895,0.9980907962201054,0.9999999999976831,CDK-mediated phosphorylation and removal of Cdc6
Nomic Omni,R-HSA-69052,1,7.64957264957265,0.13072625698324022,75,895,0.9996978386025615,0.9999999999976831,Switching of origins to a post-replicative state
Nomic Omni,R-HSA-69202,3,6.9356125356125355,0.4325501150180743,68,895,0.975042766946319,0.9999999999976831,Cyclin E associated events during G1/S transition 
Nomic Omni,R-HSA-69541,1,4.283760683760684,0.233439744612929,42,895,0.9892138667008445,0.9999999999976831,Stabilization of p53
Nomic Omni,R-HSA-69563,2,5.0997150997151,0.39217877094972065,50,895,0.9695173516318742,0.9999999999976831,p53-Dependent G1 DNA Damage Response
Nomic Omni,R-HSA-69601,1,4.895726495726496,0.20425977653631283,48,895,0.9943632164196798,0.9999999999976831,Ubiquitin-Mediated Degradation of Phosphorylated Cdc25A
Nomic Omni,R-HSA-69656,3,7.241595441595441,0.41427334959477535,71,895,0.9805368665935829,0.9999999999976831,Cyclin A:Cdk2-associated events at S phase entry
Nomic Omni,R-HSA-8852276,1,6.017663817663817,0.16617744531767825,59,895,0.9982868197813083,0.9999999999976831,The role of GTSE1 in G2/M progression after G2 checkpoint
Nomic Omni,R-HSA-8939902,2,5.507692307692308,0.36312849162011174,54,895,0.9788748012935471,0.9999999999976831,Regulation of RUNX2 expression and activity
Nomic Omni,R-HSA-8941858,2,4.4877492877492875,0.44565769426104623,44,895,0.9476529460205362,0.9999999999976831,Regulation of RUNX3 expression and activity
Nomic Omni,R-HSA-8948751,2,5.303703703703704,0.3770949720670391,52,895,0.9746093924069172,0.9999999999976831,Regulation of PTEN stability and activity
Nomic Omni,R-HSA-8951664,4,16.82905982905983,0.23768410360589132,165,895,0.9999779876016389,0.9999999999976831,Neddylation
Nomic Omni,R-HSA-9010553,3,11.423361823361823,0.2626197126895451,112,895,0.9994804795411146,0.9999999999976831,Regulation of expression of SLITs and ROBOs
Nomic Omni,R-HSA-9604323,2,4.283760683760684,0.466879489225858,42,895,0.9374916124955567,0.9999999999976831,Negative regulation of NOTCH4 signaling
Nomic Omni,R-HSA-9762114,1,4.07977207977208,0.24511173184357543,40,895,0.9866104755407424,0.9999999999976831,GSK3B and BTRC:CUL1-mediated-degradation of NFE2L2
Nomic Omni,R-HSA-9766229,3,5.201709401709402,0.5767334866907656,51,895,0.904391253074335,0.9999999999976831,Degradation of CDH1
Nomic Omni,R-HSA-9824272,3,4.07977207977208,0.7353351955307262,40,895,0.7895765309133185,0.9999999999976831,Somitogenesis
Nomic Omni,R-HSA-983168,1,24.172649572649572,0.04136906866558235,237,895,0.9999999999941536,0.9999999999976831,Antigen processing: Ubiquitination & Proteasome degradation
Nomic Omni,R-HSA-9909615,3,7.241595441595441,0.41427334959477535,71,895,0.9805368665935829,0.9999999999976831,Regulation of PD-L1(CD274) Post-translational modification
Nomic Omni,R-HSA-9909648,9,11.72934472934473,0.7673062909885839,115,895,0.8423290488981836,0.9999999999976831,Regulation of PD-L1(CD274) expression
Nomic Omni,R-HSA-9929356,1,4.181766381766382,0.23913339692056138,41,895,0.9879823844578616,0.9999999999976831,GSK3B-mediated proteasomal degradation of PD-L1(CD274)
Nomic Omni,R-HSA-9929491,1,4.385754985754986,0.22801091334286086,43,895,0.9903192817131822,0.9999999999976831,SPOP-mediated proteasomal degradation of PD-L1(CD274)
Nomic Omni,R-HSA-9931269,2,4.997720797720798,0.40018241933644966,49,895,0.966615282122607,0.9999999999976831,AMPK-induced ERAD and lysosome mediated degradation of PD-L1(CD274)
Nomic Omni,R-HSA-3214841,2,3.773789173789174,0.5299713120942171,37,895,0.9033095887288549,0.9999999999976831,
Nomic Omni,R-HSA-2559580,5,6.119658119658119,0.8170391061452514,60,895,0.7461844387211773,0.9999999999976831,Oxidative Stress Induced Senescence
Nomic Omni,R-HSA-3700989,22,31.414245014245015,0.7003192338387869,308,895,0.9758244746672377,0.9999999999976831,Transcriptional Regulation by TP53
Nomic Omni,R-HSA-4086398,4,4.997720797720798,0.8003648386728993,49,895,0.7504611445558265,0.9999999999976831,Ca2+ pathway
Nomic Omni,R-HSA-8934593,1,1.5299145299145298,0.6536312849162011,15,895,0.8011180064967987,0.9999999999976831,Regulation of RUNX1 Expression and Activity
Nomic Omni,R-HSA-8936459,3,3.365811965811966,0.8913153885220925,33,895,0.6684829305036203,0.9999999999976831,RUNX1 regulates genes involved in megakaryocyte differentiation and platelet function
Nomic Omni,R-HSA-9022692,1,2.753846153846154,0.36312849162011174,27,895,0.9454797019064092,0.9999999999976831,
Nomic Omni,R-HSA-9768759,1,1.01994301994302,0.9804469273743017,10,895,0.6591700322080754,0.9999999999976831,
Nomic Omni,R-HSA-9839394,1,2.141880341880342,0.466879489225858,21,895,0.8958453827382341,0.9999999999976831,
Nomic Omni,R-HSA-9820841,1,3.977777777777778,0.25139664804469275,39,895,0.9850821469613475,0.9999999999976831,
Nomic Omni,R-HSA-9918481,22,22.744729344729343,0.9672570583961722,223,895,0.5996692377206969,0.9999999999976831,Dengue Virus-Host Interactions
Nomic Omni,R-HSA-73621,1,1.223931623931624,0.8170391061452513,12,895,0.7252246549725784,0.9999999999976831,
Nomic Omni,R-HSA-2029485,4,9.383475783475783,0.42628127277143557,92,895,0.9877764400189261,0.9999999999976831,
Nomic Omni,R-HSA-2871809,7,9.485470085470086,0.7379708055505496,93,895,0.8495140245377317,0.9999999999976831,
Nomic Omni,R-HSA-5578775,1,4.793732193732194,0.20860572922857482,47,895,0.993719156505932,0.9999999999976831,
Nomic Omni,R-HSA-983695,5,8.261538461538462,0.6052141527001862,81,895,0.9263592900058869,0.9999999999976831,Antigen activates B Cell Receptor (BCR) leading to generation of second messengers
Nomic Omni,R-HSA-6803204,1,1.631908831908832,0.6127793296089385,16,895,0.8214375709015207,0.9999999999976831,TP53 Regulates Transcription of Genes Involved in Cytochrome C Release
Nomic Omni,R-HSA-499943,1,3.0598290598290596,0.3268156424581006,30,895,0.9605613796872542,0.9999999999976831,
Nomic Omni,R-HSA-399719,2,2.753846153846154,0.7262569832402235,27,895,0.7777329482227291,0.9999999999976831,
Nomic Omni,R-HSA-399721,2,2.753846153846154,0.7262569832402235,27,895,0.7777329482227291,0.9999999999976831,
Nomic Omni,R-HSA-9772755,2,3.977777777777778,0.5027932960893855,39,895,0.9186822922923644,0.9999999999976831,
Nomic Omni,R-HSA-156590,2,3.4678062678062678,0.5767334866907657,34,895,0.8751003151363214,0.9999999999976831,
Nomic Omni,R-HSA-196071,1,2.8558404558404558,0.35015961691939346,28,895,0.9510576244937164,0.9999999999976831,
Nomic Omni,R-HSA-392451,2,2.2438746438746437,0.8913153885220925,22,895,0.6722234920100081,0.9999999999976831,
Nomic Omni,R-HSA-450385,1,1.7339031339031339,0.5767334866907657,17,895,0.839683189584377,0.9999999999976831,
Nomic Omni,R-HSA-5633007,10,13.565242165242164,0.7371781408829337,133,895,0.8834486826006416,0.9999999999976831,Regulation of TP53 Activity
Nomic Omni,R-HSA-8876198,3,8.771509971509971,0.3420163700142913,86,895,0.9946030050834396,0.9999999999976831,
Nomic Omni,R-HSA-166208,2,2.2438746438746437,0.8913153885220925,22,895,0.6722234920100081,0.9999999999976831,
Nomic Omni,R-HSA-2168880,5,7.955555555555556,0.6284916201117319,78,895,0.9108106027704174,0.9999999999976831,Scavenging of heme from plasma
Nomic Omni,R-HSA-8964539,1,1.1219373219373219,0.8913153885220925,11,895,0.693972407698523,0.9999999999976831,
Nomic Omni,R-HSA-9696273,2,3.6717948717948716,0.5446927374301677,36,895,0.8946418827797068,0.9999999999976831,
Nomic Omni,R-HSA-70263,1,2.03988603988604,0.49022346368715086,20,895,0.8839855376429057,0.9999999999976831,
Nomic Omni,R-HSA-446193,3,7.139601139601139,0.42019154030327216,70,895,0.9788480737426372,0.9999999999976831,
Nomic Omni,R-HSA-446219,3,5.8136752136752134,0.5160246986180536,57,895,0.9396206946681853,0.9999999999976831,
Nomic Omni,R-HSA-9842663,1,1.1219373219373219,0.8913153885220925,11,895,0.693972407698523,0.9999999999976831,
Nomic Omni,R-HSA-9018677,1,1.7339031339031339,0.5767334866907657,17,895,0.839683189584377,0.9999999999976831,
Nomic Omni,R-HSA-8935690,1,2.141880341880342,0.466879489225858,21,895,0.8958453827382341,0.9999999999976831,
Nomic Omni,R-HSA-6811438,1,4.283760683760684,0.233439744612929,42,895,0.9892138667008445,0.9999999999976831,
Nomic Omni,R-HSA-72187,1,14.687179487179487,0.06808659217877096,144,895,0.9999998364550361,0.9999999999976831,
Nomic Omni,R-HSA-1632852,5,12.953276353276353,0.38600272731271723,127,895,0.9974248687477215,0.9999999999976831,
Nomic Omni,R-HSA-2995383,1,1.631908831908832,0.6127793296089385,16,895,0.8214375709015207,0.9999999999976831,
Nomic Omni,R-HSA-9013408,4,6.017663817663817,0.664709781270713,59,895,0.8652741821185105,0.9999999999976831,
Nomic Omni,R-HSA-199977,3,7.0376068376068375,0.4262812727714355,69,895,0.9770202336223454,0.9999999999976831,ER to Golgi Anterograde Transport
Nomic Omni,R-HSA-2672351,1,6.833618233618234,0.1463353622946719,67,895,0.9992802133084362,0.9999999999976831,
Nomic Omni,R-HSA-983712,1,12.443304843304844,0.08036450224379521,122,895,0.9999981880363664,0.9999999999976831,
Nomic Omni,R-HSA-432720,3,3.161823361823362,0.9488196071364209,31,895,0.6257493718537785,0.9999999999976831,Lysosome Vesicle Biogenesis
Nomic Omni,R-HSA-177504,1,1.325925925925926,0.7541899441340782,13,895,0.7532885524733821,0.9999999999976831,
Nomic Omni,R-HSA-416993,1,1.631908831908832,0.6127793296089385,16,895,0.8214375709015207,0.9999999999976831,
Nomic Omni,R-HSA-8866427,1,1.5299145299145298,0.6536312849162011,15,895,0.8011180064967987,0.9999999999976831,
Nomic Omni,R-HSA-390471,2,3.263817663817664,0.6127793296089385,32,895,0.8522650093577788,0.9999999999976831,Association of TriC/CCT with target proteins during biosynthesis
Nomic Omni,R-HSA-6803207,1,1.223931623931624,0.8170391061452513,12,895,0.7252246549725784,0.9999999999976831,TP53 Regulates Transcription of Caspase Activators and Caspases
Nomic Omni,R-HSA-8953750,1,2.8558404558404558,0.35015961691939346,28,895,0.9510576244937164,0.9999999999976831,
Nomic Omni,R-HSA-212676,2,2.03988603988604,0.9804469273743017,20,895,0.6198131834650673,0.9999999999976831,
Nomic Omni,R-HSA-6794361,3,5.303703703703704,0.5656424581005587,52,895,0.9113297429699221,0.9999999999976831,
Nomic Omni,R-HSA-9968297,1,1.8358974358974358,0.5446927374301677,18,895,0.8560663301783463,0.9999999999976831,
Nomic Omni,R-HSA-418346,4,7.751566951566952,0.5160246986180534,76,895,0.9585935653319445,0.9999999999976831,
Nomic Omni,R-HSA-8949613,2,3.161823361823362,0.6325464047576139,31,895,0.8394719622604707,0.9999999999976831,
Nomic Omni,R-HSA-1237044,1,1.01994301994302,0.9804469273743017,10,895,0.6591700322080754,0.9999999999976831,Erythrocytes take up carbon dioxide and release oxygen
Nomic Omni,R-HSA-6781827,2,6.425641025641026,0.3112529928172386,63,895,0.9908797080176746,0.9999999999976831,
Nomic Omni,R-HSA-6782135,2,5.507692307692308,0.36312849162011174,54,895,0.9788748012935471,0.9999999999976831,
Nomic Omni,R-HSA-6782210,2,5.405698005698006,0.3699799725940761,53,895,0.9768369029777618,0.9999999999976831,
Nomic Omni,R-HSA-383280,4,4.589743589743589,0.8715083798882682,45,895,0.6872849154942641,0.9999999999976831,
Nomic Omni,R-HSA-5625740,3,3.365811965811966,0.8913153885220925,33,895,0.6684829305036203,0.9999999999976831,
Nomic Omni,R-HSA-9031628,2,2.9578347578347577,0.6761702947408977,29,895,0.8108385859447893,0.9999999999976831,
Nomic Omni,R-HSA-6811440,1,4.589743589743589,0.21787709497206706,45,895,0.9922021632120268,0.9999999999976831,
Nomic Omni,R-HSA-70635,1,1.223931623931624,0.8170391061452513,12,895,0.7252246549725784,0.9999999999976831,Urea cycle
Nomic Omni,R-HSA-9013406,1,4.997720797720798,0.20009120966822483,49,895,0.9949412983842022,0.9999999999976831,
Nomic Omni,R-HSA-9013409,1,4.691737891737891,0.21314063638571779,46,895,0.9930015977968191,0.9999999999976831,
Nomic Omni,R-HSA-9013424,1,2.9578347578347577,0.33808514737044887,29,895,0.9560654472990353,0.9999999999976831,
Nomic Omni,R-HSA-9013420,2,3.263817663817664,0.6127793296089385,32,895,0.8522650093577788,0.9999999999976831,
Nomic Omni,R-HSA-9013407,2,2.651851851851852,0.7541899441340782,26,895,0.759348312144631,0.9999999999976831,
Nomic Omni,R-HSA-416572,2,2.03988603988604,0.9804469273743017,20,895,0.6198131834650673,0.9999999999976831,
Nomic Omni,R-HSA-6791312,3,3.977777777777778,0.7541899441340782,39,895,0.7748766144385655,0.9999999999976831,TP53 Regulates Transcription of Cell Cycle Genes
Nomic Omni,R-HSA-3214815,1,3.0598290598290596,0.3268156424581006,30,895,0.9605613796872542,0.9999999999976831,
Nomic Omni,R-HSA-427413,1,3.4678062678062678,0.28836674334538287,34,895,0.9743948630476451,0.9999999999976831,
Nomic Omni,R-HSA-9615710,1,3.365811965811966,0.2971051295073641,33,895,0.9714744351679003,0.9999999999976831,
Nomic Omni,R-HSA-9646399,1,4.07977207977208,0.24511173184357543,40,895,0.9866104755407424,0.9999999999976831,
Nomic Omni,R-HSA-9663891,4,7.751566951566952,0.5160246986180534,76,895,0.9585935653319445,0.9999999999976831,
Nomic Omni,R-HSA-210500,2,1.937891737891738,1.032049397236107,19,895,0.5912757145763318,0.9999999999976831,
Nomic Omni,R-HSA-70268,1,3.875783475783476,0.2580123493090267,38,895,0.9833795865852197,0.9999999999976831,
Nomic Omni,R-HSA-1461973,3,3.4678062678062678,0.8651002300361486,34,895,0.6884675582250143,0.9999999999976831,Defensins
Nomic Omni,R-HSA-5617472,1,5.201709401709402,0.19224449556358855,51,895,0.9959258463344544,0.9999999999976831,
Nomic Omni,R-HSA-9633012,1,6.119658119658119,0.1634078212290503,60,895,0.9984627372085374,0.9999999999976831,
Nomic Omni,R-HSA-9648895,1,1.5299145299145298,0.6536312849162011,15,895,0.8011180064967987,0.9999999999976831,
Nomic Omni,R-HSA-9629569,1,1.7339031339031339,0.5767334866907657,17,895,0.839683189584377,0.9999999999976831,
Nomic Omni,R-HSA-5601884,1,2.2438746438746437,0.44565769426104623,22,895,0.9064940442014828,0.9999999999976831,
Nomic Omni,R-HSA-450282,1,3.161823361823362,0.31627320237880696,31,895,0.9645976936014804,0.9999999999976831,
Nomic Omni,R-HSA-450294,4,5.915669515669515,0.6761702947408977,58,895,0.8562809621828316,0.9999999999976831,
Nomic Omni,R-HSA-450341,1,1.01994301994302,0.9804469273743017,10,895,0.6591700322080754,0.9999999999976831,
Nomic Omni,R-HSA-6796648,1,5.0997150997151,0.19608938547486032,50,895,0.9954601544403722,0.9999999999976831,TP53 Regulates Transcription of DNA Repair Genes
Nomic Omni,R-HSA-8943724,4,5.60968660968661,0.713052310817674,55,895,0.8261922627716701,0.9999999999976831,Regulation of PTEN gene transcription
Nomic Omni,R-HSA-9843940,1,2.2438746438746437,0.44565769426104623,22,895,0.9064940442014828,0.9999999999976831,
Nomic Omni,R-HSA-983170,1,3.0598290598290596,0.3268156424581006,30,895,0.9605613796872542,0.9999999999976831,
Nomic Omni,R-HSA-9920951,1,1.631908831908832,0.6127793296089385,16,895,0.8214375709015207,0.9999999999976831,
Nomic Omni,R-HSA-5205647,1,3.0598290598290596,0.3268156424581006,30,895,0.9605613796872542,0.9999999999976831,
Nomic Omni,R-HSA-5205685,1,2.54985754985755,0.39217877094972065,25,895,0.9323469150607396,0.9999999999976831,
Nomic Omni,R-HSA-936440,3,3.365811965811966,0.8913153885220925,33,895,0.6684829305036203,0.9999999999976831,
Nomic Omni,R-HSA-5685942,3,5.0997150997151,0.588268156424581,50,895,0.8969656139001927,0.9999999999976831,
Nomic Omni,R-HSA-5693579,2,3.0598290598290596,0.6536312849162011,30,895,0.8256834080406841,0.9999999999976831,
Nomic Omni,R-HSA-5693616,2,2.9578347578347577,0.6761702947408977,29,895,0.8108385859447893,0.9999999999976831,
Nomic Omni,R-HSA-6804756,4,7.445584045584045,0.5372311930818091,73,895,0.9485012723735379,0.9999999999976831,Regulation of TP53 Activity through Phosphorylation
Nomic Omni,R-HSA-912446,1,2.03988603988604,0.49022346368715086,20,895,0.8839855376429057,0.9999999999976831,
Nomic Omni,R-HSA-9709570,1,2.651851851851852,0.3770949720670391,26,895,0.9392668591773841,0.9999999999976831,
Nomic Omni,R-HSA-77387,1,2.2438746438746437,0.44565769426104623,22,895,0.9064940442014828,0.9999999999976831,Insulin receptor recycling
Nomic Omni,R-HSA-917977,2,2.447863247863248,0.8170391061452513,24,895,0.7186138212771851,0.9999999999976831,
Nomic Omni,R-HSA-9639288,1,4.691737891737891,0.21314063638571779,46,895,0.9930015977968191,0.9999999999976831,
Nomic Omni,R-HSA-176187,2,3.0598290598290596,0.6536312849162011,30,895,0.8256834080406841,0.9999999999976831,
Nomic Omni,R-HSA-6783310,1,2.3458689458689457,0.42628127277143557,23,895,0.916055089607592,0.9999999999976831,
Nomic Omni,R-HSA-6804114,1,1.5299145299145298,0.6536312849162011,15,895,0.8011180064967987,0.9999999999976831,TP53 Regulates Transcription of Genes Involved in G2 Cell Cycle Arrest
Nomic Omni,R-HSA-9955298,2,2.447863247863248,0.8170391061452513,24,895,0.7186138212771851,0.9999999999976831,
Nomic Omni,R-HSA-4641262,1,2.447863247863248,0.40851955307262566,24,895,0.9246394925784792,0.9999999999976831,
Nomic Omni,R-HSA-4641265,1,1.223931623931624,0.8170391061452513,12,895,0.7252246549725784,0.9999999999976831,
Nomic Omni,R-HSA-8931838,1,1.4279202279202279,0.7003192338387869,14,895,0.7784890484259412,0.9999999999976831,
Nomic Omni,R-HSA-9939291,1,1.223931623931624,0.8170391061452513,12,895,0.7252246549725784,0.9999999999976831,
Nomic Omni,R-HSA-3899300,1,4.181766381766382,0.23913339692056138,41,895,0.9879823844578616,0.9999999999976831,
Nomic Omni,R-HSA-8866654,1,3.977777777777778,0.25139664804469275,39,895,0.9850821469613475,0.9999999999976831,
Nomic Omni,R-HSA-1839117,1,1.631908831908832,0.6127793296089385,16,895,0.8214375709015207,0.9999999999976831,
Nomic Omni,R-HSA-9931510,1,1.8358974358974358,0.5446927374301677,18,895,0.8560663301783463,0.9999999999976831,
Nomic Omni,R-HSA-162658,1,1.223931623931624,0.8170391061452513,12,895,0.7252246549725784,0.9999999999976831,
Nomic Omni,R-HSA-9931521,1,1.1219373219373219,0.8913153885220925,11,895,0.693972407698523,0.9999999999976831,
Nomic Omni,R-HSA-2214320,1,1.4279202279202279,0.7003192338387869,14,895,0.7784890484259412,0.9999999999976831,
Nomic Omni,R-HSA-9617828,1,1.631908831908832,0.6127793296089385,16,895,0.8214375709015207,0.9999999999976831,
Nomic Omni,R-HSA-166786,7,8.15954415954416,0.8578910614525139,80,895,0.7205215186063418,0.9999999999976831,Creation of C4 and C2 activators
Nomic Omni,R-HSA-173623,4,7.445584045584045,0.5372311930818091,73,895,0.9485012723735379,0.9999999999976831,Classical antibody-mediated complement activation
Nomic Omni,R-HSA-380972,2,2.651851851851852,0.7541899441340782,26,895,0.759348312144631,0.9999999999976831,
Nomic Omni,R-HSA-180024,2,2.2438746438746437,0.8913153885220925,22,895,0.6722234920100081,0.9999999999976831,
Nomic Omni,R-HSA-2514859,1,2.447863247863248,0.40851955307262566,24,895,0.9246394925784792,0.9999999999976831,
Nomic Omni,R-HSA-451326,1,2.447863247863248,0.40851955307262566,24,895,0.9246394925784792,0.9999999999976831,
Nomic Omni,R-HSA-8876725,1,1.1219373219373219,0.8913153885220925,11,895,0.693972407698523,0.9999999999976831,
Nomic Omni,R-HSA-9619483,2,2.447863247863248,0.8170391061452513,24,895,0.7186138212771851,0.9999999999976831,
Nomic Omni,R-HSA-9683701,1,2.753846153846154,0.36312849162011174,27,895,0.9454797019064092,0.9999999999976831,
Nomic Omni,R-HSA-9694548,1,3.365811965811966,0.2971051295073641,33,895,0.9714744351679003,0.9999999999976831,
Nomic Omni,R-HSA-9694635,1,5.303703703703704,0.18854748603351956,52,895,0.996343816019308,0.9999999999976831,
Nomic Omni,R-HSA-9933387,2,1.937891737891738,1.032049397236107,19,895,0.5912757145763318,0.9999999999976831,
Nomic Omni,R-HSA-73762,1,3.4678062678062678,0.28836674334538287,34,895,0.9743948630476451,0.9999999999976831,
Nomic Omni,R-HSA-73863,1,2.03988603988604,0.49022346368715086,20,895,0.8839855376429057,0.9999999999976831,
Nomic Omni,R-HSA-427389,1,1.325925925925926,0.7541899441340782,13,895,0.7532885524733821,0.9999999999976831,
Nomic Omni,R-HSA-9770562,1,12.239316239316238,0.08170391061452514,120,895,0.9999977459374318,0.9999999999976831,
Nomic Omni,R-HSA-69273,1,2.753846153846154,0.36312849162011174,27,895,0.9454797019064092,0.9999999999976831,
Nomic Omni,R-HSA-9661069,1,1.4279202279202279,0.7003192338387869,14,895,0.7784890484259412,0.9999999999976831,
Nomic Omni,R-HSA-5696395,2,3.4678062678062678,0.5767334866907657,34,895,0.8751003151363214,0.9999999999976831,
Nomic Omni,R-HSA-2173793,2,2.651851851851852,0.7541899441340782,26,895,0.759348312144631,0.9999999999976831,
Nomic Omni,R-HSA-68962,1,2.753846153846154,0.36312849162011174,27,895,0.9454797019064092,0.9999999999976831,
Nomic Omni,R-HSA-1461957,1,2.447863247863248,0.40851955307262566,24,895,0.9246394925784792,0.9999999999976831,
Nomic Omni,R-HSA-429947,1,2.2438746438746437,0.44565769426104623,22,895,0.9064940442014828,0.9999999999976831,
Nomic Omni,R-HSA-202433,3,3.0598290598290596,0.9804469273743017,30,895,0.6030110766022618,0.9999999999976831,Generation of second messenger molecules
Nomic Omni,R-HSA-937072,1,1.4279202279202279,0.7003192338387869,14,895,0.7784890484259412,0.9999999999976831,
Nomic Omni,R-HSA-975163,1,1.325925925925926,0.7541899441340782,13,895,0.7532885524733821,0.9999999999976831,
Nomic Omni,R-HSA-9824878,1,1.4279202279202279,0.7003192338387869,14,895,0.7784890484259412,0.9999999999976831,
Nomic Omni,R-HSA-5690714,3,5.915669515669515,0.5071277210556733,58,895,0.9441664982582956,0.9999999999976831,
Nomic Omni,R-HSA-202427,2,2.2438746438746437,0.8913153885220925,22,895,0.6722234920100081,0.9999999999976831,Phosphorylation of CD3 and TCR zeta chains
Nomic Omni,R-HSA-2029481,5,8.261538461538462,0.6052141527001862,81,895,0.9263592900058869,0.9999999999976831,FCGR activation
Nomic Omni,R-HSA-9764725,3,3.263817663817664,0.9191689944134078,32,895,0.647576255800848,0.9999999999976831,
Nomic Omni,R-HSA-9937850,1,2.8558404558404558,0.35015961691939346,28,895,0.9510576244937164,0.9999999999976831,
Nomic Omni,R-HSA-9940951,1,2.3458689458689457,0.42628127277143557,23,895,0.916055089607592,0.9999999999976831,
Nomic Omni,R-HSA-2122947,4,4.07977207977208,0.9804469273743017,40,895,0.5935776445832779,0.9999999999976831,
Nomic Omni,R-HSA-5625900,1,1.937891737891738,0.5160246986180534,19,895,0.8707769199340138,0.9999999999976831,
Nomic Omni,R-HSA-3232118,1,1.631908831908832,0.6127793296089385,16,895,0.8214375709015207,0.9999999999976831,SUMOylation of transcription factors
Nomic Omni,R-HSA-5627117,1,1.8358974358974358,0.5446927374301677,18,895,0.8560663301783463,0.9999999999976831,
Nomic Omni,R-HSA-5696400,3,3.4678062678062678,0.8651002300361486,34,895,0.6884675582250143,0.9999999999976831,
Nomic Omni,R-HSA-8873719,1,6.221652421652422,0.16072900448759042,61,895,0.9986206087172419,0.9999999999976831,
Nomic Omni,R-HSA-937039,1,1.325925925925926,0.7541899441340782,13,895,0.7532885524733821,0.9999999999976831,
Nomic Omni,R-HSA-975144,1,1.325925925925926,0.7541899441340782,13,895,0.7532885524733821,0.9999999999976831,
Nomic Omni,R-HSA-420029,1,1.1219373219373219,0.8913153885220925,11,895,0.693972407698523,0.9999999999976831,
Nomic Omni,R-HSA-4085001,3,3.161823361823362,0.9488196071364209,31,895,0.6257493718537785,0.9999999999976831,
Nomic Omni,R-HSA-8948216,3,4.181766381766382,0.7174001907616842,41,895,0.8034699957898273,0.9999999999976831,
Nomic Omni,R-HSA-9684482,1,4.385754985754986,0.22801091334286086,43,895,0.9903192817131822,0.9999999999976831,
Nomic Omni,R-HSA-110314,2,2.8558404558404558,0.7003192338387869,28,895,0.7948757920491134,0.9999999999976831,
Nomic Omni,R-HSA-2453902,1,1.631908831908832,0.6127793296089385,16,895,0.8214375709015207,0.9999999999976831,
Nomic Omni,R-HSA-9820865,1,1.1219373219373219,0.8913153885220925,11,895,0.693972407698523,0.9999999999976831,
Nomic Omni,R-HSA-8849932,1,1.7339031339031339,0.5767334866907657,17,895,0.839683189584377,0.9999999999976831,
Nomic Omni,R-HSA-400511,1,1.01994301994302,0.9804469273743017,10,895,0.6591700322080754,0.9999999999976831,
Nomic Omni,R-HSA-198753,1,2.2438746438746437,0.44565769426104623,22,895,0.9064940442014828,0.9999999999976831,
Nomic Omni,R-HSA-202670,1,1.325925925925926,0.7541899441340782,13,895,0.7532885524733821,0.9999999999976831,
Nomic Omni,R-HSA-156827,2,7.241595441595441,0.27618223306318357,71,895,0.9957387156346386,0.9999999999976831,
Nomic Omni,R-HSA-72649,2,4.385754985754986,0.4560218266857217,43,895,0.9427864361826662,0.9999999999976831,
Nomic Omni,R-HSA-72662,2,4.4877492877492875,0.44565769426104623,44,895,0.9476529460205362,0.9999999999976831,
Nomic Omni,R-HSA-72695,1,3.6717948717948716,0.27234636871508383,36,895,0.9793701627457082,0.9999999999976831,
Nomic Omni,R-HSA-72702,2,4.385754985754986,0.4560218266857217,43,895,0.9427864361826662,0.9999999999976831,
Nomic Omni,R-HSA-72706,2,7.343589743589743,0.27234636871508383,72,895,0.9961284925610424,0.9999999999976831,
Nomic Omni,R-HSA-4755510,1,1.1219373219373219,0.8913153885220925,11,895,0.693972407698523,0.9999999999976831,
Nomic Omni,R-HSA-5689896,1,3.5698005698005697,0.28012769353551475,35,895,0.9770165994133193,0.9999999999976831,Ovarian tumor domain proteases
Nomic Omni,R-HSA-2730905,4,8.363532763532763,0.47826679384112275,82,895,0.9735186128806553,0.9999999999976831,Role of LAT2/NTAL/LAB on calcium mobilization
Nomic Omni,R-HSA-2871796,7,9.383475783475783,0.7459922273500122,92,895,0.8416570943895421,0.9999999999976831,FCERI mediated MAPK activation
Nomic Omni,R-HSA-5685939,1,1.1219373219373219,0.8913153885220925,11,895,0.693972407698523,0.9999999999976831,
Nomic Omni,R-HSA-189200,1,1.01994301994302,0.9804469273743017,10,895,0.6591700322080754,0.9999999999976831,
Nomic Omni,R-HSA-4641263,2,2.141880341880342,0.933758978451716,21,895,0.6467886357363394,0.9999999999976831,
Nomic Omni,R-HSA-392154,2,1.937891737891738,1.032049397236107,19,895,0.5912757145763318,0.9999999999976831,
Nomic Omni,R-HSA-9927354,1,1.01994301994302,0.9804469273743017,10,895,0.6591700322080754,0.9999999999976831,
Nomic Omni,R-HSA-9013973,1,1.223931623931624,0.8170391061452513,12,895,0.7252246549725784,0.9999999999976831,
Nomic Omni,R-HSA-388844,1,1.937891737891738,0.5160246986180534,19,895,0.8707769199340138,0.9999999999976831,
Nomic Omni,R-HSA-5656169,3,3.161823361823362,0.9488196071364209,31,895,0.6257493718537785,0.9999999999976831,
Nomic Omni,R-HSA-5696397,2,2.3458689458689457,0.8525625455428711,23,895,0.6961510452670832,0.9999999999976831,
Nomic Omni,R-HSA-1482788,1,2.447863247863248,0.40851955307262566,24,895,0.9246394925784792,0.9999999999976831,
Nomic Omni,R-HSA-1482925,1,1.5299145299145298,0.6536312849162011,15,895,0.8011180064967987,0.9999999999976831,
Nomic Omni,R-HSA-1482801,1,1.937891737891738,0.5160246986180534,19,895,0.8707769199340138,0.9999999999976831,
Nomic Omni,R-HSA-9968295,1,2.03988603988604,0.49022346368715086,20,895,0.8839855376429057,0.9999999999976831,
Nomic Omni,R-HSA-1482922,1,1.5299145299145298,0.6536312849162011,15,895,0.8011180064967987,0.9999999999976831,
Nomic Omni,R-HSA-69091,1,1.4279202279202279,0.7003192338387869,14,895,0.7784890484259412,0.9999999999976831,
Olink Explore HT,R-HSA-381426,71,42.263931623931626,1.6799194318163433,113,3282,3.1320367350352553e-08,1.9998054553200106e-05,Regulation of Insulin-like Growth Factor (IGF) transport and uptake by Insulin-like Growth Factor Binding Proteins (IGFBPs)
Olink Explore HT,R-HSA-9769739,38,18.700854700854702,2.03199268738574,50,3282,2.8848177650230663e-08,1.9998054553200106e-05,Regulation of clotting cascade
Olink Explore HT,R-HSA-8957275,64,37.401709401709404,1.7111517367458866,100,3282,5.400845440491367e-08,2.298959875835825e-05,Post-translational protein phosphorylation
Olink Explore HT,R-HSA-3000178,46,25.0591452991453,1.8356571802777701,67,3282,1.9012936283638186e-07,6.069879908551491e-05,ECM proteoglycans
Olink Explore HT,R-HSA-6783783,33,16.456752136752137,2.005255941499086,44,3282,4.117058772005483e-07,0.00010514968103702002,Interleukin-10 signaling
Olink Explore HT,R-HSA-216083,48,27.677264957264956,1.7342754088640744,74,3282,1.4012092878585108e-06,0.0002481694651115676,Integrin cell surface interactions
Olink Explore HT,R-HSA-6785807,61,37.401709401709404,1.6309414990859232,100,3282,1.278368907496719e-06,0.0002481694651115676,Interleukin-4 and Interleukin-13 signaling
Olink Explore HT,R-HSA-5669034,23,10.472478632478632,2.1962326978323325,28,3282,1.5547029920849968e-06,0.0002481694651115676,TNFs bind their physiological receptors
Olink Explore HT,R-HSA-2219530,52,31.417435897435897,1.6551318882214678,84,3282,4.141132039797452e-06,0.0005288225614821345,Constitutive Signaling by Aberrant PI3K in Cancer
Olink Explore HT,R-HSA-5676594,15,5.984273504273505,2.506569926873857,16,3282,3.9988301613939866e-06,0.0005288225614821345,TNF receptor superfamily (TNFSF) members mediating non-canonical NF-kB pathway
Olink Explore HT,R-HSA-1475029,12,4.488205128205128,2.673674588665448,12,3282,7.399827394623783e-06,0.0008590526893576882,Reversible hydration of carbon dioxide
Olink Explore HT,R-HSA-449836,19,8.602393162393163,2.208687703680152,23,3282,1.1498900566368522e-05,0.0012236746686043833,Other interleukin signaling
Olink Explore HT,R-HSA-9927418,20,9.350427350427351,2.1389396709323583,25,3282,1.654153716140484e-05,0.0016248879196241524,Developmental Lineage of Mammary Gland Luminal Epithelial Cells
Olink Explore HT,R-HSA-9927432,18,8.228376068376068,2.187551936180821,22,3282,2.564159799969692e-05,0.002338880046115212,Developmental Lineage of Mammary Gland Myoepithelial Cells
Olink Explore HT,R-HSA-9925561,32,17.952820512820512,1.7824497257769654,48,3282,3.57124320843208e-05,0.003040318384778511,
Olink Explore HT,R-HSA-380108,30,16.83076923076923,1.7824497257769651,45,3282,6.264397642772806e-05,0.004999772368638046,Chemokine receptors bind chemokines
Olink Explore HT,R-HSA-2022377,14,6.358290598290599,2.201849661253898,17,3282,0.00019475976895078932,0.01462989558530341,Metabolism of Angiotensinogen to Angiotensins
Olink Explore HT,R-HSA-3560783,15,7.1063247863247865,2.1107957278937746,19,3282,0.0002682741654517948,0.017129305464097095,"Defective B4GALT7 causes EDS, progeroid type"
Olink Explore HT,R-HSA-3560801,15,7.1063247863247865,2.1107957278937746,19,3282,0.0002682741654517948,0.017129305464097095,Defective B3GAT3 causes JDSSDHD
Olink Explore HT,R-HSA-4420332,15,7.1063247863247865,2.1107957278937746,19,3282,0.0002682741654517948,0.017129305464097095,Defective B3GALT6 causes EDSP2 and SEMDJL1
Olink Explore HT,R-HSA-114608,62,43.76,1.416819012797075,117,3282,0.000395125972605222,0.020667324505468165,Platelet degranulation 
Olink Explore HT,R-HSA-419037,24,13.464615384615385,1.7824497257769651,36,3282,0.0003417759325002233,0.020667324505468165,NCAM1 interactions
Olink Explore HT,R-HSA-975634,28,16.456752136752137,1.7014292836961942,44,3282,0.00036066880943920113,0.020667324505468165,Retinoid metabolism and transport
Olink Explore HT,R-HSA-9769735,17,8.602393162393163,1.9761942611875047,23,3282,0.00040460697935528904,0.020667324505468165,Initiation of coagulation cascade
Olink Explore HT,R-HSA-199418,62,43.76,1.416819012797075,117,3282,0.000395125972605222,0.020667324505468165,Negative regulation of the PI3K/AKT network
Olink Explore HT,R-HSA-3000480,13,5.984273504273505,2.1723606032906764,16,3282,0.0004335150088474365,0.021292256396083706,Scavenging by Class A Receptors
Olink Explore HT,R-HSA-6811558,59,41.515897435897436,1.421142348930283,111,3282,0.0004875537050253805,0.023059484493237442,"PI5P, PP2A and IER3 Regulate PI3K/AKT Signaling"
Olink Explore HT,R-HSA-76005,64,46.00410256410257,1.3911802737771435,123,3282,0.0006151449942086706,0.028055005628731155,Response to elevated platelet cytosolic Ca2+
Olink Explore HT,R-HSA-9665686,16,8.228376068376068,1.9444906099385075,22,3282,0.0008119704845269917,0.03575470030141271,Signaling by ERBB2 TMD/JMD mutants
Olink Explore HT,R-HSA-180292,12,5.61025641025641,2.1389396709323583,15,3282,0.0009531316545147063,0.03688330675197818,GAB1 signalosome
Olink Explore HT,R-HSA-9664565,17,8.976410256410256,1.8938528336380256,24,3282,0.0009040900653680854,0.03688330675197818,Signaling by ERBB2 KD Mutants
Olink Explore HT,R-HSA-9769733,9,3.74017094017094,2.406307129798903,10,3282,0.0009444552931855412,0.03688330675197818,Fibrin formation
Olink Explore HT,R-HSA-210990,9,3.74017094017094,2.406307129798903,10,3282,0.0009444552931855412,0.03688330675197818,PECAM1 interactions
Olink Explore HT,R-HSA-451927,25,14.96068376068376,1.671046617915905,40,3282,0.0010915283002274473,0.04099651880560148,
Olink Explore HT,R-HSA-9694614,13,6.358290598290599,2.044574685450048,17,3282,0.001209469538511541,0.04290257224108994,Attachment and Entry
Olink Explore HT,R-HSA-6788467,13,6.358290598290599,2.044574685450048,17,3282,0.001209469538511541,0.04290257224108994,IL-6-type cytokine receptor ligand interactions
Olink Explore HT,R-HSA-2024096,14,7.1063247863247865,1.9700760127008563,19,3282,0.0014281667411683388,0.049291052120864015,HS-GAG degradation
Olink Explore HT,R-HSA-1474228,66,48.99623931623932,1.3470421591749584,131,3282,0.0015397944370353527,0.05174519726563541,Degradation of the extracellular matrix
Olink Explore HT,R-HSA-6798695,206,175.41401709401708,1.1743645314820519,469,3282,0.0017115467720823672,0.05184354043822868,Neutrophil degranulation
Olink Explore HT,R-HSA-375276,64,47.50017094017094,1.3473635722408557,127,3282,0.0017863083627893985,0.05184354043822868,Peptide ligand-binding receptors
Olink Explore HT,R-HSA-5620912,41,28.05128205128205,1.4616087751371116,75,3282,0.001676610966866936,0.05184354043822868,Anchoring of the basal body to the plasma membrane
Olink Explore HT,R-HSA-5668541,45,31.417435897435897,1.4323256724993472,84,3282,0.0017719271631268499,0.05184354043822868,TNFR2 non-canonical NF-kB pathway
Olink Explore HT,R-HSA-9927426,15,7.854358974358974,1.909767563332463,21,3282,0.0016057268383167693,0.05184354043822868,
Olink Explore HT,R-HSA-452723,16,8.602393162393163,1.859947539941181,23,3282,0.0017430870677765955,0.05184354043822868,
Olink Explore HT,R-HSA-180336,11,5.236239316239316,2.100744319665709,14,3282,0.0020663916523246183,0.05863960311152306,SHC1 events in EGFR signaling
Olink Explore HT,R-HSA-977225,30,19.448888888888888,1.5425045703839124,52,3282,0.0022730585550315885,0.06310208206033345,Amyloid fiber formation
Olink Explore HT,R-HSA-2024101,12,5.984273504273505,2.005255941499086,16,3282,0.0025119815915165132,0.06825107430567208,
Olink Explore HT,R-HSA-9769743,13,6.7323076923076925,1.9309872029250457,18,3282,0.0028629667987660847,0.0746124204494753,Amplification and propagation of coagulation cascade
Olink Explore HT,R-HSA-8862803,13,6.7323076923076925,1.9309872029250457,18,3282,0.0028629667987660847,0.0746124204494753,Deregulated CDK5 triggers multiple neurodegenerative pathways in Alzheimer's disease models
Olink Explore HT,R-HSA-499943,19,11.22051282051282,1.6933272394881171,30,3282,0.0034664521510640285,0.08512806532516855,
Olink Explore HT,R-HSA-2129379,21,12.716581196581197,1.6513872459404235,34,3282,0.003335863825539432,0.08512806532516855,Molecules associated with elastic fibres
Olink Explore HT,R-HSA-9968734,19,11.22051282051282,1.6933272394881171,30,3282,0.0034664521510640285,0.08512806532516855,Differentiation of Circulating Monocytes
Olink Explore HT,R-HSA-177929,28,18.326837606837607,1.5278140506659703,49,3282,0.003806109894908929,0.09170570444903212,Signaling by EGFR
Olink Explore HT,R-HSA-9938206,10,4.862222222222222,2.056672760511883,13,3282,0.004408471185352453,0.09706237420163935,Developmental Lineage of Mammary Stem Cells
Olink Explore HT,R-HSA-75205,10,4.862222222222222,2.056672760511883,13,3282,0.004408471185352453,0.09706237420163935,Dissolution of Fibrin Clot
Olink Explore HT,R-HSA-179812,10,4.862222222222222,2.056672760511883,13,3282,0.004408471185352453,0.09706237420163935,GRB2 events in EGFR signaling
Olink Explore HT,R-HSA-8847993,10,4.862222222222222,2.056672760511883,13,3282,0.004408471185352453,0.09706237420163935,ERBB2 Activates PTK6 Signaling
Olink Explore HT,R-HSA-933543,10,4.862222222222222,2.056672760511883,13,3282,0.004408471185352453,0.09706237420163935,
Olink Explore HT,R-HSA-1566948,24,15.334700854700854,1.5650778079992866,41,3282,0.004727562693374238,0.10232368744811697,Elastic fibre formation
Olink Explore HT,R-HSA-1963642,11,5.61025641025641,1.960694698354662,15,3282,0.005127856646301877,0.10561730544076607,PI3K events in ERBB2 signaling
Olink Explore HT,R-HSA-140534,11,5.61025641025641,1.960694698354662,15,3282,0.005127856646301877,0.10561730544076607,
Olink Explore HT,R-HSA-5654228,11,5.61025641025641,1.960694698354662,15,3282,0.005127856646301877,0.10561730544076607,Phospholipase C-mediated cascade; FGFR4
Olink Explore HT,R-HSA-1566977,13,7.1063247863247865,1.829356297507938,19,3282,0.0059717002568945325,0.11915408168834872,
Olink Explore HT,R-HSA-388844,13,7.1063247863247865,1.829356297507938,19,3282,0.0059717002568945325,0.11915408168834872,
Olink Explore HT,R-HSA-9820960,15,8.602393162393163,1.7437008186948573,23,3282,0.006238282516248767,0.12070131474620721,Respiratory syncytial virus (RSV) attachment and entry
Olink Explore HT,R-HSA-5621480,15,8.602393162393163,1.7437008186948573,23,3282,0.006238282516248767,0.12070131474620721,Dectin-2 family
Olink Explore HT,R-HSA-2892247,8,3.74017094017094,2.1389396709323583,10,3282,0.007672827386180587,0.1440911848845972,
Olink Explore HT,R-HSA-190377,8,3.74017094017094,2.1389396709323583,10,3282,0.007672827386180587,0.1440911848845972,FGFR2b ligand binding and activation
Olink Explore HT,R-HSA-375280,9,4.488205128205128,2.005255941499086,12,3282,0.009231451953029693,0.15930492086512052,
Olink Explore HT,R-HSA-3656237,9,4.488205128205128,2.005255941499086,12,3282,0.009231451953029693,0.15930492086512052,Defective EXT2 causes exostoses 2
Olink Explore HT,R-HSA-3656253,9,4.488205128205128,2.005255941499086,12,3282,0.009231451953029693,0.15930492086512052,"Defective EXT1 causes exostoses 1, TRPS2 and CHDS"
Olink Explore HT,R-HSA-6804759,9,4.488205128205128,2.005255941499086,12,3282,0.009231451953029693,0.15930492086512052,Regulation of TP53 Activity through Association with Co-factors
Olink Explore HT,R-HSA-9700645,9,4.488205128205128,2.005255941499086,12,3282,0.009231451953029693,0.15930492086512052,
Olink Explore HT,R-HSA-6803211,9,4.488205128205128,2.005255941499086,12,3282,0.009231451953029693,0.15930492086512052,TP53 Regulates Transcription of Death Receptors and Ligands
Olink Explore HT,R-HSA-186797,30,20.944957264957264,1.4323256724993472,56,3282,0.00977430253719596,0.16642379119998987,Signaling by PDGF
Olink Explore HT,R-HSA-1442490,33,23.563076923076924,1.4004962131104726,63,3282,0.010660608918710988,0.16915619584005087,Collagen degradation
Olink Explore HT,R-HSA-1614635,15,8.976410256410256,1.671046617915905,24,3282,0.010933618255673997,0.16915619584005087,
Olink Explore HT,R-HSA-9634638,14,8.228376068376068,1.7014292836961942,22,3282,0.01115875249553469,0.16915619584005087,Estrogen-dependent nuclear events downstream of ESR-membrane signaling
Olink Explore HT,R-HSA-9660826,16,9.724444444444444,1.6453382084095065,26,3282,0.010620207227987408,0.16915619584005087,Purinergic signaling in leishmaniasis infection
Olink Explore HT,R-HSA-9818027,13,7.48034188034188,1.7378884826325411,20,3282,0.01125941789068467,0.16915619584005087,
Olink Explore HT,R-HSA-1963640,11,5.984273504273505,1.8381512797074953,16,3282,0.010882781766829676,0.16915619584005087,GRB2 events in ERBB2 signaling
Olink Explore HT,R-HSA-912526,16,9.724444444444444,1.6453382084095065,26,3282,0.010620207227987408,0.16915619584005087,
Olink Explore HT,R-HSA-190322,10,5.236239316239316,1.909767563332463,14,3282,0.010263670017922043,0.16915619584005087,FGFR4 ligand binding and activation
Olink Explore HT,R-HSA-5654221,12,6.7323076923076925,1.7824497257769651,18,3282,0.011188097958653186,0.16915619584005087,Phospholipase C-mediated cascade; FGFR2
Olink Explore HT,R-HSA-5654719,13,7.48034188034188,1.7378884826325411,20,3282,0.01125941789068467,0.16915619584005087,SHC-mediated cascade:FGFR4
Olink Explore HT,R-HSA-8854518,31,22.067008547008548,1.404812072010659,59,3282,0.01239744807410612,0.18197173782337375,
Olink Explore HT,R-HSA-375165,31,22.067008547008548,1.404812072010659,59,3282,0.01239744807410612,0.18197173782337375,NCAM signaling for neurite out-growth
Olink Explore HT,R-HSA-111465,21,13.838632478632478,1.517490982756065,37,3282,0.012806087254324123,0.18583378890649893,Apoptotic cleavage of cellular proteins
Olink Explore HT,R-HSA-1592389,20,13.09059829059829,1.5278140506659703,35,3282,0.013629242983430451,0.19555666617798526,Activation of Matrix Metalloproteinases
Olink Explore HT,R-HSA-3299685,19,12.342564102564102,1.5393883995346518,33,3282,0.01448135501107935,0.20547433721275923,
Olink Explore HT,R-HSA-9614085,30,21.692991452991453,1.3829351320683352,58,3282,0.017961684298040088,0.23413905325003875,FOXO-mediated transcription
Olink Explore HT,R-HSA-3000171,37,27.677264957264956,1.336837294332724,74,3282,0.017737910922212344,0.23413905325003875,Non-integrin membrane-ECM interactions
Olink Explore HT,R-HSA-3000170,16,10.098461538461539,1.5843997562461913,27,3282,0.017129712440663587,0.23413905325003875,Syndecan interactions
Olink Explore HT,R-HSA-380259,29,20.944957264957264,1.3845814834160357,56,3282,0.01941456210188352,0.23413905325003875,
Olink Explore HT,R-HSA-380284,29,20.944957264957264,1.3845814834160357,56,3282,0.01941456210188352,0.23413905325003875,
Olink Explore HT,R-HSA-264870,8,4.114188034188034,1.9444906099385075,11,3282,0.01891313654385643,0.23413905325003875,
Olink Explore HT,R-HSA-933542,15,9.350427350427351,1.6042047531992687,25,3282,0.017995454716423567,0.23413905325003875,TRAF6 mediated NF-kB activation
Olink Explore HT,R-HSA-9856532,9,4.862222222222222,1.8510054844606947,13,3282,0.020083158680303487,0.23413905325003875,
Olink Explore HT,R-HSA-159854,8,4.114188034188034,1.9444906099385075,11,3282,0.01891313654385643,0.23413905325003875,"Gamma-carboxylation, transport, and amino-terminal cleavage of proteins"
Olink Explore HT,R-HSA-6785631,10,5.61025641025641,1.7824497257769654,15,3282,0.020535296761162364,0.23413905325003875,ERBB2 Regulates Cell Motility
Olink Explore HT,R-HSA-3371378,8,4.114188034188034,1.9444906099385075,11,3282,0.01891313654385643,0.23413905325003875,
Olink Explore HT,R-HSA-5218900,8,4.114188034188034,1.9444906099385075,11,3282,0.01891313654385643,0.23413905325003875,
Olink Explore HT,R-HSA-69416,8,4.114188034188034,1.9444906099385075,11,3282,0.01891313654385643,0.23413905325003875,
Olink Explore HT,R-HSA-9665348,10,5.61025641025641,1.7824497257769654,15,3282,0.020535296761162364,0.23413905325003875,Signaling by ERBB2 ECD mutants
Olink Explore HT,R-HSA-1679131,9,4.862222222222222,1.8510054844606947,13,3282,0.020083158680303487,0.23413905325003875,
Olink Explore HT,R-HSA-428542,8,4.114188034188034,1.9444906099385075,11,3282,0.01891313654385643,0.23413905325003875,
Olink Explore HT,R-HSA-190375,9,4.862222222222222,1.8510054844606947,13,3282,0.020083158680303487,0.23413905325003875,FGFR2c ligand binding and activation
Olink Explore HT,R-HSA-2033519,11,6.358290598290599,1.7300247338423484,17,3282,0.020498195721681926,0.23413905325003875,Activated point mutants of FGFR2
Olink Explore HT,R-HSA-5654699,14,8.602393162393163,1.6274540974485334,23,3282,0.018812816907757247,0.23413905325003875,SHC-mediated cascade:FGFR2
Olink Explore HT,R-HSA-5654712,13,7.854358974358974,1.6551318882214678,21,3282,0.019542804223915022,0.23413905325003875,FRS-mediated FGFR4 signaling
Olink Explore HT,R-HSA-5654720,12,7.1063247863247865,1.6886365823150198,19,3282,0.020130494018810865,0.23413905325003875,PI-3K cascade:FGFR4
Olink Explore HT,R-HSA-8854691,15,9.350427350427351,1.6042047531992687,25,3282,0.017995454716423567,0.23413905325003875,
Olink Explore HT,R-HSA-9013026,31,22.815042735042734,1.3587526598135884,61,3282,0.021917368396177233,0.2476856587780383,
Olink Explore HT,R-HSA-8856825,43,33.287521367521364,1.2917753630630817,89,3282,0.022378864498919866,0.24914320580514535,Cargo recognition for clathrin-mediated endocytosis
Olink Explore HT,R-HSA-380270,34,25.433162393162394,1.3368372943327238,68,3282,0.02243654555018928,0.24914320580514535,
Olink Explore HT,R-HSA-5633008,22,15.334700854700854,1.4346546573326795,41,3282,0.024546367448105823,0.2665196058968038,TP53 Regulates Transcription of Cell Death Genes
Olink Explore HT,R-HSA-8863795,17,11.22051282051282,1.5150822669104205,30,3282,0.02462749686438751,0.2665196058968038,Downregulation of ERBB2 signaling
Olink Explore HT,R-HSA-182971,17,11.22051282051282,1.5150822669104205,30,3282,0.02462749686438751,0.2665196058968038,EGFR downregulation
Olink Explore HT,R-HSA-5673001,106,90.88615384615385,1.1662942650145576,243,3282,0.02548147102679532,0.2734440210186355,RAF/MAP kinase cascade
Olink Explore HT,R-HSA-196071,16,10.472478632478632,1.5278140506659703,28,3282,0.02630798085010054,0.27868424659541946,
Olink Explore HT,R-HSA-163125,38,29.173333333333332,1.3025594149908593,78,3282,0.026406259857514294,0.27868424659541946,
Olink Explore HT,R-HSA-9615017,15,9.724444444444444,1.5425045703839124,26,3282,0.02805261038247286,0.2936326512985069,"FOXO-mediated transcription of oxidative stress, metabolic and neuronal genes"
Olink Explore HT,R-HSA-512988,24,17.204786324786326,1.3949606549558857,46,3282,0.028749607137508685,0.2984816936146227,"Interleukin-3, Interleukin-5 and GM-CSF signaling"
Olink Explore HT,R-HSA-5654700,14,8.976410256410256,1.5596435100548447,24,3282,0.02984369502067379,0.3073419237209712,FRS-mediated FGFR2 signaling
Olink Explore HT,R-HSA-5686938,13,8.228376068376068,1.5798986205750374,22,3282,0.03165310116490883,0.3208016681554649,
Olink Explore HT,R-HSA-5654695,13,8.228376068376068,1.5798986205750374,22,3282,0.03165310116490883,0.3208016681554649,PI-3K cascade:FGFR2
Olink Explore HT,R-HSA-2173789,22,15.708717948717949,1.4004962131104728,42,3282,0.03370494089472536,0.33890716159499434,TGF-beta receptor signaling activates SMADs
Olink Explore HT,R-HSA-391160,11,6.7323076923076925,1.6339122486288848,18,3282,0.035128349349298524,0.34774342727949004,
Olink Explore HT,R-HSA-416700,11,6.7323076923076925,1.6339122486288848,18,3282,0.035128349349298524,0.34774342727949004,
Olink Explore HT,R-HSA-9970672,7,3.74017094017094,1.8715722120658136,10,3282,0.03775567006313593,0.34913641293911535,FXIIa activates plasma kallikrein-kinin system
Olink Explore HT,R-HSA-75892,9,5.236239316239316,1.7187908069992166,14,3282,0.037758238272590075,0.34913641293911535,Platelet Adhesion to exposed collagen
Olink Explore HT,R-HSA-196108,8,4.488205128205128,1.7824497257769654,12,3282,0.038276505725509904,0.34913641293911535,
Olink Explore HT,R-HSA-3000471,7,3.74017094017094,1.8715722120658136,10,3282,0.03775567006313593,0.34913641293911535,
Olink Explore HT,R-HSA-159740,7,3.74017094017094,1.8715722120658136,10,3282,0.03775567006313593,0.34913641293911535,Gamma-carboxylation of protein precursors
Olink Explore HT,R-HSA-5213460,17,11.594529914529915,1.4662086453971812,31,3282,0.03588584813698273,0.34913641293911535,RIPK1-mediated regulated necrosis
Olink Explore HT,R-HSA-5675482,17,11.594529914529915,1.4662086453971812,31,3282,0.03588584813698273,0.34913641293911535,Regulation of necroptotic cell death
Olink Explore HT,R-HSA-1250347,9,5.236239316239316,1.7187908069992166,14,3282,0.037758238272590075,0.34913641293911535,SHC1 events in ERBB4 signaling
Olink Explore HT,R-HSA-918233,9,5.236239316239316,1.7187908069992166,14,3282,0.037758238272590075,0.34913641293911535,
Olink Explore HT,R-HSA-171007,8,4.488205128205128,1.7824497257769654,12,3282,0.038276505725509904,0.34913641293911535,p38MAPK events
Olink Explore HT,R-HSA-877312,9,5.236239316239316,1.7187908069992166,14,3282,0.037758238272590075,0.34913641293911535,
Olink Explore HT,R-HSA-525793,16,10.846495726495727,1.4751308075395575,29,3282,0.038695265248790814,0.3504528632816019,
Olink Explore HT,R-HSA-1971475,15,10.098461538461539,1.4853747714808043,27,3282,0.04170623280973442,0.3724395755107053,Glycosaminoglycan-protein linkage region biosynthesis
Olink Explore HT,R-HSA-9925563,23,16.83076923076923,1.36654478976234,45,3282,0.041623761408834906,0.3724395755107053,Developmental Lineage of Pancreatic Ductal Cells
Olink Explore HT,R-HSA-8853659,19,13.464615384615385,1.4111060329067642,36,3282,0.04289246412592517,0.38037275478337806,
Olink Explore HT,R-HSA-3000157,14,9.350427350427351,1.4972577696526508,25,3282,0.04492327358971952,0.3956346232694609,
Olink Explore HT,R-HSA-1250196,13,8.602393162393163,1.5112073762022096,23,3282,0.04834547069920588,0.4228573019375747,SHC1 events in ERBB2 signaling
Olink Explore HT,R-HSA-9013148,57,47.50017094017094,1.199995681527012,127,3282,0.04931687577456279,0.42552466462241,
Olink Explore HT,R-HSA-9918485,21,15.334700854700854,1.369443081999376,41,3282,0.04907595361271018,0.42552466462241,Dengue Virus Attachment and Entry
Olink Explore HT,R-HSA-445095,12,7.854358974358974,1.5278140506659703,21,3282,0.05196284686044706,0.4423770362719393,
Olink Explore HT,R-HSA-8935690,12,7.854358974358974,1.5278140506659703,21,3282,0.05196284686044706,0.4423770362719393,
Olink Explore HT,R-HSA-380320,37,29.547350427350427,1.2522273389952099,79,3282,0.0535373913770189,0.4527632370096234,
Olink Explore HT,R-HSA-373076,79,68.07111111111111,1.1605510577174198,182,3282,0.05415307711278495,0.45495710179622617,Class A/1 (Rhodopsin-like receptors)
Olink Explore HT,R-HSA-167044,11,7.1063247863247865,1.5479168671221013,19,3282,0.05575040042871905,0.46531543364362243,Signalling to RAS
Olink Explore HT,R-HSA-8856828,57,47.87418803418804,1.1906207152650823,128,3282,0.05730912122844531,0.4752191416150952,Clathrin-mediated endocytosis
Olink Explore HT,R-HSA-5655302,19,13.838632478632478,1.3729680320173923,37,3282,0.05799823514792986,0.4778306211864931,Signaling by FGFR1 in disease
Olink Explore HT,R-HSA-983189,28,21.692991452991453,1.2907394565971129,58,3282,0.05842317440139052,0.4782461135293314,
Olink Explore HT,R-HSA-190373,9,5.61025641025641,1.604204753199269,15,3282,0.06359265053973163,0.5107409732027504,FGFR1c ligand binding and activation
Olink Explore HT,R-HSA-844456,9,5.61025641025641,1.604204753199269,15,3282,0.06359265053973163,0.5107409732027504,The NLRP3 inflammasome
Olink Explore HT,R-HSA-9768919,9,5.61025641025641,1.604204753199269,15,3282,0.06359265053973163,0.5107409732027504,NPAS4 regulates expression of target genes
Olink Explore HT,R-HSA-1358803,8,4.862222222222222,1.6453382084095065,13,3282,0.06738586099784016,0.5157238414305003,
Olink Explore HT,R-HSA-74752,34,27.303247863247865,1.2452730960907565,73,3282,0.06744391661620482,0.5157238414305003,Signaling by Insulin receptor
Olink Explore HT,R-HSA-198933,84,73.30735042735043,1.1458605379994777,196,3282,0.06490226870219958,0.5157238414305003,Immunoregulatory interactions between a Lymphoid and a non-Lymphoid cell
Olink Explore HT,R-HSA-5083632,8,4.862222222222222,1.6453382084095065,13,3282,0.06738586099784016,0.5157238414305003,
Olink Explore HT,R-HSA-264642,8,4.862222222222222,1.6453382084095065,13,3282,0.06738586099784016,0.5157238414305003,
Olink Explore HT,R-HSA-190372,8,4.862222222222222,1.6453382084095065,13,3282,0.06738586099784016,0.5157238414305003,FGFR3c ligand binding and activation
Olink Explore HT,R-HSA-5654227,8,4.862222222222222,1.6453382084095065,13,3282,0.06738586099784016,0.5157238414305003,Phospholipase C-mediated cascade; FGFR3
Olink Explore HT,R-HSA-5083625,8,4.862222222222222,1.6453382084095065,13,3282,0.06738586099784016,0.5157238414305003,
Olink Explore HT,R-HSA-168638,17,12.342564102564102,1.3773475153731096,33,3282,0.06873469156033428,0.5190939221427271,NOD1/2 Signaling Pathway
Olink Explore HT,R-HSA-8956319,17,12.342564102564102,1.3773475153731096,33,3282,0.06873469156033428,0.5190939221427271,
Olink Explore HT,R-HSA-8963901,7,4.114188034188034,1.7014292836961942,11,3282,0.0707301037218751,0.5190939221427271,Chylomicron remodeling
Olink Explore HT,R-HSA-2173788,13,8.976410256410256,1.4482404021937842,24,3282,0.07021120559201656,0.5190939221427271,Downregulation of TGF-beta receptor signaling
Olink Explore HT,R-HSA-9942503,7,4.114188034188034,1.7014292836961942,11,3282,0.0707301037218751,0.5190939221427271,Differentiation of naive CD4+ T cells to T helper 1 cells (Th1 cells)
Olink Explore HT,R-HSA-174403,7,4.114188034188034,1.7014292836961942,11,3282,0.0707301037218751,0.5190939221427271,
Olink Explore HT,R-HSA-9020558,7,4.114188034188034,1.7014292836961942,11,3282,0.0707301037218751,0.5190939221427271,
Olink Explore HT,R-HSA-9013408,28,22.067008547008548,1.2688625166547887,59,3282,0.0725955344175082,0.5297399854351884,
Olink Explore HT,R-HSA-9013106,30,23.93709401709402,1.2532849634369285,64,3282,0.07589488536648951,0.5389867666929703,
Olink Explore HT,R-HSA-163560,12,8.228376068376068,1.4583679574538806,22,3282,0.07633454169509293,0.5389867666929703,
Olink Explore HT,R-HSA-75153,22,16.83076923076923,1.3071297989031079,45,3282,0.07609964079186489,0.5389867666929703,Apoptotic execution phase
Olink Explore HT,R-HSA-373760,44,36.653675213675214,1.2004253255232622,98,3282,0.07639514860722602,0.5389867666929703,L1CAM interactions
Olink Explore HT,R-HSA-77387,12,8.228376068376068,1.4583679574538806,22,3282,0.07633454169509293,0.5389867666929703,Insulin receptor recycling
Olink Explore HT,R-HSA-6807004,12,8.228376068376068,1.4583679574538806,22,3282,0.07633454169509293,0.5389867666929703,
Olink Explore HT,R-HSA-8980692,56,47.87418803418804,1.1697326325411335,128,3282,0.0811895124117204,0.5696648755481701,
Olink Explore HT,R-HSA-76009,18,13.464615384615385,1.3368372943327238,36,3282,0.08333649995965658,0.5815339368769479,Platelet Aggregation (Plug Formation)
Olink Explore HT,R-HSA-9841251,10,6.7323076923076925,1.4853747714808043,18,3282,0.0903200673512806,0.6167846310566061,
Olink Explore HT,R-HSA-6804115,10,6.7323076923076925,1.4853747714808043,18,3282,0.0903200673512806,0.6167846310566061,TP53 regulates transcription of additional cell cycle genes whose exact role in the p53 pathway remain uncertain
Olink Explore HT,R-HSA-8874081,14,10.098461538461539,1.3863497867154173,27,3282,0.08926669373957055,0.6167846310566061,
Olink Explore HT,R-HSA-5654704,10,6.7323076923076925,1.4853747714808043,18,3282,0.0903200673512806,0.6167846310566061,SHC-mediated cascade:FGFR3
Olink Explore HT,R-HSA-2565942,32,26.18119658119658,1.2222512405327761,70,3282,0.09459112944482334,0.6425152781970181,
Olink Explore HT,R-HSA-381070,22,17.204786324786326,1.2787139337095619,46,3282,0.09590122214426,0.643530362956275,
Olink Explore HT,R-HSA-5423646,9,5.984273504273505,1.5039419561243144,16,3282,0.09826814469575068,0.643530362956275,
Olink Explore HT,R-HSA-74259,9,5.984273504273505,1.5039419561243144,16,3282,0.09826814469575068,0.643530362956275,
Olink Explore HT,R-HSA-6803204,9,5.984273504273505,1.5039419561243144,16,3282,0.09826814469575068,0.643530362956275,TP53 Regulates Transcription of Genes Involved in Cytochrome C Release
Olink Explore HT,R-HSA-380994,13,9.350427350427351,1.3903107861060329,25,3282,0.09760646526117162,0.643530362956275,ATF4 activates genes in response to endoplasmic reticulum  stress
Olink Explore HT,R-HSA-9034015,9,5.984273504273505,1.5039419561243144,16,3282,0.09826814469575068,0.643530362956275,Signaling by NTRK3 (TRKC)
Olink Explore HT,R-HSA-1810476,9,5.984273504273505,1.5039419561243144,16,3282,0.09826814469575068,0.643530362956275,
Olink Explore HT,R-HSA-5083635,16,11.96854700854701,1.3368372943327238,32,3282,0.09937227358511262,0.6474407824907592,Defective B3GALTL causes PpS
Olink Explore HT,R-HSA-1227986,24,19.074871794871793,1.258199806430799,51,3282,0.10057621755187356,0.6486658071401138,Signaling by ERBB2
Olink Explore HT,R-HSA-202733,82,72.93333333333334,1.1243144424131626,195,3282,0.10048874782361582,0.6486658071401138,Cell surface interactions at the vascular wall
Olink Explore HT,R-HSA-381038,21,16.456752136752137,1.2760719627721455,44,3282,0.10437199981570781,0.6697640390183863,
Olink Explore HT,R-HSA-201451,15,11.22051282051282,1.336837294332724,30,3282,0.10869885273163199,0.6772217893554714,
Olink Explore HT,R-HSA-1236394,23,18.326837606837607,1.2549901130470469,49,3282,0.1092464280401152,0.6772217893554714,Signaling by ERBB4
Olink Explore HT,R-HSA-9013406,23,18.326837606837607,1.2549901130470469,49,3282,0.1092464280401152,0.6772217893554714,
Olink Explore HT,R-HSA-2424491,12,8.602393162393163,1.3949606549558857,23,3282,0.10686807369060611,0.6772217893554714,DAP12 signaling
Olink Explore HT,R-HSA-1839124,15,11.22051282051282,1.336837294332724,30,3282,0.10869885273163199,0.6772217893554714,FGFR1 mutant receptor activation
Olink Explore HT,R-HSA-5637810,8,5.236239316239316,1.5278140506659703,14,3282,0.10688935796484032,0.6772217893554714,Constitutive Signaling by EGFRvIII
Olink Explore HT,R-HSA-5654687,15,11.22051282051282,1.336837294332724,30,3282,0.10869885273163199,0.6772217893554714,Downstream signaling of activated FGFR1
Olink Explore HT,R-HSA-190873,7,4.488205128205128,1.5596435100548447,12,3282,0.1161651409167863,0.6963885815469244,
Olink Explore HT,R-HSA-210991,11,7.854358974358974,1.4004962131104728,21,3282,0.11718749271262992,0.6963885815469244,
Olink Explore HT,R-HSA-9926550,7,4.488205128205128,1.5596435100548447,12,3282,0.1161651409167863,0.6963885815469244,
Olink Explore HT,R-HSA-5578768,7,4.488205128205128,1.5596435100548447,12,3282,0.1161651409167863,0.6963885815469244,
Olink Explore HT,R-HSA-5689896,17,13.09059829059829,1.2986419430660747,35,3282,0.11724631560891836,0.6963885815469244,Ovarian tumor domain proteases
Olink Explore HT,R-HSA-1839122,7,4.488205128205128,1.5596435100548447,12,3282,0.1161651409167863,0.6963885815469244,Signaling by activated point mutants of FGFR1
Olink Explore HT,R-HSA-1839130,7,4.488205128205128,1.5596435100548447,12,3282,0.1161651409167863,0.6963885815469244,Signaling by activated point mutants of FGFR3
Olink Explore HT,R-HSA-2033514,7,4.488205128205128,1.5596435100548447,12,3282,0.1161651409167863,0.6963885815469244,FGFR3 mutant receptor activation
Olink Explore HT,R-HSA-5655332,11,7.854358974358974,1.4004962131104728,21,3282,0.11718749271262992,0.6963885815469244,Signaling by FGFR3 in disease
Olink Explore HT,R-HSA-9840310,14,10.472478632478632,1.336837294332724,28,3282,0.11905994086982916,0.7006430621694555,
Olink Explore HT,R-HSA-186763,14,10.472478632478632,1.336837294332724,28,3282,0.11905994086982916,0.7006430621694555,Downstream signal transduction
Olink Explore HT,R-HSA-5173214,16,12.342564102564102,1.2963270732923384,33,3282,0.12820764490255096,0.7116417415437131,O-glycosylation of TSR domain-containing proteins
Olink Explore HT,R-HSA-2404192,24,19.448888888888888,1.23400365630713,52,3282,0.1227767799119432,0.7116417415437131,Signaling by Type 1 Insulin-like Growth Factor 1 Receptor (IGF1R)
Olink Explore HT,R-HSA-8963888,6,3.74017094017094,1.6042047531992687,10,3282,0.12597939137536074,0.7116417415437131,Chylomicron assembly
Olink Explore HT,R-HSA-1237044,6,3.74017094017094,1.6042047531992687,10,3282,0.12597939137536074,0.7116417415437131,Erythrocytes take up carbon dioxide and release oxygen
Olink Explore HT,R-HSA-8875656,6,3.74017094017094,1.6042047531992687,10,3282,0.12597939137536074,0.7116417415437131,
Olink Explore HT,R-HSA-6804116,6,3.74017094017094,1.6042047531992687,10,3282,0.12597939137536074,0.7116417415437131,TP53 Regulates Transcription of Genes Involved in G1 Cell Cycle Arrest
Olink Explore HT,R-HSA-2022923,6,3.74017094017094,1.6042047531992687,10,3282,0.12597939137536074,0.7116417415437131,
Olink Explore HT,R-HSA-9028731,6,3.74017094017094,1.6042047531992687,10,3282,0.12597939137536074,0.7116417415437131,Activated NTRK2 signals through FRS2 and FRS3
Olink Explore HT,R-HSA-5576892,10,7.1063247863247865,1.407197151929183,19,3282,0.12873080837634904,0.7116417415437131,
Olink Explore HT,R-HSA-1606322,10,7.1063247863247865,1.407197151929183,19,3282,0.12873080837634904,0.7116417415437131,
Olink Explore HT,R-HSA-9638630,10,7.1063247863247865,1.407197151929183,19,3282,0.12873080837634904,0.7116417415437131,
Olink Explore HT,R-HSA-9931953,10,7.1063247863247865,1.407197151929183,19,3282,0.12873080837634904,0.7116417415437131,
Olink Explore HT,R-HSA-9617629,6,3.74017094017094,1.6042047531992687,10,3282,0.12597939137536074,0.7116417415437131,
Olink Explore HT,R-HSA-5654706,10,7.1063247863247865,1.407197151929183,19,3282,0.12873080837634904,0.7116417415437131,FRS-mediated FGFR3 signaling
Olink Explore HT,R-HSA-193648,23,18.700854700854702,1.229890310786106,50,3282,0.13320366714135978,0.7331943230151571,
Olink Explore HT,R-HSA-174414,9,6.358290598290599,1.4154747822346487,17,3282,0.14170455545951832,0.753986322174187,
Olink Explore HT,R-HSA-6802948,15,11.594529914529915,1.2937135106445716,31,3282,0.14036774031952298,0.753986322174187,Signaling by high-kinase activity BRAF mutants
Olink Explore HT,R-HSA-381042,15,11.594529914529915,1.2937135106445716,31,3282,0.14036774031952298,0.753986322174187,PERK regulates gene expression
Olink Explore HT,R-HSA-5654733,15,11.594529914529915,1.2937135106445716,31,3282,0.14036774031952298,0.753986322174187,Negative regulation of FGFR4 signaling
Olink Explore HT,R-HSA-936964,9,6.358290598290599,1.4154747822346487,17,3282,0.14170455545951832,0.753986322174187,
Olink Explore HT,R-HSA-9937080,9,6.358290598290599,1.4154747822346487,17,3282,0.14170455545951832,0.753986322174187,
Olink Explore HT,R-HSA-5654219,9,6.358290598290599,1.4154747822346487,17,3282,0.14170455545951832,0.753986322174187,Phospholipase C-mediated cascade: FGFR1
Olink Explore HT,R-HSA-5654710,9,6.358290598290599,1.4154747822346487,17,3282,0.14170455545951832,0.753986322174187,PI-3K cascade:FGFR3
Olink Explore HT,R-HSA-5357786,12,8.976410256410256,1.336837294332724,24,3282,0.14352494178919564,0.7605035297294723,TNFR1-induced proapoptotic signaling
Olink Explore HT,R-HSA-2172127,17,13.464615384615385,1.2625685557586837,36,3282,0.1475866769793105,0.7787941591015681,DAP12 interactions
Olink Explore HT,R-HSA-373752,19,15.334700854700854,1.2390199313327686,41,3282,0.1529752156767795,0.7914417515428356,Netrin-1 signaling
Olink Explore HT,R-HSA-174437,8,5.61025641025641,1.4259597806215722,15,3282,0.15637130930782175,0.7914417515428356,
Olink Explore HT,R-HSA-2022928,14,10.846495726495727,1.2907394565971129,29,3282,0.1538958208191239,0.7914417515428356,HS-GAG biosynthesis
Olink Explore HT,R-HSA-210745,8,5.61025641025641,1.4259597806215722,15,3282,0.15637130930782175,0.7914417515428356,Regulation of gene expression in beta cells
Olink Explore HT,R-HSA-9613829,11,8.228376068376068,1.336837294332724,22,3282,0.15804044373016685,0.7914417515428356,
Olink Explore HT,R-HSA-6803157,32,27.303247863247865,1.1720217374971826,73,3282,0.15405343618661224,0.7914417515428356,Antimicrobial peptides
Olink Explore HT,R-HSA-5693537,11,8.228376068376068,1.336837294332724,22,3282,0.15804044373016685,0.7914417515428356,
Olink Explore HT,R-HSA-6803205,8,5.61025641025641,1.4259597806215722,15,3282,0.15637130930782175,0.7914417515428356,TP53 regulates transcription of several additional cell death genes whose specific roles in p53-dependent apoptosis remain uncertain
Olink Explore HT,R-HSA-445144,8,5.61025641025641,1.4259597806215722,15,3282,0.15637130930782175,0.7914417515428356,Signal transduction by L1
Olink Explore HT,R-HSA-5654688,11,8.228376068376068,1.336837294332724,22,3282,0.15804044373016685,0.7914417515428356,SHC-mediated cascade:FGFR1
Olink Explore HT,R-HSA-181430,8,5.61025641025641,1.4259597806215722,15,3282,0.15637130930782175,0.7914417515428356,
Olink Explore HT,R-HSA-1482922,8,5.61025641025641,1.4259597806215722,15,3282,0.15637130930782175,0.7914417515428356,
Olink Explore HT,R-HSA-181429,8,5.61025641025641,1.4259597806215722,15,3282,0.15637130930782175,0.7914417515428356,
Olink Explore HT,R-HSA-2428924,23,19.074871794871793,1.2057748144961824,51,3282,0.16000478644700922,0.7981488761438702,IGF1R signaling cascade
Olink Explore HT,R-HSA-5654727,16,12.716581196581197,1.2581998064307989,34,3282,0.1613222530524257,0.8015895608869558,Negative regulation of FGFR2 signaling
Olink Explore HT,R-HSA-199992,29,24.685128205128205,1.1747964101711816,66,3282,0.16483603351524753,0.8158744759650043,trans-Golgi Network Vesicle Budding
Olink Explore HT,R-HSA-9725554,18,14.586666666666666,1.23400365630713,39,3282,0.16669599736021096,0.8218949367914649,
Olink Explore HT,R-HSA-354194,7,4.862222222222222,1.4396709323583181,13,3282,0.1730743008222235,0.8403645709124693,
Olink Explore HT,R-HSA-372708,7,4.862222222222222,1.4396709323583181,13,3282,0.1730743008222235,0.8403645709124693,
Olink Explore HT,R-HSA-9614657,7,4.862222222222222,1.4396709323583181,13,3282,0.1730743008222235,0.8403645709124693,
Olink Explore HT,R-HSA-5083636,7,4.862222222222222,1.4396709323583181,13,3282,0.1730743008222235,0.8403645709124693,
Olink Explore HT,R-HSA-389513,10,7.48034188034188,1.336837294332724,20,3282,0.1744394147245449,0.8406005003895994,Co-inhibition by CTLA4
Olink Explore HT,R-HSA-1368108,10,7.48034188034188,1.336837294332724,20,3282,0.1744394147245449,0.8406005003895994,
Olink Explore HT,R-HSA-5683826,12,9.350427350427351,1.283363802559415,25,3282,0.1859112278150642,0.8858531265665559,
Olink Explore HT,R-HSA-9634815,12,9.350427350427351,1.283363802559415,25,3282,0.1859112278150642,0.8858531265665559,Transcriptional Regulation by NPAS4
Olink Explore HT,R-HSA-5620924,19,15.708717948717949,1.2095194567772265,42,3282,0.18544260245197686,0.8858531265665559,
Olink Explore HT,R-HSA-196025,6,4.114188034188034,1.4583679574538806,11,3282,0.19227853655954358,0.8917939545226812,
Olink Explore HT,R-HSA-112399,21,17.578803418803417,1.1946205608930724,47,3282,0.1879220566212347,0.8917939545226812,IRS-mediated signalling
Olink Explore HT,R-HSA-74751,23,19.448888888888888,1.1825868372943327,52,3282,0.1895304468024064,0.8917939545226812,Insulin receptor signalling cascade
Olink Explore HT,R-HSA-9818030,6,4.114188034188034,1.4583679574538806,11,3282,0.19227853655954358,0.8917939545226812,
Olink Explore HT,R-HSA-5603041,9,6.7323076923076925,1.3368372943327238,18,3282,0.1930890435677561,0.8917939545226812,
Olink Explore HT,R-HSA-1236382,9,6.7323076923076925,1.3368372943327238,18,3282,0.1930890435677561,0.8917939545226812,Constitutive Signaling by Ligand-Responsive EGFR Cancer Variants
Olink Explore HT,R-HSA-9680350,14,11.22051282051282,1.2477148080438758,30,3282,0.19344316789567947,0.8917939545226812,Signaling by CSF1 (M-CSF) in myeloid cells
Olink Explore HT,R-HSA-9634285,6,4.114188034188034,1.4583679574538806,11,3282,0.19227853655954358,0.8917939545226812,Constitutive Signaling by Overexpressed ERBB2
Olink Explore HT,R-HSA-8851805,6,4.114188034188034,1.4583679574538806,11,3282,0.19227853655954358,0.8917939545226812,MET activates RAS signaling
Olink Explore HT,R-HSA-2428928,22,18.700854700854702,1.176416819012797,50,3282,0.20493365669405644,0.938061541716483,IRS-related events triggered by IGF1R
Olink Explore HT,R-HSA-5654693,11,8.602393162393163,1.2787139337095619,23,3282,0.20494844959976413,0.938061541716483,FRS-mediated FGFR1 signaling
Olink Explore HT,R-HSA-2142691,8,5.984273504273505,1.3368372943327238,16,3282,0.2144744739198926,0.9609961515638696,
Olink Explore HT,R-HSA-422085,8,5.984273504273505,1.3368372943327238,16,3282,0.2144744739198926,0.9609961515638696,"Synthesis, secretion, and deacylation of Ghrelin"
Olink Explore HT,R-HSA-9933937,8,5.984273504273505,1.3368372943327238,16,3282,0.2144744739198926,0.9609961515638696,
Olink Explore HT,R-HSA-2173795,13,10.472478632478632,1.2413489161661009,28,3282,0.21227176158456815,0.9609961515638696,
Olink Explore HT,R-HSA-1222556,13,10.472478632478632,1.2413489161661009,28,3282,0.21227176158456815,0.9609961515638696,
Olink Explore HT,R-HSA-9617828,8,5.984273504273505,1.3368372943327238,16,3282,0.2144744739198926,0.9609961515638696,
Olink Explore HT,R-HSA-6805567,33,29.173333333333332,1.1311700182815356,78,3282,0.21609076016815643,0.9614909433266053,
Olink Explore HT,R-HSA-6809371,33,29.173333333333332,1.1311700182815356,78,3282,0.21609076016815643,0.9614909433266053,
Olink Explore HT,R-HSA-445355,17,14.212649572649573,1.1961175791398055,38,3282,0.21954667661011626,0.9734760626080502,Smooth Muscle Contraction
Olink Explore HT,R-HSA-109704,19,16.08273504273504,1.181391097317291,43,3282,0.2210310668863722,0.9766666865532778,PI3K Cascade
Olink Explore HT,R-HSA-5693568,10,7.854358974358974,1.2731783755549753,21,3282,0.2264866165535586,0.9904911278729257,
Olink Explore HT,R-HSA-937041,10,7.854358974358974,1.2731783755549753,21,3282,0.2264866165535586,0.9904911278729257,IKK complex recruitment mediated by RIP1
Olink Explore HT,R-HSA-5654689,10,7.854358974358974,1.2731783755549753,21,3282,0.2264866165535586,0.9904911278729257,PI-3K cascade:FGFR1
Olink Explore HT,R-HSA-9013423,34,30.295384615384616,1.1222831606743855,81,3282,0.22863956016879558,0.9964939192339657,
Olink Explore HT,R-HSA-9840309,2,6.7323076923076925,0.2970749542961609,18,3282,0.997458801440309,0.9999999999993571,
Olink Explore HT,R-HSA-5173105,39,38.149743589743586,1.0222873427250243,102,3282,0.4679320301491374,0.9999999999993571,O-linked glycosylation
Olink Explore HT,R-HSA-913709,19,18.700854700854702,1.01599634369287,50,3282,0.5185522470294365,0.9999999999993571,
Olink Explore HT,R-HSA-1169408,23,27.303247863247865,0.8423906238261,73,3282,0.8792177144380376,0.9999999999993571,
Olink Explore HT,R-HSA-159227,8,12.716581196581197,0.6290999032153994,34,3282,0.9716516520832474,0.9999999999993571,
Olink Explore HT,R-HSA-159230,8,13.09059829059829,0.6111256202663881,35,3282,0.9782441855591038,0.9999999999993571,
Olink Explore HT,R-HSA-159231,11,15.334700854700854,0.7173273286663397,41,3282,0.9441311146051894,0.9999999999993571,
Olink Explore HT,R-HSA-159234,11,15.708717948717949,0.7002481065552364,42,3282,0.9551833106605766,0.9999999999993571,
Olink Explore HT,R-HSA-159236,12,26.555213675213675,0.4518886628730334,71,3282,0.9999576717421659,0.9999999999993571,
Olink Explore HT,R-HSA-162599,25,44.134017094017096,0.5664564806494593,118,3282,0.9999551189508791,0.9999999999993571,
Olink Explore HT,R-HSA-165054,9,12.342564102564102,0.7291839787269403,33,3282,0.9197886414757102,0.9999999999993571,
Olink Explore HT,R-HSA-168255,17,41.88991452991453,0.40582560720814836,112,3282,0.9999999522225276,0.9999999999993571,Influenza Infection
Olink Explore HT,R-HSA-168271,6,11.594529914529915,0.5174854042578286,31,3282,0.9911622156361253,0.9999999999993571,
Olink Explore HT,R-HSA-168273,12,34.40957264957265,0.34874016373897143,92,3282,0.9999999599536141,0.9999999999993571,
Olink Explore HT,R-HSA-168274,7,11.594529914529915,0.6037329716341334,31,3282,0.9747277936869074,0.9999999999993571,
Olink Explore HT,R-HSA-168276,8,15.334700854700854,0.5216926026664289,41,3282,0.9960169916531614,0.9999999999993571,
Olink Explore HT,R-HSA-168325,7,15.334700854700854,0.4564810273331253,41,3282,0.9987624740556582,0.9999999999993571,
Olink Explore HT,R-HSA-168333,6,11.22051282051282,0.5347349177330896,30,3282,0.9879813597749864,0.9999999999993571,
Olink Explore HT,R-HSA-170822,7,11.594529914529915,0.6037329716341334,31,3282,0.9747277936869074,0.9999999999993571,
Olink Explore HT,R-HSA-180746,8,12.342564102564102,0.6481635366461692,33,3282,0.9632811937824456,0.9999999999993571,
Olink Explore HT,R-HSA-180910,7,12.342564102564102,0.567143094565398,33,3282,0.9856245667490439,0.9999999999993571,
Olink Explore HT,R-HSA-1855170,6,10.846495726495727,0.553174052827334,29,3282,0.9837428358971202,0.9999999999993571,
Olink Explore HT,R-HSA-1855196,6,10.846495726495727,0.553174052827334,29,3282,0.9837428358971202,0.9999999999993571,
Olink Explore HT,R-HSA-1855229,6,10.846495726495727,0.553174052827334,29,3282,0.9837428358971202,0.9999999999993571,
Olink Explore HT,R-HSA-191859,13,19.822905982905983,0.6558069745783174,53,3282,0.9838687226857035,0.9999999999993571,
Olink Explore HT,R-HSA-2980766,9,19.074871794871793,0.4718249274115497,51,3282,0.9994060346604255,0.9999999999993571,
Olink Explore HT,R-HSA-3108214,21,26.555213675213675,0.7908051600278085,71,3282,0.9340601550915312,0.9999999999993571,
Olink Explore HT,R-HSA-3232142,7,13.464615384615385,0.5198811700182815,36,3282,0.994073788097082,0.9999999999993571,
Olink Explore HT,R-HSA-3301854,7,12.342564102564102,0.567143094565398,33,3282,0.9856245667490439,0.9999999999993571,
Olink Explore HT,R-HSA-3371453,27,28.425299145299146,0.9498580775521985,76,3282,0.6737012015912358,0.9999999999993571,
Olink Explore HT,R-HSA-4085377,7,12.342564102564102,0.567143094565398,33,3282,0.9856245667490439,0.9999999999993571,
Olink Explore HT,R-HSA-4551638,11,19.822905982905983,0.5549135938739609,53,3282,0.9971631422707814,0.9999999999993571,
Olink Explore HT,R-HSA-4570464,11,16.83076923076923,0.6535648994515539,45,3282,0.9776329328875464,0.9999999999993571,
Olink Explore HT,R-HSA-4615885,13,16.83076923076923,0.7723948811700182,45,3282,0.9116065427237765,0.9999999999993571,
Olink Explore HT,R-HSA-5619107,7,11.594529914529915,0.6037329716341334,31,3282,0.9747277936869074,0.9999999999993571,
Olink Explore HT,R-HSA-6784531,7,17.204786324786326,0.40686352436213336,46,3282,0.9997639928321077,0.9999999999993571,
Olink Explore HT,R-HSA-68875,16,28.425299145299146,0.5628788607716733,76,3282,0.9993248920260477,0.9999999999993571,
Olink Explore HT,R-HSA-70171,19,26.18119658119658,0.7257116740663359,70,3282,0.9738413857427042,0.9999999999993571,
Olink Explore HT,R-HSA-72202,16,29.92136752136752,0.5347349177330896,80,3282,0.9997685396513949,0.9999999999993571,
Olink Explore HT,R-HSA-72203,61,103.60273504273505,0.5887875447963622,277,3282,0.9999999918590888,0.9999999999993571,
Olink Explore HT,R-HSA-9609690,18,28.05128205128205,0.6416819012797075,75,3282,0.9954016113309754,0.9999999999993571,HCMV Early Events
Olink Explore HT,R-HSA-9610379,13,20.196923076923078,0.6436624009750153,54,3282,0.987245093105978,0.9999999999993571,
Olink Explore HT,R-HSA-9705671,41,44.134017094017096,0.9289886282651132,118,3282,0.755457675216277,0.9999999999993571,
Olink Explore HT,R-HSA-71064,3,4.488205128205128,0.668418647166362,12,3282,0.8852860567818459,0.9999999999993571,
Olink Explore HT,R-HSA-194138,35,35.53162393162393,0.9850380063504282,95,3282,0.5836953109179122,0.9999999999993571,Signaling by VEGF
Olink Explore HT,R-HSA-428930,1,7.48034188034188,0.1336837294332724,20,3282,0.9999157402528589,0.9999999999993571,
Olink Explore HT,R-HSA-379716,6,7.854358974358974,0.7639070253329852,21,3282,0.8568611529290886,0.9999999999993571,
Olink Explore HT,R-HSA-379726,1,6.7323076923076925,0.14853747714808044,18,3282,0.9997844280066789,0.9999999999993571,
Olink Explore HT,R-HSA-199220,7,6.358290598290599,1.100924830626949,17,3282,0.4632930330459599,0.9999999999993571,
Olink Explore HT,R-HSA-112310,13,14.212649572649573,0.914678148753969,38,3282,0.7139499735397534,0.9999999999993571,
Olink Explore HT,R-HSA-888590,6,4.862222222222222,1.23400365630713,13,3282,0.3500927590995102,0.9999999999993571,
Olink Explore HT,R-HSA-1989781,33,37.401709401709404,0.8823126142595977,100,3282,0.8459683349574785,0.9999999999993571,
Olink Explore HT,R-HSA-400206,34,38.149743589743586,0.8912248628884827,102,3282,0.830550286205906,0.9999999999993571,
Olink Explore HT,R-HSA-9029569,10,11.594529914529915,0.8624756737630477,31,3282,0.779841248660158,0.9999999999993571,NR1H3 & NR1H2 regulate gene expression linked to cholesterol transport and efflux
Olink Explore HT,R-HSA-1369062,3,4.114188034188034,0.7291839787269403,11,3282,0.8428121314184082,0.9999999999993571,
Olink Explore HT,R-HSA-382556,16,28.425299145299146,0.5628788607716733,76,3282,0.9993248920260477,0.9999999999993571,ABC-family protein mediated transport
Olink Explore HT,R-HSA-212436,276,299.9617094017094,0.9201174394908523,802,3282,0.9699387811239737,0.9999999999993571,Generic Transcription Pathway
Olink Explore HT,R-HSA-9754706,3,3.74017094017094,0.8021023765996343,10,3282,0.7872859304245152,0.9999999999993571,
Olink Explore HT,R-HSA-159418,3,5.984273504273505,0.5013139853747715,16,3282,0.9704249437018698,0.9999999999993571,Recycling of bile acids and salts
Olink Explore HT,R-HSA-192105,4,10.846495726495727,0.3687827018848894,29,3282,0.9988297008287007,0.9999999999993571,
Olink Explore HT,R-HSA-193368,3,7.854358974358974,0.3819535126664926,21,3282,0.9953082198578427,0.9999999999993571,
Olink Explore HT,R-HSA-2564830,7,5.236239316239316,1.336837294332724,14,3282,0.23925924367960663,0.9999999999993571,
Olink Explore HT,R-HSA-1660661,7,11.22051282051282,0.6238574040219379,30,3282,0.9667887403856555,0.9999999999993571,
Olink Explore HT,R-HSA-189483,7,6.358290598290599,1.100924830626949,17,3282,0.4632930330459599,0.9999999999993571,Heme degradation
Olink Explore HT,R-HSA-2142753,20,19.074871794871793,1.0484998386923325,51,3282,0.44624892017797757,0.9999999999993571,
Olink Explore HT,R-HSA-9707564,14,20.196923076923078,0.6931748933577087,54,3282,0.9732201698217605,0.9999999999993571,Cytoprotection by HMOX1
Olink Explore HT,R-HSA-9753281,8,10.846495726495727,0.7375654037697787,29,3282,0.9033009302621239,0.9999999999993571,
Olink Explore HT,R-HSA-9755511,38,38.897777777777776,0.9769195612431445,104,3282,0.6091153840985206,0.9999999999993571,KEAP1-NFE2L2 pathway
Olink Explore HT,R-HSA-9759194,30,31.417435897435897,0.9548837816662314,84,3282,0.6651102156840802,0.9999999999993571,Nuclear events mediated by NFE2L2
Olink Explore HT,R-HSA-9749641,8,13.464615384615385,0.5941499085923218,36,3282,0.9833979023753268,0.9999999999993571,Aspirin ADME
Olink Explore HT,R-HSA-9748787,5,5.984273504273505,0.8355233089579525,16,3282,0.7752016676166551,0.9999999999993571,
Olink Explore HT,R-HSA-2142845,6,5.984273504273505,1.002627970749543,16,3282,0.590191945590625,0.9999999999993571,
Olink Explore HT,R-HSA-422356,22,23.18905982905983,0.9487232411393525,62,3282,0.6684158150209853,0.9999999999993571,Regulation of insulin secretion
Olink Explore HT,R-HSA-2046106,4,4.114188034188034,0.9722453049692538,11,3282,0.639216061107468,0.9999999999993571,
Olink Explore HT,R-HSA-390247,3,4.114188034188034,0.7291839787269403,11,3282,0.8428121314184082,0.9999999999993571,
Olink Explore HT,R-HSA-390918,6,9.724444444444444,0.617001828153565,26,3282,0.9611738695769393,0.9999999999993571,
Olink Explore HT,R-HSA-9603798,2,7.48034188034188,0.2673674588665448,20,3282,0.9989053621377074,0.9999999999993571,
Olink Explore HT,R-HSA-193775,1,4.114188034188034,0.24306132624231344,11,3282,0.9942381875171671,0.9999999999993571,
Olink Explore HT,R-HSA-9758881,4,3.74017094017094,1.0694698354661791,10,3282,0.5507142197858133,0.9999999999993571,
Olink Explore HT,R-HSA-909733,18,25.807179487179486,0.697480327477943,69,3282,0.9830460348348484,0.9999999999993571,
Olink Explore HT,R-HSA-9954714,5,18.326837606837607,0.27282393761892326,49,3282,0.9999967879677035,0.9999999999993571,
Olink Explore HT,R-HSA-189451,5,4.862222222222222,1.0283363802559415,13,3282,0.5723516686454047,0.9999999999993571,Heme biosynthesis
Olink Explore HT,R-HSA-917937,18,17.952820512820512,1.002627970749543,48,3282,0.5488944211760327,0.9999999999993571,
Olink Explore HT,R-HSA-156588,1,7.48034188034188,0.1336837294332724,20,3282,0.9999157402528589,0.9999999999993571,
Olink Explore HT,R-HSA-114508,10,8.976410256410256,1.1140310786106034,24,3282,0.4061447232156549,0.9999999999993571,
Olink Explore HT,R-HSA-416476,44,54.98051282051282,0.8002835503488416,147,3282,0.9771472322892845,0.9999999999993571,G alpha (q) signalling events
Olink Explore HT,R-HSA-156584,6,6.7323076923076925,0.8912248628884826,18,3282,0.7207883113470323,0.9999999999993571,
Olink Explore HT,R-HSA-9648002,6,7.854358974358974,0.7639070253329852,21,3282,0.8568611529290886,0.9999999999993571,RAS processing
Olink Explore HT,R-HSA-1483191,8,8.602393162393163,0.9299737699705904,23,3282,0.6771666145834696,0.9999999999993571,
Olink Explore HT,R-HSA-1483206,28,40.393846153846155,0.6931748933577087,108,3282,0.9958847110531067,0.9999999999993571,
Olink Explore HT,R-HSA-1482839,9,9.724444444444444,0.9255027422303473,26,3282,0.6852931394398751,0.9999999999993571,
Olink Explore HT,R-HSA-2029482,16,47.12615384615385,0.3395142334813267,126,3282,0.9999999998948724,0.9999999999993571,
Olink Explore HT,R-HSA-4420097,30,33.287521367521364,0.9012386253928477,89,3282,0.7970027812901055,0.9999999999993571,VEGFA-VEGFR2 Pathway
Olink Explore HT,R-HSA-5663213,8,13.464615384615385,0.5941499085923218,36,3282,0.9833979023753268,0.9999999999993571,
Olink Explore HT,R-HSA-9013149,62,58.346666666666664,1.0626142595978063,156,3282,0.2976487057114169,0.9999999999993571,
Olink Explore HT,R-HSA-9013404,25,26.92923076923077,0.9283592321755028,72,3282,0.7214095806904355,0.9999999999993571,
Olink Explore HT,R-HSA-9664422,19,46.75213675213675,0.4063985374771481,125,3282,0.999999990588169,0.9999999999993571,FCGR3A-mediated phagocytosis
Olink Explore HT,R-HSA-376176,42,56.85059829059829,0.7387785047628211,152,3282,0.9959313292378422,0.9999999999993571,Signaling by ROBO receptors
Olink Explore HT,R-HSA-5685938,11,11.594529914529915,0.9487232411393525,31,3282,0.6527553136386248,0.9999999999993571,
Olink Explore HT,R-HSA-5693565,13,14.96068376068376,0.8689442413162706,40,3282,0.7882668342786422,0.9999999999993571,Recruitment and ATM-mediated phosphorylation of repair and signaling proteins at DNA double strand breaks
Olink Explore HT,R-HSA-69231,11,16.08273504273504,0.6839632668679053,43,3282,0.9642560018316018,0.9999999999993571,
Olink Explore HT,R-HSA-8878166,32,34.783589743589744,0.9199740520139176,93,3282,0.7588684085347299,0.9999999999993571,Transcriptional regulation by RUNX2
Olink Explore HT,R-HSA-8878171,49,56.1025641025641,0.873400365630713,150,3282,0.9030863393518358,0.9999999999993571,Transcriptional regulation by RUNX1
Olink Explore HT,R-HSA-8939236,10,18.326837606837607,0.5456478752378465,49,3282,0.9967993268143921,0.9999999999993571,RUNX1 regulates transcription of genes involved in differentiation of HSCs
Olink Explore HT,R-HSA-8940973,9,7.48034188034188,1.2031535648994516,20,3282,0.3136613065708676,0.9999999999993571,RUNX2 regulates osteoblast differentiation
Olink Explore HT,R-HSA-8941326,11,10.098461538461539,1.0892748324192565,27,3282,0.4301891638447446,0.9999999999993571,RUNX2 regulates bone development
Olink Explore HT,R-HSA-9818564,19,23.563076923076924,0.8063463045181509,63,3282,0.9087537699738933,0.9999999999993571,
Olink Explore HT,R-HSA-983231,46,52.73641025641026,0.8722626317631957,141,3282,0.89879925176618,0.9999999999993571,Factors involved in megakaryocyte development and platelet production
Olink Explore HT,R-HSA-9841922,19,23.563076923076924,0.8063463045181509,63,3282,0.9087537699738933,0.9999999999993571,
Olink Explore HT,R-HSA-9851695,19,23.563076923076924,0.8063463045181509,63,3282,0.9087537699738933,0.9999999999993571,
Olink Explore HT,R-HSA-9860927,12,10.472478632478632,1.1458605379994777,28,3282,0.3391445941606275,0.9999999999993571,"Turbulent (oscillatory, disturbed) flow shear stress activates signaling by PIEZO1 and integrins in endothelial cells"
Olink Explore HT,R-HSA-9607240,15,13.464615384615385,1.1140310786106034,36,3282,0.3559517642912439,0.9999999999993571,FLT3 Signaling
Olink Explore HT,R-HSA-9706369,5,5.61025641025641,0.8912248628884827,15,3282,0.7173861294835204,0.9999999999993571,
Olink Explore HT,R-HSA-418885,5,5.236239316239316,0.9548837816662314,14,3282,0.6496482091903861,0.9999999999993571,DCC mediated attractive signaling
Olink Explore HT,R-HSA-416482,22,23.93709401709402,0.9190756398537476,64,3282,0.7339655952769168,0.9999999999993571,
Olink Explore HT,R-HSA-5689901,7,7.48034188034188,0.9357861060329068,20,3282,0.6685595352382443,0.9999999999993571,
Olink Explore HT,R-HSA-5693571,9,11.96854700854701,0.7519709780621572,32,3282,0.900063882053145,0.9999999999993571,
Olink Explore HT,R-HSA-5693607,17,21.31897435897436,0.7974117194265371,57,3282,0.9089223731911195,0.9999999999993571,
Olink Explore HT,R-HSA-69473,17,19.822905982905983,0.8575937359870305,53,3282,0.8276262503092919,0.9999999999993571,G2/M DNA damage checkpoint
Olink Explore HT,R-HSA-69481,27,40.393846153846155,0.6684186471663619,108,3282,0.9978556633422242,0.9999999999993571,G2/M Checkpoints
Olink Explore HT,R-HSA-9033241,15,21.31897435897436,0.7035985759645915,57,3282,0.9720176555277406,0.9999999999993571,
Olink Explore HT,R-HSA-77289,12,12.342564102564102,0.9722453049692538,33,3282,0.6137256259509409,0.9999999999993571,
Olink Explore HT,R-HSA-1655829,10,17.578803418803417,0.568866933758606,47,3282,0.9944293825315254,0.9999999999993571,
Olink Explore HT,R-HSA-196780,3,3.74017094017094,0.8021023765996343,10,3282,0.7872859304245152,0.9999999999993571,
Olink Explore HT,R-HSA-200425,1,4.488205128205128,0.22280621572212067,12,3282,0.996395908713956,0.9999999999993571,
Olink Explore HT,R-HSA-2426168,10,13.09059829059829,0.7639070253329852,35,3282,0.8975837787790397,0.9999999999993571,
Olink Explore HT,R-HSA-75105,8,10.472478632478632,0.7639070253329852,28,3282,0.8790854188756612,0.9999999999993571,
Olink Explore HT,R-HSA-70895,7,8.976410256410256,0.7798217550274223,24,3282,0.8527607568544165,0.9999999999993571,
Olink Explore HT,R-HSA-9837999,23,35.157606837606835,0.6541969738223968,94,3282,0.9973727236802427,0.9999999999993571,Mitochondrial protein degradation
Olink Explore HT,R-HSA-611105,22,56.1025641025641,0.3921389396709324,150,3282,0.9999999998617384,0.9999999999993571,
Olink Explore HT,R-HSA-6799198,12,24.31111111111111,0.4936014625228519,65,3282,0.9997393491302675,0.9999999999993571,
Olink Explore HT,R-HSA-2022854,11,10.846495726495727,1.0141524301834457,29,3282,0.5464707259598339,0.9999999999993571,Keratan sulfate biosynthesis
Olink Explore HT,R-HSA-2022857,6,4.488205128205128,1.336837294332724,12,3282,0.2683919322023009,0.9999999999993571,Keratan sulfate degradation
Olink Explore HT,R-HSA-71403,11,12.716581196581197,0.8650123669211742,34,3282,0.782477059535262,0.9999999999993571,
Olink Explore HT,R-HSA-8964038,6,6.7323076923076925,0.8912248628884826,18,3282,0.7207883113470323,0.9999999999993571,
Olink Explore HT,R-HSA-9854311,7,7.1063247863247865,0.9850380063504282,19,3282,0.6055375140666521,0.9999999999993571,
Olink Explore HT,R-HSA-191273,6,8.602393162393163,0.6974803274779429,23,3282,0.912897953576085,0.9999999999993571,
Olink Explore HT,R-HSA-9969896,5,5.61025641025641,0.8912248628884827,15,3282,0.7173861294835204,0.9999999999993571,
Olink Explore HT,R-HSA-432722,20,19.074871794871793,1.0484998386923325,51,3282,0.44624892017797757,0.9999999999993571,
Olink Explore HT,R-HSA-110328,6,5.236239316239316,1.1458605379994777,14,3282,0.43321789566443775,0.9999999999993571,
Olink Explore HT,R-HSA-110329,6,5.236239316239316,1.1458605379994777,14,3282,0.43321789566443775,0.9999999999993571,
Olink Explore HT,R-HSA-1221632,11,10.846495726495727,1.0141524301834457,29,3282,0.5464707259598339,0.9999999999993571,
Olink Explore HT,R-HSA-171319,8,7.1063247863247865,1.1257577215433465,19,3282,0.4185624931914216,0.9999999999993571,
Olink Explore HT,R-HSA-174411,10,8.976410256410256,1.1140310786106034,24,3282,0.4061447232156549,0.9999999999993571,
Olink Explore HT,R-HSA-174417,13,11.594529914529915,1.121218375891962,31,3282,0.3632509605515444,0.9999999999993571,
Olink Explore HT,R-HSA-174430,4,4.114188034188034,0.9722453049692538,11,3282,0.639216061107468,0.9999999999993571,
Olink Explore HT,R-HSA-2559586,11,9.724444444444444,1.1311700182815356,26,3282,0.3709445324125384,0.9999999999993571,DNA Damage/Telomere Stress Induced Senescence
Olink Explore HT,R-HSA-9670095,5,7.1063247863247865,0.7035985759645915,19,3282,0.8947016241511828,0.9999999999993571,
Olink Explore HT,R-HSA-9679191,31,52.73641025641026,0.5878291648838928,141,3282,0.9999745876752266,0.9999999999993571,Potential therapeutics for SARS
Olink Explore HT,R-HSA-72163,45,73.30735042735043,0.6138538596425773,196,3282,0.9999957392654019,0.9999999999993571,
Olink Explore HT,R-HSA-72172,47,75.55145299145299,0.6220926023132478,202,3282,0.9999950447796282,0.9999999999993571,
Olink Explore HT,R-HSA-1268020,9,22.815042735042734,0.3944765786555579,61,3282,0.9999768440110044,0.9999999999993571,
Olink Explore HT,R-HSA-9918432,10,17.578803418803417,0.568866933758606,47,3282,0.9944293825315254,0.9999999999993571,
Olink Explore HT,R-HSA-9918487,19,28.79931623931624,0.6597378855148508,77,3282,0.9938550158354528,0.9999999999993571,
Olink Explore HT,R-HSA-1483166,11,11.96854700854701,0.9190756398537476,32,3282,0.7003108007601321,0.9999999999993571,
Olink Explore HT,R-HSA-75876,3,5.61025641025641,0.5347349177330896,15,3282,0.9579926950586684,0.9999999999993571,
Olink Explore HT,R-HSA-400451,3,3.74017094017094,0.8021023765996343,10,3282,0.7872859304245152,0.9999999999993571,
Olink Explore HT,R-HSA-211945,23,31.791452991452992,0.7234648886977094,85,3282,0.9835866757887856,0.9999999999993571,Phase I - Functionalization of compounds
Olink Explore HT,R-HSA-71384,4,4.488205128205128,0.8912248628884827,12,3282,0.7153903553280948,0.9999999999993571,Ethanol oxidation
Olink Explore HT,R-HSA-2151201,16,17.204786324786326,0.9299737699705904,46,3282,0.6952188283633747,0.9999999999993571,
Olink Explore HT,R-HSA-390522,16,13.464615384615385,1.1882998171846435,36,3282,0.23912055593055004,0.9999999999993571,
Olink Explore HT,R-HSA-418990,53,66.94905982905983,0.7916466659177024,179,3282,0.9888867589878654,0.9999999999993571,Adherens junctions interactions
Olink Explore HT,R-HSA-9759476,32,51.24034188034188,0.6245079331189367,137,3282,0.9998585383667636,0.9999999999993571,Regulation of Homotypic Cell-Cell Adhesion
Olink Explore HT,R-HSA-9764265,29,46.75213675213675,0.620292504570384,125,3282,0.999778743484302,0.9999999999993571,Regulation of CDH1 Expression and Function
Olink Explore HT,R-HSA-9764274,29,46.75213675213675,0.620292504570384,125,3282,0.999778743484302,0.9999999999993571,Regulation of Expression and Function of Type I Classical Cadherins
Olink Explore HT,R-HSA-9764561,16,20.944957264957264,0.7639070253329852,56,3282,0.9366678660617542,0.9999999999993571,Regulation of CDH1 Function
Olink Explore HT,R-HSA-9913351,12,11.22051282051282,1.0694698354661791,30,3282,0.4517886843882288,0.9999999999993571,Formation of the dystrophin-glycoprotein complex (DGC)
Olink Explore HT,R-HSA-9958825,21,25.807179487179486,0.8137270487242668,69,3282,0.9091011660736897,0.9999999999993571,Activation of STAT3 by cadherin engagement
Olink Explore HT,R-HSA-9013695,7,5.984273504273505,1.1697326325411335,16,3282,0.3874730736266052,0.9999999999993571,
Olink Explore HT,R-HSA-1445148,21,25.0591452991453,0.8380174083876777,67,3282,0.8769384346761153,0.9999999999993571,
Olink Explore HT,R-HSA-2682334,29,32.53948717948718,0.8912248628884826,87,3282,0.81530484359338,0.9999999999993571,EPH-Ephrin signaling
Olink Explore HT,R-HSA-3214847,27,29.173333333333332,0.9255027422303473,78,3282,0.7330373437698385,0.9999999999993571,
Olink Explore HT,R-HSA-3247509,60,69.1931623931624,0.8671377044320371,185,3282,0.932831699999478,0.9999999999993571,
Olink Explore HT,R-HSA-389957,6,9.350427350427351,0.6416819012797075,25,3282,0.9487855397786491,0.9999999999993571,
Olink Explore HT,R-HSA-390450,1,3.74017094017094,0.2673674588665448,10,3282,0.990789296660217,0.9999999999993571,
Olink Explore HT,R-HSA-3928662,12,15.334700854700854,0.7825389039996433,41,3282,0.8943345278017302,0.9999999999993571,EPHB-mediated forward signaling
Olink Explore HT,R-HSA-3928665,19,18.326837606837607,1.0367309629519084,49,3282,0.4746632539543705,0.9999999999993571,EPH-ephrin mediated repulsion of cells
Olink Explore HT,R-HSA-437239,13,16.83076923076923,0.7723948811700182,45,3282,0.9116065427237765,0.9999999999993571,
Olink Explore HT,R-HSA-446353,2,6.358290598290599,0.3145499516076997,17,3282,0.9961430317266334,0.9999999999993571,
Olink Explore HT,R-HSA-5250924,4,10.098461538461539,0.39609993906154783,27,3282,0.9975655752000655,0.9999999999993571,
Olink Explore HT,R-HSA-5626467,8,10.846495726495727,0.7375654037697787,29,3282,0.9033009302621239,0.9999999999993571,
Olink Explore HT,R-HSA-5663220,42,47.87418803418804,0.87729947440585,128,3282,0.8802477572355137,0.9999999999993571,
Olink Explore HT,R-HSA-5674135,15,12.716581196581197,1.179562318528874,34,3282,0.26062926748864057,0.9999999999993571,MAP2K and MAPK activation
Olink Explore HT,R-HSA-5689603,18,24.31111111111111,0.740402193784278,65,3282,0.9625616117798529,0.9999999999993571,UCH proteinases
Olink Explore HT,R-HSA-5696394,10,11.96854700854701,0.8355233089579525,32,3282,0.8159914522510789,0.9999999999993571,
Olink Explore HT,R-HSA-6802946,16,14.96068376068376,1.0694698354661791,40,3282,0.42481001459644496,0.9999999999993571,Signaling by moderate kinase activity BRAF mutants
Olink Explore HT,R-HSA-6802952,23,21.31897435897436,1.0788511498123738,57,3282,0.36912657227349227,0.9999999999993571,Signaling by BRAF and RAF1 fusions
Olink Explore HT,R-HSA-6802955,16,14.96068376068376,1.0694698354661791,40,3282,0.42481001459644496,0.9999999999993571,Paradoxical activation of RAF signaling by kinase inactive BRAF
Olink Explore HT,R-HSA-9035034,15,14.212649572649573,1.0553978639468873,38,3282,0.45606900926861976,0.9999999999993571,
Olink Explore HT,R-HSA-9649948,16,14.96068376068376,1.0694698354661791,40,3282,0.42481001459644496,0.9999999999993571,Signaling downstream of RAS mutants
Olink Explore HT,R-HSA-9656223,14,13.464615384615385,1.039762340036563,36,3282,0.4893320021660319,0.9999999999993571,Signaling by RAF1 mutants
Olink Explore HT,R-HSA-9662360,17,18.700854700854702,0.9090493601462523,50,3282,0.7380034308653647,0.9999999999993571,
Olink Explore HT,R-HSA-9662361,15,14.212649572649573,1.0553978639468873,38,3282,0.45606900926861976,0.9999999999993571,
Olink Explore HT,R-HSA-9824585,14,13.464615384615385,1.039762340036563,36,3282,0.4893320021660319,0.9999999999993571,
Olink Explore HT,R-HSA-9845323,10,11.594529914529915,0.8624756737630477,31,3282,0.779841248660158,0.9999999999993571,
Olink Explore HT,R-HSA-9932451,10,10.472478632478632,0.9548837816662314,28,3282,0.6424679067565402,0.9999999999993571,
Olink Explore HT,R-HSA-9933939,5,6.358290598290599,0.7863748790192493,17,3282,0.8234483898521984,0.9999999999993571,
Olink Explore HT,R-HSA-9933946,6,6.7323076923076925,0.8912248628884826,18,3282,0.7207883113470323,0.9999999999993571,
Olink Explore HT,R-HSA-9933947,6,4.862222222222222,1.23400365630713,13,3282,0.3500927590995102,0.9999999999993571,
Olink Explore HT,R-HSA-9934037,9,8.228376068376068,1.0937759680904104,22,3282,0.4451696372836325,0.9999999999993571,
Olink Explore HT,R-HSA-9938024,42,52.73641025641026,0.7964137072620483,141,3282,0.9770711939906279,0.9999999999993571,Somatic hypermutation of immunoglobulin genes
Olink Explore HT,R-HSA-9938027,102,123.05162393162394,0.8289203891911114,329,3282,0.9943113469665366,0.9999999999993571,Affinity selection of immunoglobulins
Olink Explore HT,R-HSA-9013418,4,8.602393162393163,0.4649868849852952,23,3282,0.9899660168605013,0.9999999999993571,
Olink Explore HT,R-HSA-3214858,6,9.350427350427351,0.6416819012797075,25,3282,0.9487855397786491,0.9999999999993571,
Olink Explore HT,R-HSA-8939243,9,11.96854700854701,0.7519709780621572,32,3282,0.900063882053145,0.9999999999993571,RUNX1 interacts with co-factors whose precise effect on RUNX1 targets is not known
Olink Explore HT,R-HSA-373753,10,8.228376068376068,1.2153066312115672,22,3282,0.28352509390638486,0.9999999999993571,Nephrin family interactions
Olink Explore HT,R-HSA-9013405,16,17.204786324786326,0.9299737699705904,46,3282,0.6952188283633747,0.9999999999993571,
Olink Explore HT,R-HSA-112314,39,53.48444444444444,0.7291839787269404,143,3282,0.9961440974598623,0.9999999999993571,Neurotransmitter receptors and postsynaptic signal transmission
Olink Explore HT,R-HSA-438064,23,26.92923076923077,0.8540904936014625,72,3282,0.8611248723792202,0.9999999999993571,Post NMDA receptor activation events
Olink Explore HT,R-HSA-438066,4,6.358290598290599,0.6290999032153994,17,3282,0.9289415338363637,0.9999999999993571,
Olink Explore HT,R-HSA-442742,7,10.098461538461539,0.6931748933577087,27,3282,0.9275922306536891,0.9999999999993571,CREB1 phosphorylation through NMDA receptor-mediated activation of RAS signaling
Olink Explore HT,R-HSA-442755,25,30.295384615384616,0.8252082063782247,81,3282,0.9108564628038214,0.9999999999993571,Activation of NMDA receptors and postsynaptic events
Olink Explore HT,R-HSA-442982,7,6.7323076923076925,1.039762340036563,18,3282,0.5366519800599882,0.9999999999993571,Ras activation upon Ca2+ influx through NMDA receptor
Olink Explore HT,R-HSA-9609736,9,13.464615384615385,0.6684186471663619,36,3282,0.9602061767023234,0.9999999999993571,
Olink Explore HT,R-HSA-9617324,6,7.1063247863247865,0.8443182911575099,19,3282,0.7739809870149,0.9999999999993571,
Olink Explore HT,R-HSA-9620244,7,7.48034188034188,0.9357861060329068,20,3282,0.6685595352382443,0.9999999999993571,
Olink Explore HT,R-HSA-2132295,47,45.25606837606838,1.0385347575807937,121,3282,0.4041949850158936,0.9999999999993571,
Olink Explore HT,R-HSA-3371497,20,20.196923076923078,0.9902498476538696,54,3282,0.5733579951997199,0.9999999999993571,
Olink Explore HT,R-HSA-446203,79,101.35863247863247,0.7794106734485993,271,3282,0.9984690742033069,0.9999999999993571,Asparagine N-linked glycosylation
Olink Explore HT,R-HSA-6807878,26,34.035555555555554,0.7639070253329852,91,3282,0.970401293516672,0.9999999999993571,COPI-mediated anterograde transport
Olink Explore HT,R-HSA-6811436,17,18.700854700854702,0.9090493601462523,50,3282,0.7380034308653647,0.9999999999993571,
Olink Explore HT,R-HSA-948021,48,62.834871794871795,0.7639070253329852,168,3282,0.9939703323122252,0.9999999999993571,Transport to the Golgi and subsequent modification
Olink Explore HT,R-HSA-9979719,37,34.035555555555554,1.0870984591277095,91,3282,0.2936455500182828,0.9999999999993571,
Olink Explore HT,R-HSA-68877,69,64.70495726495726,1.066378882184485,173,3282,0.27219638098800525,0.9999999999993571,
Olink Explore HT,R-HSA-1181150,8,6.7323076923076925,1.1882998171846435,18,3282,0.3480146877382009,0.9999999999993571,
Olink Explore HT,R-HSA-1502540,6,5.236239316239316,1.1458605379994777,14,3282,0.43321789566443775,0.9999999999993571,
Olink Explore HT,R-HSA-74217,6,4.862222222222222,1.23400365630713,13,3282,0.3500927590995102,0.9999999999993571,
Olink Explore HT,R-HSA-2122948,13,11.22051282051282,1.1585923217550276,30,3282,0.3103708953559359,0.9999999999993571,
Olink Explore HT,R-HSA-2644606,14,19.074871794871793,0.7339498870846328,51,3282,0.9498914877535973,0.9999999999993571,
Olink Explore HT,R-HSA-2691232,7,5.61025641025641,1.2477148080438758,15,3282,0.31178618625491844,0.9999999999993571,
Olink Explore HT,R-HSA-2894862,14,19.074871794871793,0.7339498870846328,51,3282,0.9498914877535973,0.9999999999993571,
Olink Explore HT,R-HSA-2979096,9,8.602393162393163,1.0462204912169144,23,3282,0.5102274042481497,0.9999999999993571,
Olink Explore HT,R-HSA-9013507,10,8.976410256410256,1.1140310786106034,24,3282,0.4061447232156549,0.9999999999993571,NOTCH3 Activation and Transmission of Signal to the Nucleus
Olink Explore HT,R-HSA-9013700,1,4.114188034188034,0.24306132624231344,11,3282,0.9942381875171671,0.9999999999993571,
Olink Explore HT,R-HSA-5682910,4,4.114188034188034,0.9722453049692538,11,3282,0.639216061107468,0.9999999999993571,
Olink Explore HT,R-HSA-1251985,13,11.22051282051282,1.1585923217550276,30,3282,0.3103708953559359,0.9999999999993571,Nuclear signaling by ERBB4
Olink Explore HT,R-HSA-193692,2,4.114188034188034,0.4861226524846269,11,3282,0.9563003880907157,0.9999999999993571,
Olink Explore HT,R-HSA-5358346,11,17.952820512820512,0.6127170932358318,48,3282,0.989339407960707,0.9999999999993571,Hedgehog ligand biogenesis
Olink Explore HT,R-HSA-75893,22,20.944957264957264,1.0503721598328546,56,3282,0.4345329385263805,0.9999999999993571,TNF signaling
Olink Explore HT,R-HSA-982772,10,8.602393162393163,1.162467212463238,23,3282,0.3439686664499394,0.9999999999993571,
Olink Explore HT,R-HSA-9759475,5,8.228376068376068,0.6076533156057836,22,3282,0.9547963558030459,0.9999999999993571,
Olink Explore HT,R-HSA-9762292,4,3.74017094017094,1.0694698354661791,10,3282,0.5507142197858133,0.9999999999993571,
Olink Explore HT,R-HSA-9764260,6,9.350427350427351,0.6416819012797075,25,3282,0.9487855397786491,0.9999999999993571,
Olink Explore HT,R-HSA-1650814,24,22.44102564102564,1.0694698354661791,60,3282,0.3846062530539702,0.9999999999993571,
Olink Explore HT,R-HSA-9833482,29,25.807179487179486,1.1237183053811304,69,3282,0.24891827136140066,0.9999999999993571,PKR-mediated signaling
Olink Explore HT,R-HSA-6782315,7,14.96068376068376,0.4678930530164534,40,3282,0.998293733157671,0.9999999999993571,
Olink Explore HT,R-HSA-111885,21,30.295384615384616,0.6931748933577087,81,3282,0.9896280795033078,0.9999999999993571,
Olink Explore HT,R-HSA-111931,6,6.7323076923076925,0.8912248628884826,18,3282,0.7207883113470323,0.9999999999993571,
Olink Explore HT,R-HSA-111933,10,12.342564102564102,0.8102044208077115,33,3282,0.8474645235929711,0.9999999999993571,
Olink Explore HT,R-HSA-111996,11,13.09059829059829,0.8402977278662837,35,3282,0.8169397707119581,0.9999999999993571,
Olink Explore HT,R-HSA-111997,10,12.342564102564102,0.8102044208077115,33,3282,0.8474645235929711,0.9999999999993571,
Olink Explore HT,R-HSA-112040,14,19.074871794871793,0.7339498870846328,51,3282,0.9498914877535973,0.9999999999993571,
Olink Explore HT,R-HSA-112043,14,17.578803418803417,0.7964137072620484,47,3282,0.8927238949701792,0.9999999999993571,
Olink Explore HT,R-HSA-1489509,12,14.586666666666666,0.8226691042047533,39,3282,0.8472454211155657,0.9999999999993571,
Olink Explore HT,R-HSA-163359,7,10.098461538461539,0.6931748933577087,27,3282,0.9275922306536891,0.9999999999993571,
Olink Explore HT,R-HSA-163615,6,5.984273504273505,1.002627970749543,16,3282,0.590191945590625,0.9999999999993571,
Olink Explore HT,R-HSA-164378,6,5.61025641025641,1.0694698354661791,15,3282,0.5141723686041171,0.9999999999993571,
Olink Explore HT,R-HSA-170670,2,4.114188034188034,0.4861226524846269,11,3282,0.9563003880907157,0.9999999999993571,
Olink Explore HT,R-HSA-418555,42,42.263931623931626,0.9937551568491045,113,3282,0.5562660288562531,0.9999999999993571,
Olink Explore HT,R-HSA-418594,78,76.29948717948717,1.0222873427250243,204,3282,0.4280316609414213,0.9999999999993571,G alpha (i) signalling events
Olink Explore HT,R-HSA-418597,7,14.96068376068376,0.4678930530164534,40,3282,0.998293733157671,0.9999999999993571,
Olink Explore HT,R-HSA-432040,10,13.09059829059829,0.7639070253329852,35,3282,0.8975837787790397,0.9999999999993571,
Olink Explore HT,R-HSA-442720,3,4.114188034188034,0.7291839787269403,11,3282,0.8428121314184082,0.9999999999993571,
Olink Explore HT,R-HSA-5610787,25,30.295384615384616,0.8252082063782247,81,3282,0.9108564628038214,0.9999999999993571,Hedgehog 'off' state
Olink Explore HT,R-HSA-9634597,12,14.212649572649573,0.8443182911575099,38,3282,0.8182416813757833,0.9999999999993571,
Olink Explore HT,R-HSA-9660821,8,13.464615384615385,0.5941499085923218,36,3282,0.9833979023753268,0.9999999999993571,ADORA2B mediated anti-inflammatory cytokines production
Olink Explore HT,R-HSA-9664323,16,39.271794871794874,0.40741708017759204,105,3282,0.9999998734085848,0.9999999999993571,FCGR3A-mediated IL10 synthesis
Olink Explore HT,R-HSA-977443,5,12.716581196581197,0.39318743950962465,34,3282,0.9991191134001665,0.9999999999993571,
Olink Explore HT,R-HSA-977444,3,10.846495726495727,0.276587026413667,29,3282,0.9997980909893365,0.9999999999993571,
Olink Explore HT,R-HSA-9856530,18,22.067008547008548,0.8156973321352213,59,3282,0.892537395108885,0.9999999999993571,High laminar flow shear stress activates signaling by PIEZO1 and PECAM1:CDH5:KDR in endothelial cells
Olink Explore HT,R-HSA-991365,3,10.846495726495727,0.276587026413667,29,3282,0.9997980909893365,0.9999999999993571,
Olink Explore HT,R-HSA-381753,2,3.74017094017094,0.5347349177330896,10,3282,0.9356661596048417,0.9999999999993571,
Olink Explore HT,R-HSA-381676,11,12.716581196581197,0.8650123669211742,34,3282,0.782477059535262,0.9999999999993571,
Olink Explore HT,R-HSA-400042,5,7.854358974358974,0.6365891877774876,21,3282,0.9395755279470881,0.9999999999993571,
Olink Explore HT,R-HSA-373080,29,26.555213675213675,1.0920642686098307,71,3282,0.31334510820052697,0.9999999999993571,
Olink Explore HT,R-HSA-420092,9,10.098461538461539,0.8912248628884826,27,3282,0.734092818417837,0.9999999999993571,
Olink Explore HT,R-HSA-5223345,3,8.602393162393163,0.34874016373897143,23,3282,0.9978226729357319,0.9999999999993571,
Olink Explore HT,R-HSA-9619665,6,7.854358974358974,0.7639070253329852,21,3282,0.8568611529290886,0.9999999999993571,
Olink Explore HT,R-HSA-5362517,7,14.96068376068376,0.4678930530164534,40,3282,0.998293733157671,0.9999999999993571,Signaling by Retinoic Acid
Olink Explore HT,R-HSA-5365859,6,7.854358974358974,0.7639070253329852,21,3282,0.8568611529290886,0.9999999999993571,RA biosynthesis pathway
Olink Explore HT,R-HSA-211897,11,18.326837606837607,0.6002126627616311,49,3282,0.9917499880907162,0.9999999999993571,
Olink Explore HT,R-HSA-381340,24,27.677264957264956,0.8671377044320372,74,3282,0.8432989762628633,0.9999999999993571,Transcriptional regulation of white adipocyte differentiation
Olink Explore HT,R-HSA-419812,5,3.74017094017094,1.336837294332724,10,3282,0.3033098788759292,0.9999999999993571,
Olink Explore HT,R-HSA-1614558,5,4.488205128205128,1.1140310786106034,12,3282,0.48686747266621433,0.9999999999993571,
Olink Explore HT,R-HSA-110373,10,8.976410256410256,1.1140310786106034,24,3282,0.4061447232156549,0.9999999999993571,
Olink Explore HT,R-HSA-73933,16,13.838632478632478,1.1561836059093828,37,3282,0.2827968984999956,0.9999999999993571,
Olink Explore HT,R-HSA-1169091,11,19.074871794871793,0.576674911280783,51,3282,0.9951227682320435,0.9999999999993571,Activation of NF-kappaB in B cells
Olink Explore HT,R-HSA-1234174,15,20.944957264957264,0.7161628362496736,56,3282,0.9655644239348311,0.9999999999993571,Cellular response to hypoxia
Olink Explore HT,R-HSA-1234176,12,18.326837606837607,0.6547774502854158,49,3282,0.9810119493297658,0.9999999999993571,Oxygen-dependent proline hydroxylation of Hypoxia-inducible Factor Alpha
Olink Explore HT,R-HSA-1236974,25,29.547350427350427,0.8460995533751418,79,3282,0.8816820611801873,0.9999999999993571,ER-Phagosome pathway
Olink Explore HT,R-HSA-1236978,9,14.96068376068376,0.6015767824497258,40,3282,0.9856409014755376,0.9999999999993571,Cross-presentation of soluble exogenous antigens (endosomes)
Olink Explore HT,R-HSA-1257604,96,92.38222222222223,1.0391609737323197,247,3282,0.3371891669018701,0.9999999999993571,PIP3 activates AKT signaling
Olink Explore HT,R-HSA-169911,7,14.212649572649573,0.4925190031752141,38,3282,0.9967935151608296,0.9999999999993571,Regulation of Apoptosis
Olink Explore HT,R-HSA-174084,12,19.822905982905983,0.6053602842261392,53,3282,0.99287444219813,0.9999999999993571,Autodegradation of Cdh1 by Cdh1:APC/C
Olink Explore HT,R-HSA-174113,8,15.334700854700854,0.5216926026664289,41,3282,0.9960169916531614,0.9999999999993571,SCF-beta-TrCP mediated degradation of Emi1
Olink Explore HT,R-HSA-174154,12,19.822905982905983,0.6053602842261392,53,3282,0.99287444219813,0.9999999999993571,APC/C:Cdc20 mediated degradation of Securin
Olink Explore HT,R-HSA-174178,13,22.44102564102564,0.5792961608775138,60,3282,0.9971436129166528,0.9999999999993571,APC/C:Cdh1 mediated degradation of Cdc20 and other APC/C:Cdh1 targeted proteins in late mitosis/early G1
Olink Explore HT,R-HSA-174184,13,21.31897435897436,0.609785432502646,57,3282,0.9938550721255568,0.9999999999993571,Cdc20:Phospho-APC/C mediated degradation of Cyclin A
Olink Explore HT,R-HSA-176408,15,23.93709401709402,0.6266424817184643,64,3282,0.994204048330372,0.9999999999993571,Regulation of APC/C activators between G1/S and early anaphase
Olink Explore HT,R-HSA-176409,15,22.067008547008548,0.6797477767793512,59,3282,0.9817743530971711,0.9999999999993571,APC/C:Cdc20 mediated degradation of mitotic proteins
Olink Explore HT,R-HSA-179419,14,21.692991452991453,0.6453697282985564,58,3282,0.9891242712373969,0.9999999999993571,APC:Cdc20 mediated degradation of cell cycle proteins prior to satisfation of the cell cycle checkpoint
Olink Explore HT,R-HSA-180534,7,13.838632478632478,0.5058303275853551,37,3282,0.9956312938265159,0.9999999999993571,Vpu mediated degradation of CD4
Olink Explore HT,R-HSA-180585,7,14.96068376068376,0.4678930530164534,40,3282,0.998293733157671,0.9999999999993571,Vif-mediated degradation of APOBEC3G
Olink Explore HT,R-HSA-187577,10,17.952820512820512,0.5570155393053017,48,3282,0.9957688495238459,0.9999999999993571,SCF(Skp2)-mediated degradation of p27/p21
Olink Explore HT,R-HSA-195253,10,23.93709401709402,0.41776165447897623,64,3282,0.9999674321507067,0.9999999999993571,Degradation of beta-catenin by the destruction complex
Olink Explore HT,R-HSA-201681,40,51.24034188034188,0.7806349163986709,137,3282,0.9829773245192994,0.9999999999993571,TCF dependent signaling in response to WNT
Olink Explore HT,R-HSA-202424,19,30.669401709401708,0.6195099656663843,82,3282,0.998032744086525,0.9999999999993571,Downstream TCR signaling
Olink Explore HT,R-HSA-211733,6,13.09059829059829,0.45834421519979107,35,3282,0.9975361005130169,0.9999999999993571,Regulation of activated PAK-2p34 by proteasome mediated degradation
Olink Explore HT,R-HSA-2454202,33,65.07897435897436,0.5070762150917228,174,3282,0.9999999697030842,0.9999999999993571,Fc epsilon receptor (FCERI) signaling
Olink Explore HT,R-HSA-2467813,48,60.964786324786324,0.7873397561714203,163,3282,0.9871698557455433,0.9999999999993571,Separation of Sister Chromatids
Olink Explore HT,R-HSA-2871837,16,48.99623931623932,0.32655567495150506,131,3282,0.9999999999820237,0.9999999999993571,FCERI mediated NF-kB activation
Olink Explore HT,R-HSA-349425,7,13.838632478632478,0.5058303275853551,37,3282,0.9956312938265159,0.9999999999993571,Autodegradation of the E3 ubiquitin ligase COP1
Olink Explore HT,R-HSA-350562,7,13.09059829059829,0.5347349177330896,35,3282,0.9919979214289629,0.9999999999993571,Regulation of ornithine decarboxylase (ODC)
Olink Explore HT,R-HSA-351202,10,14.96068376068376,0.668418647166362,40,3282,0.9664373514915592,0.9999999999993571,Metabolism of polyamines
Olink Explore HT,R-HSA-389948,39,50.86632478632479,0.7667155070437681,136,3282,0.9875855954741072,0.9999999999993571,Co-inhibition by PD-1
Olink Explore HT,R-HSA-4086400,19,26.92923076923077,0.7055530164533821,72,3282,0.9823781106819335,0.9999999999993571,PCP/CE pathway
Olink Explore HT,R-HSA-450408,9,15.334700854700854,0.5869041779997325,41,3282,0.989018148578115,0.9999999999993571,AUF1 (hnRNP D0) binds and destabilizes mRNA
Olink Explore HT,R-HSA-4608870,11,17.204786324786326,0.6393569668547809,46,3282,0.9824434839306622,0.9999999999993571,Asymmetric localization of PCP proteins
Olink Explore HT,R-HSA-4641257,8,14.96068376068376,0.5347349177330896,40,3282,0.9946513637360791,0.9999999999993571,Degradation of AXIN
Olink Explore HT,R-HSA-4641258,7,16.08273504273504,0.4352493516432125,43,3282,0.9993559200839733,0.9999999999993571,Degradation of DVL
Olink Explore HT,R-HSA-5362768,9,15.334700854700854,0.5869041779997325,41,3282,0.989018148578115,0.9999999999993571,Hh mutants are degraded by ERAD
Olink Explore HT,R-HSA-5607761,11,17.204786324786326,0.6393569668547809,46,3282,0.9824434839306622,0.9999999999993571,Dectin-1 mediated noncanonical NF-kB signaling
Olink Explore HT,R-HSA-5607764,25,31.043418803418803,0.8053236712847734,83,3282,0.9339064226853446,0.9999999999993571,CLEC7A (Dectin-1) signaling
Olink Explore HT,R-HSA-5610780,9,16.83076923076923,0.5347349177330896,45,3282,0.9964133262153896,0.9999999999993571,Degradation of GLI1 by the proteasome
Olink Explore HT,R-HSA-5610783,8,16.83076923076923,0.4753199268738574,45,3282,0.9988237692102309,0.9999999999993571,Degradation of GLI2 by the proteasome
Olink Explore HT,R-HSA-5610785,7,16.456752136752137,0.42535732092404854,44,3282,0.9995376692328862,0.9999999999993571,GLI3 is processed to GLI3R by the proteasome
Olink Explore HT,R-HSA-5632684,18,23.18905982905983,0.7762281063867429,62,3282,0.9352043552506443,0.9999999999993571,Hedgehog 'on' state
Olink Explore HT,R-HSA-5658442,13,19.448888888888888,0.668418647166362,52,3282,0.979691009136883,0.9999999999993571,Regulation of RAS by GAPs
Olink Explore HT,R-HSA-5676590,9,16.08273504273504,0.5596063092555589,43,3282,0.9936679550008861,0.9999999999993571,NIK-->noncanonical NF-kB signaling
Olink Explore HT,R-HSA-5678895,9,16.456752136752137,0.5468879840452052,44,3282,0.99522424697564,0.9999999999993571,Defective CFTR causes cystic fibrosis
Olink Explore HT,R-HSA-5687128,19,25.433162393162394,0.7470561350682868,68,3282,0.9617938266061932,0.9999999999993571,MAPK6/MAPK4 signaling
Olink Explore HT,R-HSA-5689880,50,51.61435897435897,0.9687226770526985,138,3282,0.6437508646125736,0.9999999999993571,Ub-specific processing proteases
Olink Explore HT,R-HSA-6807070,27,42.63794871794872,0.6332387183681324,114,3282,0.9994124558454733,0.9999999999993571,PTEN Regulation
Olink Explore HT,R-HSA-68867,14,26.18119658119658,0.5347349177330896,70,3282,0.999497223402823,0.9999999999993571,Assembly of the pre-replicative complex
Olink Explore HT,R-HSA-68949,8,20.570940170940172,0.38889812198770146,55,3282,0.9999557621119746,0.9999999999993571,Orc1 removal from chromatin
Olink Explore HT,R-HSA-69017,14,21.692991452991453,0.6453697282985564,58,3282,0.9891242712373969,0.9999999999993571,CDK-mediated phosphorylation and removal of Cdc6
Olink Explore HT,R-HSA-69052,16,28.05128205128205,0.5703839122486289,75,3282,0.9991239578006644,0.9999999999993571,Switching of origins to a post-replicative state
Olink Explore HT,R-HSA-69202,16,25.433162393162394,0.6290999032153994,68,3282,0.9950291625012656,0.9999999999993571,Cyclin E associated events during G1/S transition 
Olink Explore HT,R-HSA-69541,9,15.708717948717949,0.5729302689997389,42,3282,0.9916417130649139,0.9999999999993571,Stabilization of p53
Olink Explore HT,R-HSA-69563,13,18.700854700854702,0.6951553930530164,50,3282,0.9682653993459185,0.9999999999993571,p53-Dependent G1 DNA Damage Response
Olink Explore HT,R-HSA-69601,8,17.952820512820512,0.44561243144424134,48,3282,0.9995463298129827,0.9999999999993571,Ubiquitin-Mediated Degradation of Phosphorylated Cdc25A
Olink Explore HT,R-HSA-69656,17,26.555213675213675,0.6401756057367973,71,3282,0.9946247856587899,0.9999999999993571,Cyclin A:Cdk2-associated events at S phase entry
Olink Explore HT,R-HSA-75815,7,14.212649572649573,0.4925190031752141,38,3282,0.9967935151608296,0.9999999999993571,Ubiquitin-dependent degradation of Cyclin D
Olink Explore HT,R-HSA-8852276,13,22.067008547008548,0.5891147398754376,59,3282,0.9962987231880065,0.9999999999993571,The role of GTSE1 in G2/M progression after G2 checkpoint
Olink Explore HT,R-HSA-8854050,7,15.334700854700854,0.4564810273331253,41,3282,0.9987624740556582,0.9999999999993571,FBXL7 down-regulates AURKA during mitotic entry and in early mitosis
Olink Explore HT,R-HSA-8878159,23,29.173333333333332,0.7883912248628885,78,3282,0.9436555568732843,0.9999999999993571,Transcriptional regulation by RUNX3
Olink Explore HT,R-HSA-8939902,11,20.196923076923078,0.5446374162096282,54,3282,0.997848804149741,0.9999999999993571,Regulation of RUNX2 expression and activity
Olink Explore HT,R-HSA-8941858,10,16.456752136752137,0.6076533156057836,44,3282,0.9876157084323985,0.9999999999993571,Regulation of RUNX3 expression and activity
Olink Explore HT,R-HSA-8948751,11,19.448888888888888,0.5655850091407678,52,3282,0.996273034708533,0.9999999999993571,Regulation of PTEN stability and activity
Olink Explore HT,R-HSA-8951664,37,61.712820512820514,0.5995512713977065,165,3282,0.9999891418610546,0.9999999999993571,Neddylation
Olink Explore HT,R-HSA-9010553,24,41.88991452991453,0.5729302689997389,112,3282,0.9999152461641329,0.9999999999993571,Regulation of expression of SLITs and ROBOs
Olink Explore HT,R-HSA-9020702,31,35.157606837606835,0.8817437473258393,94,3282,0.8409159040366385,0.9999999999993571,Interleukin-1 signaling
Olink Explore HT,R-HSA-9604323,7,15.708717948717949,0.44561243144424134,42,3282,0.9991056750731813,0.9999999999993571,Negative regulation of NOTCH4 signaling
Olink Explore HT,R-HSA-9762114,6,14.96068376068376,0.4010511882998172,40,3282,0.9995435658023348,0.9999999999993571,GSK3B and BTRC:CUL1-mediated-degradation of NFE2L2
Olink Explore HT,R-HSA-9766229,14,19.074871794871793,0.7339498870846328,51,3282,0.9498914877535973,0.9999999999993571,Degradation of CDH1
Olink Explore HT,R-HSA-9793380,12,19.074871794871793,0.6290999032153995,51,3282,0.9882636262355329,0.9999999999993571,Formation of paraxial mesoderm
Olink Explore HT,R-HSA-9824272,9,14.96068376068376,0.6015767824497258,40,3282,0.9856409014755376,0.9999999999993571,Somitogenesis
Olink Explore HT,R-HSA-983168,70,88.64205128205128,0.7896929164834656,237,3282,0.9958955355779927,0.9999999999993571,Antigen processing: Ubiquitination & Proteasome degradation
Olink Explore HT,R-HSA-9907900,13,18.700854700854702,0.6951553930530164,50,3282,0.9682653993459185,0.9999999999993571,Proteasome assembly
Olink Explore HT,R-HSA-9909615,18,26.555213675213675,0.6778329943095501,71,3282,0.9888625791071624,0.9999999999993571,Regulation of PD-L1(CD274) Post-translational modification
Olink Explore HT,R-HSA-9909648,32,43.011965811965815,0.7439790159764724,115,3282,0.9885127012983506,0.9999999999993571,Regulation of PD-L1(CD274) expression
Olink Explore HT,R-HSA-9929356,8,15.334700854700854,0.5216926026664289,41,3282,0.9960169916531614,0.9999999999993571,GSK3B-mediated proteasomal degradation of PD-L1(CD274)
Olink Explore HT,R-HSA-9929491,9,16.08273504273504,0.5596063092555589,43,3282,0.9936679550008861,0.9999999999993571,SPOP-mediated proteasomal degradation of PD-L1(CD274)
Olink Explore HT,R-HSA-9931269,12,18.326837606837607,0.6547774502854158,49,3282,0.9810119493297658,0.9999999999993571,AMPK-induced ERAD and lysosome mediated degradation of PD-L1(CD274)
Olink Explore HT,R-HSA-9932298,7,16.456752136752137,0.42535732092404854,44,3282,0.9995376692328862,0.9999999999993571,Degradation of CRY and PER proteins
Olink Explore HT,R-HSA-9954709,13,28.05128205128205,0.463436928702011,75,3282,0.9999598693950267,0.9999999999993571,Ribosome Quality Control (RQC) complex extracts and degrades nascent peptide
Olink Explore HT,R-HSA-9974237,7,15.334700854700854,0.4564810273331253,41,3282,0.9987624740556582,0.9999999999993571,Negative Regulation of DNA Double Strand Break Response
Olink Explore HT,R-HSA-3214841,11,13.838632478632478,0.7948762290627007,37,3282,0.8732864383378818,0.9999999999993571,
Olink Explore HT,R-HSA-112382,8,17.952820512820512,0.44561243144424134,48,3282,0.9995463298129827,0.9999999999993571,
Olink Explore HT,R-HSA-674695,9,23.93709401709402,0.3759854890310786,64,3282,0.999991663810805,0.9999999999993571,
Olink Explore HT,R-HSA-75955,8,17.952820512820512,0.44561243144424134,48,3282,0.9995463298129827,0.9999999999993571,
Olink Explore HT,R-HSA-8949215,2,7.1063247863247865,0.28143943038583663,19,3282,0.9983301478790733,0.9999999999993571,
Olink Explore HT,R-HSA-8949664,1,5.984273504273505,0.16710466179159048,16,3282,0.9994486268364084,0.9999999999993571,
Olink Explore HT,R-HSA-8955332,12,10.472478632478632,1.1458605379994777,28,3282,0.3391445941606275,0.9999999999993571,
Olink Explore HT,R-HSA-166016,55,51.24034188034188,1.0733730100481724,137,3282,0.2793773452488979,0.9999999999993571,Toll Like Receptor 4 (TLR4) Cascade
Olink Explore HT,R-HSA-166058,38,39.645811965811966,0.958487116691387,106,3282,0.6650578319895417,0.9999999999993571,MyD88:MAL(TIRAP) cascade initiated on plasma membrane
Olink Explore HT,R-HSA-166166,39,37.775726495726495,1.0324089995836878,101,3282,0.4372238246285442,0.9999999999993571,MyD88-independent TLR4 cascade 
Olink Explore HT,R-HSA-168138,33,37.027692307692305,0.8912248628884827,99,3282,0.8276331257793305,0.9999999999993571,Toll Like Receptor 9 (TLR9) Cascade
Olink Explore HT,R-HSA-168142,30,33.66153846153846,0.8912248628884826,90,3282,0.818490003380598,0.9999999999993571,Toll Like Receptor 10 (TLR10) Cascade
Olink Explore HT,R-HSA-168164,36,36.27965811965812,0.9922915999170734,97,3282,0.5619406131646136,0.9999999999993571,Toll Like Receptor 3 (TLR3) Cascade
Olink Explore HT,R-HSA-168176,30,33.66153846153846,0.8912248628884826,90,3282,0.818490003380598,0.9999999999993571,Toll Like Receptor 5 (TLR5) Cascade
Olink Explore HT,R-HSA-168179,41,41.141880341880345,0.9965514375934851,110,3282,0.5474246532958952,0.9999999999993571,Toll Like Receptor TLR1:TLR2 Cascade
Olink Explore HT,R-HSA-168181,33,35.905641025641025,0.9190756398537477,96,3282,0.7635633785340409,0.9999999999993571,Toll Like Receptor 7/8 (TLR7/8) Cascade
Olink Explore HT,R-HSA-168188,38,39.645811965811966,0.958487116691387,106,3282,0.6650578319895417,0.9999999999993571,Toll Like Receptor TLR6:TLR2 Cascade
Olink Explore HT,R-HSA-168928,31,28.425299145299146,1.0905777927451168,76,3282,0.30817101022705956,0.9999999999993571,DDX58/IFIH1-mediated induction of interferon-alpha/beta
Olink Explore HT,R-HSA-445989,15,14.96068376068376,1.002627970749543,40,3282,0.5545059401438134,0.9999999999993571,TAK1-dependent IKK and NF-kappa-B activation  
Olink Explore HT,R-HSA-879415,4,4.862222222222222,0.8226691042047533,13,3282,0.7789631049648459,0.9999999999993571,Advanced glycosylation endproduct receptor signaling
Olink Explore HT,R-HSA-937061,39,37.775726495726495,1.0324089995836878,101,3282,0.4372238246285442,0.9999999999993571,TRIF (TICAM1)-mediated TLR4 signaling 
Olink Explore HT,R-HSA-975138,33,34.783589743589744,0.9487232411393525,93,3282,0.6861205922569796,0.9999999999993571,TRAF6 mediated induction of NFkB and MAP kinases upon TLR7/8 or 9 activation
Olink Explore HT,R-HSA-975155,33,34.783589743589744,0.9487232411393525,93,3282,0.6861205922569796,0.9999999999993571,MyD88 dependent cascade initiated on endosome
Olink Explore HT,R-HSA-975871,30,33.66153846153846,0.8912248628884826,90,3282,0.818490003380598,0.9999999999993571,MyD88 cascade initiated on plasma membrane
Olink Explore HT,R-HSA-165159,15,17.204786324786326,0.8718504093474286,46,3282,0.7943984885728864,0.9999999999993571,
Olink Explore HT,R-HSA-1912408,11,10.098461538461539,1.0892748324192565,27,3282,0.4301891638447446,0.9999999999993571,Pre-NOTCH Transcription and Translation
Olink Explore HT,R-HSA-203927,5,8.976410256410256,0.5570155393053017,24,3282,0.9752482521948929,0.9999999999993571,
Olink Explore HT,R-HSA-2559580,17,22.44102564102564,0.7575411334552102,60,3282,0.9465639762248037,0.9999999999993571,Oxidative Stress Induced Senescence
Olink Explore HT,R-HSA-2559585,5,10.846495726495727,0.4609783773561117,29,3282,0.9950550512879708,0.9999999999993571,Oncogene Induced Senescence
Olink Explore HT,R-HSA-3700989,99,115.19726495726496,0.8593954034996082,308,3282,0.9781960020840605,0.9999999999993571,Transcriptional Regulation by TP53
Olink Explore HT,R-HSA-4086398,10,18.326837606837607,0.5456478752378465,49,3282,0.9967993268143921,0.9999999999993571,Ca2+ pathway
Olink Explore HT,R-HSA-426486,3,3.74017094017094,0.8021023765996343,10,3282,0.7872859304245152,0.9999999999993571,
Olink Explore HT,R-HSA-5578749,1,5.984273504273505,0.16710466179159048,16,3282,0.9994486268364084,0.9999999999993571,
Olink Explore HT,R-HSA-5628897,22,29.547350427350427,0.7445676069701247,79,3282,0.9720098975772501,0.9999999999993571,TP53 Regulates Metabolic Genes
Olink Explore HT,R-HSA-8853884,14,13.09059829059829,1.0694698354661791,35,3282,0.4374619096591697,0.9999999999993571,Transcriptional Regulation by VENTX
Olink Explore HT,R-HSA-8934593,5,5.61025641025641,0.8912248628884827,15,3282,0.7173861294835204,0.9999999999993571,Regulation of RUNX1 Expression and Activity
Olink Explore HT,R-HSA-8936459,10,12.342564102564102,0.8102044208077115,33,3282,0.8474645235929711,0.9999999999993571,RUNX1 regulates genes involved in megakaryocyte differentiation and platelet function
Olink Explore HT,R-HSA-8939211,50,54.98051282051282,0.9094131253964108,147,3282,0.8267265314438591,0.9999999999993571,ESR-mediated signaling
Olink Explore HT,R-HSA-8986944,21,20.196923076923078,1.039762340036563,54,3282,0.46133352974929787,0.9999999999993571,
Olink Explore HT,R-HSA-9018519,27,31.043418803418803,0.8697495649875554,83,3282,0.8500025224357493,0.9999999999993571,Estrogen-dependent gene expression
Olink Explore HT,R-HSA-9022692,5,10.098461538461539,0.4951249238269348,27,3282,0.9904313878868024,0.9999999999993571,
Olink Explore HT,R-HSA-9725370,33,32.53948717948718,1.0141524301834457,87,3282,0.49982762840708495,0.9999999999993571,Signaling by ALK fusions and activated point mutants
Olink Explore HT,R-HSA-9725371,6,11.96854700854701,0.5013139853747715,32,3282,0.9935338661538867,0.9999999999993571,
Olink Explore HT,R-HSA-9768759,3,3.74017094017094,0.8021023765996343,10,3282,0.7872859304245152,0.9999999999993571,
Olink Explore HT,R-HSA-9824594,3,5.236239316239316,0.5729302689997389,14,3282,0.9407721820684868,0.9999999999993571,
Olink Explore HT,R-HSA-9839394,4,7.854358974358974,0.5092713502219901,21,3282,0.9802232177125103,0.9999999999993571,
Olink Explore HT,R-HSA-9945556,7,6.7323076923076925,1.039762340036563,18,3282,0.5366519800599882,0.9999999999993571,
Olink Explore HT,R-HSA-9820841,10,14.586666666666666,0.6855575868372944,39,3282,0.957520777301442,0.9999999999993571,
Olink Explore HT,R-HSA-9833110,36,33.66153846153846,1.0694698354661791,90,3282,0.34096232968606466,0.9999999999993571,RSV-host interactions
Olink Explore HT,R-HSA-9918481,69,83.40581196581196,0.8272804781072463,223,3282,0.9826501652058096,0.9999999999993571,Dengue Virus-Host Interactions
Olink Explore HT,R-HSA-389661,3,6.7323076923076925,0.4456124314442413,18,3282,0.9856168740172294,0.9999999999993571,
Olink Explore HT,R-HSA-73621,5,4.488205128205128,1.1140310786106034,12,3282,0.48686747266621433,0.9999999999993571,
Olink Explore HT,R-HSA-141444,27,31.791452991452992,0.8492848693407893,85,3282,0.8842675610529955,0.9999999999993571,
Olink Explore HT,R-HSA-2500257,35,41.515897435897436,0.8430505459755917,111,3282,0.9183114416570353,0.9999999999993571,
Olink Explore HT,R-HSA-9615933,5,9.724444444444444,0.5141681901279708,26,3282,0.9867901352327668,0.9999999999993571,
Olink Explore HT,R-HSA-9648025,33,39.271794871794874,0.8402977278662835,105,3282,0.9166359523116024,0.9999999999993571,
Olink Explore HT,R-HSA-156581,4,4.488205128205128,0.8912248628884827,12,3282,0.7153903553280948,0.9999999999993571,
Olink Explore HT,R-HSA-2408522,12,26.92923076923077,0.4456124314442413,72,3282,0.9999690070181514,0.9999999999993571,
Olink Explore HT,R-HSA-2029485,6,34.40957264957265,0.17437008186948572,92,3282,0.9999999999993571,0.9999999999993571,
Olink Explore HT,R-HSA-2871809,14,34.783589743589744,0.40248864775608895,93,3282,0.99999953503022,0.9999999999993571,
Olink Explore HT,R-HSA-5218921,7,7.48034188034188,0.9357861060329068,20,3282,0.6685595352382443,0.9999999999993571,VEGFR2 mediated cell proliferation
Olink Explore HT,R-HSA-5578775,13,17.578803418803417,0.7395270138861878,47,3282,0.9403397937804243,0.9999999999993571,
Olink Explore HT,R-HSA-5607763,5,4.114188034188034,1.2153066312115672,11,3282,0.3958359974729171,0.9999999999993571,
Olink Explore HT,R-HSA-983695,12,30.295384615384616,0.39609993906154783,81,3282,0.9999982992265448,0.9999999999993571,Antigen activates B Cell Receptor (BCR) leading to generation of second messengers
Olink Explore HT,R-HSA-9958790,7,9.350427350427351,0.7486288848263254,25,3282,0.8827778149369497,0.9999999999993571,
Olink Explore HT,R-HSA-211976,6,7.48034188034188,0.8021023765996343,20,3282,0.8191616092048953,0.9999999999993571,
Olink Explore HT,R-HSA-211981,3,6.7323076923076925,0.4456124314442413,18,3282,0.9856168740172294,0.9999999999993571,
Olink Explore HT,R-HSA-1834949,17,22.067008547008548,0.7703808136832646,59,3282,0.9358538946292088,0.9999999999993571,
Olink Explore HT,R-HSA-9856649,17,20.196923076923078,0.8417123705057892,54,3282,0.8518199365584873,0.9999999999993571,
Olink Explore HT,R-HSA-5368286,13,35.905641025641025,0.36206010054844606,96,3282,0.9999999569194639,0.9999999999993571,
Olink Explore HT,R-HSA-5389840,11,36.27965811965812,0.30320021108577244,97,3282,0.9999999986027582,0.9999999999993571,
Olink Explore HT,R-HSA-5419276,13,36.27965811965812,0.3583275221922765,97,3282,0.9999999694628656,0.9999999999993571,
Olink Explore HT,R-HSA-8950505,13,12.342564102564102,1.0532657470500248,33,3282,0.47139095970416156,0.9999999999993571,Gene and protein expression by JAK-STAT signaling after Interleukin-12 stimulation
Olink Explore HT,R-HSA-9020591,17,14.96068376068376,1.1363117001828154,40,3282,0.3037536660971611,0.9999999999993571,Interleukin-12 signaling
Olink Explore HT,R-HSA-9937383,12,32.91350427350427,0.36459198936347015,88,3282,0.99999983990595,0.9999999999993571,
Olink Explore HT,R-HSA-399719,6,10.098461538461539,0.5941499085923218,27,3282,0.9707686235550107,0.9999999999993571,
Olink Explore HT,R-HSA-399721,6,10.098461538461539,0.5941499085923218,27,3282,0.9707686235550107,0.9999999999993571,
Olink Explore HT,R-HSA-9772755,17,14.586666666666666,1.1654478976234004,39,3282,0.2603858378486795,0.9999999999993571,
Olink Explore HT,R-HSA-156590,14,12.716581196581197,1.100924830626949,34,3282,0.3853859834518838,0.9999999999993571,
Olink Explore HT,R-HSA-193807,2,4.114188034188034,0.4861226524846269,11,3282,0.9563003880907157,0.9999999999993571,
Olink Explore HT,R-HSA-2162123,4,5.236239316239316,0.7639070253329852,14,3282,0.8306890632746297,0.9999999999993571,
Olink Explore HT,R-HSA-111447,5,5.61025641025641,0.8912248628884827,15,3282,0.7173861294835204,0.9999999999993571,
Olink Explore HT,R-HSA-1474151,3,3.74017094017094,0.8021023765996343,10,3282,0.7872859304245152,0.9999999999993571,
Olink Explore HT,R-HSA-198323,6,5.236239316239316,1.1458605379994777,14,3282,0.43321789566443775,0.9999999999993571,
Olink Explore HT,R-HSA-198693,4,3.74017094017094,1.0694698354661791,10,3282,0.5507142197858133,0.9999999999993571,
Olink Explore HT,R-HSA-203615,3,4.862222222222222,0.617001828153565,13,3282,0.917182942326946,0.9999999999993571,
Olink Explore HT,R-HSA-354192,11,9.724444444444444,1.1311700182815356,26,3282,0.3709445324125384,0.9999999999993571,
Olink Explore HT,R-HSA-3769402,14,12.716581196581197,1.100924830626949,34,3282,0.3853859834518838,0.9999999999993571,
Olink Explore HT,R-HSA-389356,15,15.334700854700854,0.9781736299995542,41,3282,0.6013451802186458,0.9999999999993571,Co-stimulation by CD28
Olink Explore HT,R-HSA-389357,9,8.976410256410256,1.002627970749543,24,3282,0.5726770128676467,0.9999999999993571,CD28 dependent PI3K/Akt signaling
Olink Explore HT,R-HSA-392451,3,8.228376068376068,0.36459198936347015,22,3282,0.996797891708528,0.9999999999993571,
Olink Explore HT,R-HSA-450385,8,6.358290598290599,1.2581998064307989,17,3282,0.2791588458846697,0.9999999999993571,
Olink Explore HT,R-HSA-450604,5,6.358290598290599,0.7863748790192493,17,3282,0.8234483898521984,0.9999999999993571,
Olink Explore HT,R-HSA-5218920,9,7.854358974358974,1.1458605379994777,21,3282,0.3790423240838495,0.9999999999993571,
Olink Explore HT,R-HSA-5633007,42,49.7442735042735,0.8443182911575099,133,3282,0.9330944665948945,0.9999999999993571,Regulation of TP53 Activity
Olink Explore HT,R-HSA-5674400,11,10.098461538461539,1.0892748324192565,27,3282,0.4301891638447446,0.9999999999993571,
Olink Explore HT,R-HSA-6804757,13,13.09059829059829,0.9930791329328806,35,3282,0.576141814373142,0.9999999999993571,Regulation of TP53 Degradation
Olink Explore HT,R-HSA-6804758,9,10.098461538461539,0.8912248628884826,27,3282,0.734092818417837,0.9999999999993571,Regulation of TP53 Activity through Acetylation
Olink Explore HT,R-HSA-6806003,13,13.09059829059829,0.9930791329328806,35,3282,0.576141814373142,0.9999999999993571,Regulation of TP53 Expression and Degradation
Olink Explore HT,R-HSA-8876198,18,32.16547008547008,0.5596063092555589,86,3282,0.999690168488132,0.9999999999993571,
Olink Explore HT,R-HSA-9009391,27,25.433162393162394,1.0616060866759867,68,3282,0.3905792969702867,0.9999999999993571,Extra-nuclear estrogen signaling
Olink Explore HT,R-HSA-9614399,5,4.488205128205128,1.1140310786106034,12,3282,0.48686747266621433,0.9999999999993571,
Olink Explore HT,R-HSA-9755779,3,4.862222222222222,0.617001828153565,13,3282,0.917182942326946,0.9999999999993571,
Olink Explore HT,R-HSA-166208,7,8.228376068376068,0.8507146418480971,22,3282,0.7742916587751065,0.9999999999993571,
Olink Explore HT,R-HSA-3371571,11,13.09059829059829,0.8402977278662837,35,3282,0.8169397707119581,0.9999999999993571,
Olink Explore HT,R-HSA-2168880,7,29.173333333333332,0.23994515539305303,78,3282,0.9999999983955986,0.9999999999993571,Scavenging of heme from plasma
Olink Explore HT,R-HSA-8964539,1,4.114188034188034,0.24306132624231344,11,3282,0.9942381875171671,0.9999999999993571,
Olink Explore HT,R-HSA-196757,8,6.7323076923076925,1.1882998171846435,18,3282,0.3480146877382009,0.9999999999993571,
Olink Explore HT,R-HSA-9609523,9,7.1063247863247865,1.2664774367362648,19,3282,0.25101145524002255,0.9999999999993571,Insertion of tail-anchored proteins into the endoplasmic reticulum membrane
Olink Explore HT,R-HSA-9696270,16,13.838632478632478,1.1561836059093828,37,3282,0.2827968984999956,0.9999999999993571,
Olink Explore HT,R-HSA-9696273,11,13.464615384615385,0.8169561243144424,36,3282,0.8471305252194514,0.9999999999993571,
Olink Explore HT,R-HSA-70263,5,7.48034188034188,0.668418647166362,20,3282,0.9198816291332788,0.9999999999993571,
Olink Explore HT,R-HSA-446193,19,26.18119658119658,0.7257116740663359,70,3282,0.9738413857427042,0.9999999999993571,
Olink Explore HT,R-HSA-446219,19,21.31897435897436,0.8912248628884827,57,3282,0.7790806438177764,0.9999999999993571,
Olink Explore HT,R-HSA-201556,11,10.472478632478632,1.0503721598328546,28,3282,0.4891003559932908,0.9999999999993571,
Olink Explore HT,R-HSA-9842663,2,4.114188034188034,0.4861226524846269,11,3282,0.9563003880907157,0.9999999999993571,
Olink Explore HT,R-HSA-9018677,6,6.358290598290599,0.9436498548230992,17,3282,0.6594095342513511,0.9999999999993571,
Olink Explore HT,R-HSA-9645460,2,3.74017094017094,0.5347349177330896,10,3282,0.9356661596048417,0.9999999999993571,
Olink Explore HT,R-HSA-6811438,15,15.708717948717949,0.9548837816662314,42,3282,0.6458662733712186,0.9999999999993571,
Olink Explore HT,R-HSA-72187,24,53.85846153846154,0.4456124314442413,144,3282,0.9999999889819022,0.9999999999993571,
Olink Explore HT,R-HSA-1632852,37,47.50017094017094,0.7789445652017447,127,3282,0.9803648792223966,0.9999999999993571,
Olink Explore HT,R-HSA-532668,11,10.472478632478632,1.0503721598328546,28,3282,0.4891003559932908,0.9999999999993571,
Olink Explore HT,R-HSA-901032,7,5.984273504273505,1.1697326325411335,16,3282,0.3874730736266052,0.9999999999993571,
Olink Explore HT,R-HSA-901042,8,7.48034188034188,1.0694698354661791,20,3282,0.48849661760512403,0.9999999999993571,
Olink Explore HT,R-HSA-9690406,5,4.114188034188034,1.2153066312115672,11,3282,0.3958359974729171,0.9999999999993571,
Olink Explore HT,R-HSA-2028269,7,6.7323076923076925,1.039762340036563,18,3282,0.5366519800599882,0.9999999999993571,
Olink Explore HT,R-HSA-141405,6,7.48034188034188,0.8021023765996343,20,3282,0.8191616092048953,0.9999999999993571,
Olink Explore HT,R-HSA-141430,6,7.48034188034188,0.8021023765996343,20,3282,0.8191616092048953,0.9999999999993571,
Olink Explore HT,R-HSA-174048,6,7.854358974358974,0.7639070253329852,21,3282,0.8568611529290886,0.9999999999993571,
Olink Explore HT,R-HSA-176407,6,7.1063247863247865,0.8443182911575099,19,3282,0.7739809870149,0.9999999999993571,
Olink Explore HT,R-HSA-176412,5,6.358290598290599,0.7863748790192493,17,3282,0.8234483898521984,0.9999999999993571,
Olink Explore HT,R-HSA-179409,8,9.350427350427351,0.8555758683729433,25,3282,0.7755740360707595,0.9999999999993571,
Olink Explore HT,R-HSA-2559582,19,19.074871794871793,0.996074846757716,51,3282,0.5614823473474896,0.9999999999993571,Senescence-Associated Secretory Phenotype (SASP)
Olink Explore HT,R-HSA-9687136,6,7.48034188034188,0.8021023765996343,20,3282,0.8191616092048953,0.9999999999993571,
Olink Explore HT,R-HSA-210993,8,6.358290598290599,1.2581998064307989,17,3282,0.2791588458846697,0.9999999999993571,Tie2 Signaling
Olink Explore HT,R-HSA-8963889,7,6.7323076923076925,1.039762340036563,18,3282,0.5366519800599882,0.9999999999993571,
Olink Explore HT,R-HSA-9768727,4,8.976410256410256,0.44561243144424134,24,3282,0.9929095697936231,0.9999999999993571,
Olink Explore HT,R-HSA-2995383,3,5.984273504273505,0.5013139853747715,16,3282,0.9704249437018698,0.9999999999993571,
Olink Explore HT,R-HSA-199977,17,25.807179487179486,0.658731420395835,69,3282,0.9915419834149624,0.9999999999993571,ER to Golgi Anterograde Transport
Olink Explore HT,R-HSA-204005,21,23.563076923076924,0.8912248628884826,63,3282,0.7870191001531177,0.9999999999993571,COPII-mediated vesicle transport
Olink Explore HT,R-HSA-2672351,16,25.0591452991453,0.6384894540096592,67,3282,0.9937161310168091,0.9999999999993571,
Olink Explore HT,R-HSA-983712,32,45.63008547008547,0.7012916953876585,122,3282,0.9967835583170986,0.9999999999993571,
Olink Explore HT,R-HSA-5654726,14,12.716581196581197,1.100924830626949,34,3282,0.3853859834518838,0.9999999999993571,Negative regulation of FGFR1 signaling
Olink Explore HT,R-HSA-5210891,3,4.114188034188034,0.7291839787269403,11,3282,0.8428121314184082,0.9999999999993571,
Olink Explore HT,R-HSA-432720,11,11.594529914529915,0.9487232411393525,31,3282,0.6527553136386248,0.9999999999993571,Lysosome Vesicle Biogenesis
Olink Explore HT,R-HSA-177504,5,4.862222222222222,1.0283363802559415,13,3282,0.5723516686454047,0.9999999999993571,
Olink Explore HT,R-HSA-416993,3,5.984273504273505,0.5013139853747715,16,3282,0.9704249437018698,0.9999999999993571,
Olink Explore HT,R-HSA-5099900,3,5.61025641025641,0.5347349177330896,15,3282,0.9579926950586684,0.9999999999993571,
Olink Explore HT,R-HSA-5140745,5,4.488205128205128,1.1140310786106034,12,3282,0.48686747266621433,0.9999999999993571,
Olink Explore HT,R-HSA-8866427,4,5.61025641025641,0.7129798903107861,15,3282,0.8718901301077603,0.9999999999993571,
Olink Explore HT,R-HSA-390471,11,11.96854700854701,0.9190756398537476,32,3282,0.7003108007601321,0.9999999999993571,Association of TriC/CCT with target proteins during biosynthesis
Olink Explore HT,R-HSA-111458,4,3.74017094017094,1.0694698354661791,10,3282,0.5507142197858133,0.9999999999993571,
Olink Explore HT,R-HSA-111461,6,4.488205128205128,1.336837294332724,12,3282,0.2683919322023009,0.9999999999993571,
Olink Explore HT,R-HSA-111471,9,7.1063247863247865,1.2664774367362648,19,3282,0.25101145524002255,0.9999999999993571,
Olink Explore HT,R-HSA-6803207,6,4.488205128205128,1.336837294332724,12,3282,0.2683919322023009,0.9999999999993571,TP53 Regulates Transcription of Caspase Activators and Caspases
Olink Explore HT,R-HSA-8953750,9,10.472478632478632,0.8593954034996083,28,3282,0.7774940923626619,0.9999999999993571,
Olink Explore HT,R-HSA-9627069,4,3.74017094017094,1.0694698354661791,10,3282,0.5507142197858133,0.9999999999993571,
Olink Explore HT,R-HSA-212676,8,7.48034188034188,1.0694698354661791,20,3282,0.48849661760512403,0.9999999999993571,
Olink Explore HT,R-HSA-6794361,19,19.448888888888888,0.9769195612431445,52,3282,0.6030135645042061,0.9999999999993571,
Olink Explore HT,R-HSA-72764,4,19.448888888888888,0.2056672760511883,52,3282,0.9999998709986101,0.9999999999993571,
Olink Explore HT,R-HSA-110357,5,3.74017094017094,1.336837294332724,10,3282,0.3033098788759292,0.9999999999993571,
Olink Explore HT,R-HSA-5651801,9,7.48034188034188,1.2031535648994516,20,3282,0.3136613065708676,0.9999999999993571,
Olink Explore HT,R-HSA-9968297,7,6.7323076923076925,1.039762340036563,18,3282,0.5366519800599882,0.9999999999993571,
Olink Explore HT,R-HSA-205043,3,5.984273504273505,0.5013139853747715,16,3282,0.9704249437018698,0.9999999999993571,
Olink Explore HT,R-HSA-9839383,3,4.114188034188034,0.7291839787269403,11,3282,0.8428121314184082,0.9999999999993571,
Olink Explore HT,R-HSA-9707616,17,14.586666666666666,1.1654478976234004,39,3282,0.2603858378486795,0.9999999999993571,
Olink Explore HT,R-HSA-9920588,14,11.594529914529915,1.2074659432682668,31,3282,0.2371523435466318,0.9999999999993571,
Olink Explore HT,R-HSA-418346,20,28.425299145299146,0.7035985759645915,76,3282,0.9850518965013104,0.9999999999993571,
Olink Explore HT,R-HSA-432142,7,6.358290598290599,1.100924830626949,17,3282,0.4632930330459599,0.9999999999993571,
Olink Explore HT,R-HSA-425397,5,8.228376068376068,0.6076533156057836,22,3282,0.9547963558030459,0.9999999999993571,
Olink Explore HT,R-HSA-8864260,11,10.098461538461539,1.0892748324192565,27,3282,0.4301891638447446,0.9999999999993571,Transcriptional regulation by the AP-2 (TFAP2) family of transcription factors
Olink Explore HT,R-HSA-8949613,6,11.594529914529915,0.5174854042578286,31,3282,0.9911622156361253,0.9999999999993571,
Olink Explore HT,R-HSA-418889,5,3.74017094017094,1.336837294332724,10,3282,0.3033098788759292,0.9999999999993571,
Olink Explore HT,R-HSA-6781823,7,14.96068376068376,0.4678930530164534,40,3282,0.998293733157671,0.9999999999993571,
Olink Explore HT,R-HSA-6781827,16,23.563076923076924,0.6790284669626534,63,3282,0.9845488271218052,0.9999999999993571,
Olink Explore HT,R-HSA-6782135,15,20.196923076923078,0.7426873857404022,54,3282,0.948597466161123,0.9999999999993571,
Olink Explore HT,R-HSA-6782210,14,19.822905982905983,0.7062536649304957,53,3282,0.9668365059097433,0.9999999999993571,
Olink Explore HT,R-HSA-383280,8,16.83076923076923,0.4753199268738574,45,3282,0.9988237692102309,0.9999999999993571,
Olink Explore HT,R-HSA-4090294,4,10.098461538461539,0.39609993906154783,27,3282,0.9975655752000655,0.9999999999993571,
Olink Explore HT,R-HSA-5625740,10,12.342564102564102,0.8102044208077115,33,3282,0.8474645235929711,0.9999999999993571,
Olink Explore HT,R-HSA-5673000,9,12.342564102564102,0.7291839787269403,33,3282,0.9197886414757102,0.9999999999993571,RAF activation
Olink Explore HT,R-HSA-5675221,10,13.838632478632478,0.7226147536933644,37,3282,0.9331749644368016,0.9999999999993571,Negative regulation of MAPK pathway
Olink Explore HT,R-HSA-9031628,12,10.846495726495727,1.106348105654668,29,3282,0.3952215687753115,0.9999999999993571,
Olink Explore HT,R-HSA-6811434,33,33.66153846153846,0.9803473491773309,90,3282,0.59701669396068,0.9999999999993571,
Olink Explore HT,R-HSA-5694530,12,10.846495726495727,1.106348105654668,29,3282,0.3952215687753115,0.9999999999993571,Cargo concentration in the ER
Olink Explore HT,R-HSA-1483255,17,28.79931623931624,0.5902917923027612,77,3282,0.998728793701998,0.9999999999993571,
Olink Explore HT,R-HSA-1660499,9,19.074871794871793,0.4718249274115497,51,3282,0.9994060346604255,0.9999999999993571,
Olink Explore HT,R-HSA-1660514,2,5.61025641025641,0.35648994515539306,15,3282,0.9911958957033161,0.9999999999993571,
Olink Explore HT,R-HSA-5620916,6,6.7323076923076925,0.8912248628884826,18,3282,0.7207883113470323,0.9999999999993571,
Olink Explore HT,R-HSA-5620920,15,20.196923076923078,0.7426873857404022,54,3282,0.948597466161123,0.9999999999993571,
Olink Explore HT,R-HSA-8854214,14,17.204786324786326,0.8137270487242667,46,3282,0.8721007296316884,0.9999999999993571,
Olink Explore HT,R-HSA-6811440,18,16.83076923076923,1.0694698354661791,45,3282,0.4134308071621883,0.9999999999993571,
Olink Explore HT,R-HSA-70635,5,4.488205128205128,1.1140310786106034,12,3282,0.48686747266621433,0.9999999999993571,Urea cycle
Olink Explore HT,R-HSA-9013409,20,17.204786324786326,1.162467212463238,46,3282,0.239736387997564,0.9999999999993571,
Olink Explore HT,R-HSA-9696264,14,14.212649572649573,0.9850380063504282,38,3282,0.5892119030848086,0.9999999999993571,
Olink Explore HT,R-HSA-9013424,12,10.846495726495727,1.106348105654668,29,3282,0.3952215687753115,0.9999999999993571,
Olink Explore HT,R-HSA-9013420,14,11.96854700854701,1.1697326325411335,32,3282,0.2842951133303761,0.9999999999993571,
Olink Explore HT,R-HSA-8849471,5,5.236239316239316,0.9548837816662314,14,3282,0.6496482091903861,0.9999999999993571,"PTK6 Regulates RHO GTPases, RAS GTPase and MAP kinases"
Olink Explore HT,R-HSA-9013407,7,9.724444444444444,0.7198354661791591,26,3282,0.9074911071176819,0.9999999999993571,
Olink Explore HT,R-HSA-416572,6,7.48034188034188,0.8021023765996343,20,3282,0.8191616092048953,0.9999999999993571,
Olink Explore HT,R-HSA-2173791,7,5.236239316239316,1.336837294332724,14,3282,0.23925924367960663,0.9999999999993571,TGF-beta receptor signaling in EMT (epithelial to mesenchymal transition)
Olink Explore HT,R-HSA-9958810,9,8.228376068376068,1.0937759680904104,22,3282,0.4451696372836325,0.9999999999993571,
Olink Explore HT,R-HSA-8964616,1,5.61025641025641,0.17824497257769653,15,3282,0.9991182860691745,0.9999999999993571,
Olink Explore HT,R-HSA-3928664,6,5.984273504273505,1.002627970749543,16,3282,0.590191945590625,0.9999999999993571,Ephrin signaling
Olink Explore HT,R-HSA-9764560,10,15.334700854700854,0.6521157533330361,41,3282,0.973632911777485,0.9999999999993571,
Olink Explore HT,R-HSA-9764790,4,4.114188034188034,0.9722453049692538,11,3282,0.639216061107468,0.9999999999993571,
Olink Explore HT,R-HSA-6791312,17,14.586666666666666,1.1654478976234004,39,3282,0.2603858378486795,0.9999999999993571,TP53 Regulates Transcription of Cell Cycle Genes
Olink Explore HT,R-HSA-3214815,9,11.22051282051282,0.8021023765996345,30,3282,0.8483799510874299,0.9999999999993571,
Olink Explore HT,R-HSA-427413,8,12.716581196581197,0.6290999032153994,34,3282,0.9716516520832474,0.9999999999993571,
Olink Explore HT,R-HSA-9909505,8,6.7323076923076925,1.1882998171846435,18,3282,0.3480146877382009,0.9999999999993571,
Olink Explore HT,R-HSA-9615710,13,12.342564102564102,1.0532657470500248,33,3282,0.47139095970416156,0.9999999999993571,
Olink Explore HT,R-HSA-9646399,14,14.96068376068376,0.9357861060329068,40,3282,0.6797020117636603,0.9999999999993571,
Olink Explore HT,R-HSA-9663891,24,28.425299145299146,0.8443182911575099,76,3282,0.8804312308686214,0.9999999999993571,
Olink Explore HT,R-HSA-389977,5,7.48034188034188,0.668418647166362,20,3282,0.9198816291332788,0.9999999999993571,
Olink Explore HT,R-HSA-5620922,4,5.236239316239316,0.7639070253329852,14,3282,0.8306890632746297,0.9999999999993571,
Olink Explore HT,R-HSA-210500,9,7.1063247863247865,1.2664774367362648,19,3282,0.25101145524002255,0.9999999999993571,
Olink Explore HT,R-HSA-70268,6,14.212649572649573,0.42215914557875495,38,3282,0.9990945874599825,0.9999999999993571,
Olink Explore HT,R-HSA-9861718,4,10.846495726495727,0.3687827018848894,29,3282,0.9988297008287007,0.9999999999993571,
Olink Explore HT,R-HSA-456926,4,10.098461538461539,0.39609993906154783,27,3282,0.9975655752000655,0.9999999999993571,Thrombin signalling through proteinase activated receptors (PARs)
Olink Explore HT,R-HSA-5635838,5,4.488205128205128,1.1140310786106034,12,3282,0.48686747266621433,0.9999999999993571,
Olink Explore HT,R-HSA-163841,19,19.822905982905983,0.958487116691387,53,3282,0.642771685951681,0.9999999999993571,"Gamma carboxylation, hypusinylation, hydroxylation, and arylsulfatase activation"
Olink Explore HT,R-HSA-1461973,10,12.716581196581197,0.7863748790192493,34,3282,0.8745426336170166,0.9999999999993571,Defensins
Olink Explore HT,R-HSA-1462054,3,3.74017094017094,0.8021023765996343,10,3282,0.7872859304245152,0.9999999999993571,Alpha-defensins
Olink Explore HT,R-HSA-6791226,23,49.7442735042735,0.4623647784910173,133,3282,0.9999999039131399,0.9999999999993571,
Olink Explore HT,R-HSA-9857377,6,5.236239316239316,1.1458605379994777,14,3282,0.43321789566443775,0.9999999999993571,
Olink Explore HT,R-HSA-9954716,4,20.570940170940172,0.19444906099385073,55,3282,0.9999999629987271,0.9999999999993571,
Olink Explore HT,R-HSA-2559584,5,4.114188034188034,1.2153066312115672,11,3282,0.3958359974729171,0.9999999999993571,Formation of Senescence-Associated Heterochromatin Foci (SAHF)
Olink Explore HT,R-HSA-201722,7,10.472478632478632,0.668418647166362,28,3282,0.9437611679130318,0.9999999999993571,
Olink Explore HT,R-HSA-5617472,13,19.074871794871793,0.6815248951500162,51,3282,0.9745512112064494,0.9999999999993571,
Olink Explore HT,R-HSA-9909649,14,14.586666666666666,0.9597806215722121,39,3282,0.635883386696714,0.9999999999993571,
Olink Explore HT,R-HSA-9976102,26,25.807179487179486,1.0074715841348065,69,3282,0.5264269254682452,0.9999999999993571,
Olink Explore HT,R-HSA-8963693,3,3.74017094017094,0.8021023765996343,10,3282,0.7872859304245152,0.9999999999993571,
Olink Explore HT,R-HSA-9633012,10,22.44102564102564,0.44561243144424134,60,3282,0.9998820105196087,0.9999999999993571,
Olink Explore HT,R-HSA-9648895,7,5.61025641025641,1.2477148080438758,15,3282,0.31178618625491844,0.9999999999993571,
Olink Explore HT,R-HSA-9629569,5,6.358290598290599,0.7863748790192493,17,3282,0.8234483898521984,0.9999999999993571,
Olink Explore HT,R-HSA-5601884,5,8.228376068376068,0.6076533156057836,22,3282,0.9547963558030459,0.9999999999993571,
Olink Explore HT,R-HSA-448424,25,24.685128205128205,1.0127555260096395,66,3282,0.5145948432680516,0.9999999999993571,
Olink Explore HT,R-HSA-450282,9,11.594529914529915,0.7762281063867429,31,3282,0.876418511171314,0.9999999999993571,
Olink Explore HT,R-HSA-450294,18,21.692991452991453,0.8297610792410011,58,3282,0.874071176587857,0.9999999999993571,
Olink Explore HT,R-HSA-450341,4,3.74017094017094,1.0694698354661791,10,3282,0.5507142197858133,0.9999999999993571,
Olink Explore HT,R-HSA-6796648,11,18.700854700854702,0.5882084095063985,50,3282,0.9936433454484823,0.9999999999993571,TP53 Regulates Transcription of DNA Repair Genes
Olink Explore HT,R-HSA-8943724,16,20.570940170940172,0.7777962439754029,55,3282,0.9239926439120036,0.9999999999993571,Regulation of PTEN gene transcription
Olink Explore HT,R-HSA-9931509,11,10.846495726495727,1.0141524301834457,29,3282,0.5464707259598339,0.9999999999993571,
Olink Explore HT,R-HSA-9843940,3,8.228376068376068,0.36459198936347015,22,3282,0.996797891708528,0.9999999999993571,
Olink Explore HT,R-HSA-9843970,4,4.114188034188034,0.9722453049692538,11,3282,0.639216061107468,0.9999999999993571,
Olink Explore HT,R-HSA-983170,9,11.22051282051282,0.8021023765996345,30,3282,0.8483799510874299,0.9999999999993571,
Olink Explore HT,R-HSA-9920951,6,5.984273504273505,1.002627970749543,16,3282,0.590191945590625,0.9999999999993571,
Olink Explore HT,R-HSA-5205647,8,11.22051282051282,0.7129798903107861,30,3282,0.923272195416558,0.9999999999993571,
Olink Explore HT,R-HSA-5205685,6,9.350427350427351,0.6416819012797075,25,3282,0.9487855397786491,0.9999999999993571,
Olink Explore HT,R-HSA-936440,14,12.342564102564102,1.134286189130796,33,3282,0.3340155709964309,0.9999999999993571,
Olink Explore HT,R-HSA-5685942,18,18.700854700854702,0.9625228519195612,50,3282,0.6333087192337921,0.9999999999993571,
Olink Explore HT,R-HSA-5693554,8,6.7323076923076925,1.1882998171846435,18,3282,0.3480146877382009,0.9999999999993571,
Olink Explore HT,R-HSA-5693579,9,11.22051282051282,0.8021023765996345,30,3282,0.8483799510874299,0.9999999999993571,
Olink Explore HT,R-HSA-5693616,8,10.846495726495727,0.7375654037697787,29,3282,0.9033009302621239,0.9999999999993571,
Olink Explore HT,R-HSA-6804756,19,27.303247863247865,0.6958879066389522,73,3282,0.9856207174366842,0.9999999999993571,Regulation of TP53 Activity through Phosphorylation
Olink Explore HT,R-HSA-6804760,6,6.7323076923076925,0.8912248628884826,18,3282,0.7207883113470323,0.9999999999993571,Regulation of TP53 Activity through Methylation
Olink Explore HT,R-HSA-912446,9,7.48034188034188,1.2031535648994516,20,3282,0.3136613065708676,0.9999999999993571,
Olink Explore HT,R-HSA-9664873,2,4.114188034188034,0.4861226524846269,11,3282,0.9563003880907157,0.9999999999993571,
Olink Explore HT,R-HSA-9701192,7,6.358290598290599,1.100924830626949,17,3282,0.4632930330459599,0.9999999999993571,
Olink Explore HT,R-HSA-9704331,7,6.358290598290599,1.100924830626949,17,3282,0.4632930330459599,0.9999999999993571,
Olink Explore HT,R-HSA-9704646,7,6.358290598290599,1.100924830626949,17,3282,0.4632930330459599,0.9999999999993571,
Olink Explore HT,R-HSA-9709570,8,9.724444444444444,0.8226691042047533,26,3282,0.8156988790178192,0.9999999999993571,
Olink Explore HT,R-HSA-9709603,7,6.358290598290599,1.100924830626949,17,3282,0.4632930330459599,0.9999999999993571,
Olink Explore HT,R-HSA-936837,8,14.96068376068376,0.5347349177330896,40,3282,0.9946513637360791,0.9999999999993571,
Olink Explore HT,R-HSA-1912420,6,6.7323076923076925,0.8912248628884826,18,3282,0.7207883113470323,0.9999999999993571,
Olink Explore HT,R-HSA-418359,2,4.488205128205128,0.44561243144424134,12,3282,0.9705032543524896,0.9999999999993571,
Olink Explore HT,R-HSA-418360,3,9.724444444444444,0.3085009140767825,26,3282,0.9993287145765036,0.9999999999993571,
Olink Explore HT,R-HSA-163210,3,6.7323076923076925,0.4456124314442413,18,3282,0.9856168740172294,0.9999999999993571,
Olink Explore HT,R-HSA-917977,11,8.976410256410256,1.2254341864716636,24,3282,0.2569221869779376,0.9999999999993571,
Olink Explore HT,R-HSA-9639288,12,17.204786324786326,0.6974803274779429,46,3282,0.9623266341139963,0.9999999999993571,
Olink Explore HT,R-HSA-176187,7,11.22051282051282,0.6238574040219379,30,3282,0.9667887403856555,0.9999999999993571,
Olink Explore HT,R-HSA-6783310,8,8.602393162393163,0.9299737699705904,23,3282,0.6771666145834696,0.9999999999993571,
Olink Explore HT,R-HSA-5689877,4,3.74017094017094,1.0694698354661791,10,3282,0.5507142197858133,0.9999999999993571,
Olink Explore HT,R-HSA-6804114,5,5.61025641025641,0.8912248628884827,15,3282,0.7173861294835204,0.9999999999993571,TP53 Regulates Transcription of Genes Involved in G2 Cell Cycle Arrest
Olink Explore HT,R-HSA-9955298,6,8.976410256410256,0.668418647166362,24,3282,0.9329436858166412,0.9999999999993571,
Olink Explore HT,R-HSA-196299,2,4.862222222222222,0.4113345521023766,13,3282,0.9801978565389522,0.9999999999993571,
Olink Explore HT,R-HSA-4641262,3,8.976410256410256,0.334209323583181,24,3282,0.9985245448131761,0.9999999999993571,
Olink Explore HT,R-HSA-5339716,2,4.862222222222222,0.4113345521023766,13,3282,0.9801978565389522,0.9999999999993571,
Olink Explore HT,R-HSA-5358747,2,4.862222222222222,0.4113345521023766,13,3282,0.9801978565389522,0.9999999999993571,
Olink Explore HT,R-HSA-5358749,2,4.862222222222222,0.4113345521023766,13,3282,0.9801978565389522,0.9999999999993571,
Olink Explore HT,R-HSA-5358751,2,4.862222222222222,0.4113345521023766,13,3282,0.9801978565389522,0.9999999999993571,
Olink Explore HT,R-HSA-5358752,2,4.862222222222222,0.4113345521023766,13,3282,0.9801978565389522,0.9999999999993571,
Olink Explore HT,R-HSA-5467337,2,4.488205128205128,0.44561243144424134,12,3282,0.9705032543524896,0.9999999999993571,
Olink Explore HT,R-HSA-5467340,2,4.488205128205128,0.44561243144424134,12,3282,0.9705032543524896,0.9999999999993571,
Olink Explore HT,R-HSA-5467348,2,4.488205128205128,0.44561243144424134,12,3282,0.9705032543524896,0.9999999999993571,
Olink Explore HT,R-HSA-4641265,1,4.488205128205128,0.22280621572212067,12,3282,0.996395908713956,0.9999999999993571,
Olink Explore HT,R-HSA-9943962,2,5.61025641025641,0.35648994515539306,15,3282,0.9911958957033161,0.9999999999993571,
Olink Explore HT,R-HSA-1236977,6,4.488205128205128,1.336837294332724,12,3282,0.2683919322023009,0.9999999999993571,
Olink Explore HT,R-HSA-877300,26,30.669401709401708,0.8477504793329469,82,3282,0.882962913741758,0.9999999999993571,
Olink Explore HT,R-HSA-8931838,2,5.236239316239316,0.3819535126664926,14,3282,0.9867688022840297,0.9999999999993571,
Olink Explore HT,R-HSA-9939291,2,4.488205128205128,0.44561243144424134,12,3282,0.9705032543524896,0.9999999999993571,
Olink Explore HT,R-HSA-975576,7,8.976410256410256,0.7798217550274223,24,3282,0.8527607568544165,0.9999999999993571,
Olink Explore HT,R-HSA-975577,3,5.61025641025641,0.5347349177330896,15,3282,0.9579926950586684,0.9999999999993571,
Olink Explore HT,R-HSA-9708530,2,3.74017094017094,0.5347349177330896,10,3282,0.9356661596048417,0.9999999999993571,
Olink Explore HT,R-HSA-5620971,12,9.724444444444444,1.23400365630713,26,3282,0.23331466606440268,0.9999999999993571,Pyroptosis
Olink Explore HT,R-HSA-162594,3,4.862222222222222,0.617001828153565,13,3282,0.917182942326946,0.9999999999993571,Early Phase of HIV Life Cycle
Olink Explore HT,R-HSA-3899300,15,15.334700854700854,0.9781736299995542,41,3282,0.6013451802186458,0.9999999999993571,
Olink Explore HT,R-HSA-4655427,4,4.862222222222222,0.8226691042047533,13,3282,0.7789631049648459,0.9999999999993571,
Olink Explore HT,R-HSA-2022870,6,7.1063247863247865,0.8443182911575099,19,3282,0.7739809870149,0.9999999999993571,
Olink Explore HT,R-HSA-8866654,8,14.586666666666666,0.5484460694698355,39,3282,0.9928492712839708,0.9999999999993571,
Olink Explore HT,R-HSA-9692914,25,31.417435897435897,0.7957364847218595,84,3282,0.9434205830516587,0.9999999999993571,
Olink Explore HT,R-HSA-9702518,5,3.74017094017094,1.336837294332724,10,3282,0.3033098788759292,0.9999999999993571,
Olink Explore HT,R-HSA-9703648,7,5.61025641025641,1.2477148080438758,15,3282,0.31178618625491844,0.9999999999993571,Signaling by FLT3 ITD and TKD mutants
Olink Explore HT,R-HSA-1839117,7,5.984273504273505,1.1697326325411335,16,3282,0.3874730736266052,0.9999999999993571,
Olink Explore HT,R-HSA-9865881,3,8.976410256410256,0.334209323583181,24,3282,0.9985245448131761,0.9999999999993571,
Olink Explore HT,R-HSA-749476,6,10.098461538461539,0.5941499085923218,27,3282,0.9707686235550107,0.9999999999993571,
Olink Explore HT,R-HSA-76061,4,7.1063247863247865,0.5628788607716733,19,3282,0.9619609663181234,0.9999999999993571,
Olink Explore HT,R-HSA-76066,4,7.1063247863247865,0.5628788607716733,19,3282,0.9619609663181234,0.9999999999993571,
Olink Explore HT,R-HSA-76071,3,8.602393162393163,0.34874016373897143,23,3282,0.9978226729357319,0.9999999999993571,
Olink Explore HT,R-HSA-9008059,10,8.228376068376068,1.2153066312115672,22,3282,0.28352509390638486,0.9999999999993571,
Olink Explore HT,R-HSA-9679504,3,4.862222222222222,0.617001828153565,13,3282,0.917182942326946,0.9999999999993571,
Olink Explore HT,R-HSA-9694676,3,5.236239316239316,0.5729302689997389,14,3282,0.9407721820684868,0.9999999999993571,
Olink Explore HT,R-HSA-9931510,8,6.7323076923076925,1.1882998171846435,18,3282,0.3480146877382009,0.9999999999993571,
Olink Explore HT,R-HSA-168927,8,6.358290598290599,1.2581998064307989,17,3282,0.2791588458846697,0.9999999999993571,"TICAM1, RIP1-mediated IKK complex recruitment"
Olink Explore HT,R-HSA-5357905,19,17.952820512820512,1.0583295246800732,48,3282,0.4303120678274239,0.9999999999993571,Regulation of TNFR1 signaling
Olink Explore HT,R-HSA-5357956,13,11.594529914529915,1.121218375891962,31,3282,0.3632509605515444,0.9999999999993571,TNFR1-induced NF-kappa-B signaling pathway
Olink Explore HT,R-HSA-912631,7,7.48034188034188,0.9357861060329068,20,3282,0.6685595352382443,0.9999999999993571,Regulation of signaling by CBL
Olink Explore HT,R-HSA-162658,4,4.488205128205128,0.8912248628884827,12,3282,0.7153903553280948,0.9999999999993571,
Olink Explore HT,R-HSA-9931521,4,4.114188034188034,0.9722453049692538,11,3282,0.639216061107468,0.9999999999993571,
Olink Explore HT,R-HSA-2022090,26,22.815042735042734,1.1395990050049452,61,3282,0.23638873420477205,0.9999999999993571,Assembly of collagen fibrils and other multimeric structures
Olink Explore HT,R-HSA-2214320,4,5.236239316239316,0.7639070253329852,14,3282,0.8306890632746297,0.9999999999993571,
Olink Explore HT,R-HSA-2243919,7,6.7323076923076925,1.039762340036563,18,3282,0.5366519800599882,0.9999999999993571,
Olink Explore HT,R-HSA-9754189,6,4.488205128205128,1.336837294332724,12,3282,0.2683919322023009,0.9999999999993571,
Olink Explore HT,R-HSA-9830364,7,5.236239316239316,1.336837294332724,14,3282,0.23925924367960663,0.9999999999993571,
Olink Explore HT,R-HSA-9830674,7,5.61025641025641,1.2477148080438758,15,3282,0.31178618625491844,0.9999999999993571,
Olink Explore HT,R-HSA-9834899,3,4.488205128205128,0.668418647166362,12,3282,0.8852860567818459,0.9999999999993571,
Olink Explore HT,R-HSA-9844594,5,7.854358974358974,0.6365891877774876,21,3282,0.9395755279470881,0.9999999999993571,
Olink Explore HT,R-HSA-6790901,9,20.570940170940172,0.43751038723616414,55,3282,0.9998323688043622,0.9999999999993571,
Olink Explore HT,R-HSA-1295596,5,5.984273504273505,0.8355233089579525,16,3282,0.7752016676166551,0.9999999999993571,
Olink Explore HT,R-HSA-170968,4,4.488205128205128,0.8912248628884827,12,3282,0.7153903553280948,0.9999999999993571,
Olink Explore HT,R-HSA-5654732,12,10.846495726495727,1.106348105654668,29,3282,0.3952215687753115,0.9999999999993571,Negative regulation of FGFR3 signaling
Olink Explore HT,R-HSA-8951936,3,3.74017094017094,0.8021023765996343,10,3282,0.7872859304245152,0.9999999999993571,RUNX3 regulates p14-ARF
Olink Explore HT,R-HSA-1266695,8,7.854358974358974,1.0185427004439802,21,3282,0.5558531059259089,0.9999999999993571,
Olink Explore HT,R-HSA-196807,12,9.724444444444444,1.23400365630713,26,3282,0.23331466606440268,0.9999999999993571,
Olink Explore HT,R-HSA-9692916,19,16.456752136752137,1.154541299650989,44,3282,0.2593692822580786,0.9999999999993571,
Olink Explore HT,R-HSA-8851680,5,4.114188034188034,1.2153066312115672,11,3282,0.3958359974729171,0.9999999999993571,
Olink Explore HT,R-HSA-5602498,8,6.358290598290599,1.2581998064307989,17,3282,0.2791588458846697,0.9999999999993571,
Olink Explore HT,R-HSA-8964315,1,5.236239316239316,0.1909767563332463,14,3282,0.9985901267114506,0.9999999999993571,
Olink Explore HT,R-HSA-9930044,10,11.22051282051282,0.8912248628884827,30,3282,0.7388457857499862,0.9999999999993571,
Olink Explore HT,R-HSA-166663,14,32.53948717948718,0.4302464855323709,87,3282,0.9999967974734055,0.9999999999993571,Initial triggering of complement
Olink Explore HT,R-HSA-166786,8,29.92136752136752,0.2673674588665448,80,3282,0.9999999952309887,0.9999999999993571,Creation of C4 and C2 activators
Olink Explore HT,R-HSA-173623,4,27.303247863247865,0.14650271718714783,73,3282,0.9999999999825921,0.9999999999993571,Classical antibody-mediated complement activation
Olink Explore HT,R-HSA-977606,31,40.76786324786325,0.7604028646663201,109,3282,0.9811528152406229,0.9999999999993571,Regulation of Complement cascade
Olink Explore HT,R-HSA-380972,7,9.724444444444444,0.7198354661791591,26,3282,0.9074911071176819,0.9999999999993571,
Olink Explore HT,R-HSA-111932,2,3.74017094017094,0.5347349177330896,10,3282,0.9356661596048417,0.9999999999993571,
Olink Explore HT,R-HSA-180024,8,8.228376068376068,0.9722453049692538,22,3282,0.6191008022929239,0.9999999999993571,
Olink Explore HT,R-HSA-1855204,11,8.976410256410256,1.2254341864716636,24,3282,0.2569221869779376,0.9999999999993571,
Olink Explore HT,R-HSA-2514859,11,8.976410256410256,1.2254341864716636,24,3282,0.2569221869779376,0.9999999999993571,
Olink Explore HT,R-HSA-425410,4,10.846495726495727,0.3687827018848894,29,3282,0.9988297008287007,0.9999999999993571,
Olink Explore HT,R-HSA-451326,6,8.976410256410256,0.668418647166362,24,3282,0.9329436858166412,0.9999999999993571,
Olink Explore HT,R-HSA-5627123,4,6.7323076923076925,0.5941499085923218,18,3282,0.9478011048092938,0.9999999999993571,
Olink Explore HT,R-HSA-8876725,3,4.114188034188034,0.7291839787269403,11,3282,0.8428121314184082,0.9999999999993571,
Olink Explore HT,R-HSA-9619483,7,8.976410256410256,0.7798217550274223,24,3282,0.8527607568544165,0.9999999999993571,
Olink Explore HT,R-HSA-9683701,7,10.098461538461539,0.6931748933577087,27,3282,0.9275922306536891,0.9999999999993571,
Olink Explore HT,R-HSA-9694548,5,12.342564102564102,0.40510221040385574,33,3282,0.9987466994272481,0.9999999999993571,
Olink Explore HT,R-HSA-9694635,11,19.448888888888888,0.5655850091407678,52,3282,0.996273034708533,0.9999999999993571,
Olink Explore HT,R-HSA-9933387,5,7.1063247863247865,0.7035985759645915,19,3282,0.8947016241511828,0.9999999999993571,
Olink Explore HT,R-HSA-975957,11,27.303247863247865,0.4028824722646565,73,3282,0.9999936904227573,0.9999999999993571,
Olink Explore HT,R-HSA-351906,5,4.114188034188034,1.2153066312115672,11,3282,0.3958359974729171,0.9999999999993571,
Olink Explore HT,R-HSA-9758274,6,6.358290598290599,0.9436498548230992,17,3282,0.6594095342513511,0.9999999999993571,Regulation of NF-kappa B signaling
Olink Explore HT,R-HSA-73762,7,12.716581196581197,0.5504624153134745,34,3282,0.9892471742549911,0.9999999999993571,
Olink Explore HT,R-HSA-73772,5,8.228376068376068,0.6076533156057836,22,3282,0.9547963558030459,0.9999999999993571,
Olink Explore HT,R-HSA-73863,4,7.48034188034188,0.5347349177330896,20,3282,0.9724808006143346,0.9999999999993571,
Olink Explore HT,R-HSA-9735871,3,6.358290598290599,0.4718249274115496,17,3282,0.9793142458159068,0.9999999999993571,
Olink Explore HT,R-HSA-8877330,5,3.74017094017094,1.336837294332724,10,3282,0.3033098788759292,0.9999999999993571,RUNX1 and FOXP3 control the development of regulatory T lymphocytes (Tregs)
Olink Explore HT,R-HSA-8939242,3,3.74017094017094,0.8021023765996343,10,3282,0.7872859304245152,0.9999999999993571,RUNX1 regulates transcription of genes involved in differentiation of keratinocytes
Olink Explore HT,R-HSA-9616222,6,9.724444444444444,0.617001828153565,26,3282,0.9611738695769393,0.9999999999993571,Transcriptional regulation of granulopoiesis
Olink Explore HT,R-HSA-1059683,5,4.114188034188034,1.2153066312115672,11,3282,0.3958359974729171,0.9999999999993571,Interleukin-6 signaling
Olink Explore HT,R-HSA-1433557,15,16.08273504273504,0.9326771820925982,43,3282,0.6876650186772926,0.9999999999993571,Signaling by SCF-KIT
Olink Explore HT,R-HSA-1433559,7,6.358290598290599,1.100924830626949,17,3282,0.4632930330459599,0.9999999999993571,Regulation of KIT signaling
Olink Explore HT,R-HSA-8875360,7,5.61025641025641,1.2477148080438758,15,3282,0.31178618625491844,0.9999999999993571,
Olink Explore HT,R-HSA-427389,1,4.862222222222222,0.2056672760511883,13,3282,0.9977457463952063,0.9999999999993571,
Olink Explore HT,R-HSA-9668328,9,10.846495726495727,0.8297610792410011,29,3282,0.8155197014861969,0.9999999999993571,
Olink Explore HT,R-HSA-9770562,19,44.88205128205128,0.4233318098720293,120,3282,0.9999999536524835,0.9999999999993571,
Olink Explore HT,R-HSA-1362300,2,4.862222222222222,0.4113345521023766,13,3282,0.9801978565389522,0.9999999999993571,
Olink Explore HT,R-HSA-1538133,6,8.602393162393163,0.6974803274779429,23,3282,0.912897953576085,0.9999999999993571,
Olink Explore HT,R-HSA-69273,9,10.098461538461539,0.8912248628884826,27,3282,0.734092818417837,0.9999999999993571,
Olink Explore HT,R-HSA-75035,4,4.862222222222222,0.8226691042047533,13,3282,0.7789631049648459,0.9999999999993571,
Olink Explore HT,R-HSA-2032785,3,4.488205128205128,0.668418647166362,12,3282,0.8852860567818459,0.9999999999993571,
Olink Explore HT,R-HSA-69205,8,8.228376068376068,0.9722453049692538,22,3282,0.6191008022929239,0.9999999999993571,
Olink Explore HT,R-HSA-156711,4,5.984273504273505,0.6684186471663619,16,3282,0.9041196176047954,0.9999999999993571,
Olink Explore HT,R-HSA-9661069,5,5.236239316239316,0.9548837816662314,14,3282,0.6496482091903861,0.9999999999993571,
Olink Explore HT,R-HSA-9825892,4,5.984273504273505,0.6684186471663619,16,3282,0.9041196176047954,0.9999999999993571,
Olink Explore HT,R-HSA-113418,3,9.350427350427351,0.32084095063985374,25,3282,0.9990033234977991,0.9999999999993571,
Olink Explore HT,R-HSA-167152,5,13.464615384615385,0.3713436928702011,36,3282,0.9995691401531571,0.9999999999993571,
Olink Explore HT,R-HSA-167158,3,9.350427350427351,0.32084095063985374,25,3282,0.9990033234977991,0.9999999999993571,
Olink Explore HT,R-HSA-167160,2,7.1063247863247865,0.28143943038583663,19,3282,0.9983301478790733,0.9999999999993571,
Olink Explore HT,R-HSA-167161,3,11.96854700854701,0.2506569926873857,32,3282,0.9999404847381905,0.9999999999993571,
Olink Explore HT,R-HSA-167162,3,11.96854700854701,0.2506569926873857,32,3282,0.9999404847381905,0.9999999999993571,
Olink Explore HT,R-HSA-167169,5,13.09059829059829,0.3819535126664926,35,3282,0.999382948881358,0.9999999999993571,
Olink Explore HT,R-HSA-167172,6,20.570940170940172,0.2916735914907761,55,3282,0.999998080706464,0.9999999999993571,
Olink Explore HT,R-HSA-167200,5,13.09059829059829,0.3819535126664926,35,3282,0.999382948881358,0.9999999999993571,
Olink Explore HT,R-HSA-167246,5,13.09059829059829,0.3819535126664926,35,3282,0.999382948881358,0.9999999999993571,
Olink Explore HT,R-HSA-5696395,10,12.716581196581197,0.7863748790192493,34,3282,0.8745426336170166,0.9999999999993571,
Olink Explore HT,R-HSA-72086,2,8.228376068376068,0.24306132624231344,22,3282,0.9995326203919781,0.9999999999993571,
Olink Explore HT,R-HSA-73776,3,11.96854700854701,0.2506569926873857,32,3282,0.9999404847381905,0.9999999999993571,
Olink Explore HT,R-HSA-73779,3,11.96854700854701,0.2506569926873857,32,3282,0.9999404847381905,0.9999999999993571,
Olink Explore HT,R-HSA-75953,3,11.96854700854701,0.2506569926873857,32,3282,0.9999404847381905,0.9999999999993571,
Olink Explore HT,R-HSA-76042,3,11.96854700854701,0.2506569926873857,32,3282,0.9999404847381905,0.9999999999993571,
Olink Explore HT,R-HSA-77075,2,7.48034188034188,0.2673674588665448,20,3282,0.9989053621377074,0.9999999999993571,
Olink Explore HT,R-HSA-167287,4,11.22051282051282,0.35648994515539306,30,3282,0.9991927640961057,0.9999999999993571,
Olink Explore HT,R-HSA-167290,4,11.22051282051282,0.35648994515539306,30,3282,0.9991927640961057,0.9999999999993571,
Olink Explore HT,R-HSA-2173793,8,9.724444444444444,0.8226691042047533,26,3282,0.8156988790178192,0.9999999999993571,
Olink Explore HT,R-HSA-2173796,7,12.342564102564102,0.567143094565398,33,3282,0.9856245667490439,0.9999999999993571,
Olink Explore HT,R-HSA-6807505,6,22.44102564102564,0.2673674588665448,60,3282,0.9999997191831111,0.9999999999993571,
Olink Explore HT,R-HSA-176974,2,3.74017094017094,0.5347349177330896,10,3282,0.9356661596048417,0.9999999999993571,
Olink Explore HT,R-HSA-68962,6,10.098461538461539,0.5941499085923218,27,3282,0.9707686235550107,0.9999999999993571,
Olink Explore HT,R-HSA-167238,4,10.846495726495727,0.3687827018848894,29,3282,0.9988297008287007,0.9999999999993571,
Olink Explore HT,R-HSA-167243,4,10.846495726495727,0.3687827018848894,29,3282,0.9988297008287007,0.9999999999993571,
Olink Explore HT,R-HSA-1461957,7,8.976410256410256,0.7798217550274223,24,3282,0.8527607568544165,0.9999999999993571,
Olink Explore HT,R-HSA-429947,9,8.228376068376068,1.0937759680904104,22,3282,0.4451696372836325,0.9999999999993571,
Olink Explore HT,R-HSA-389960,3,8.602393162393163,0.34874016373897143,23,3282,0.9978226729357319,0.9999999999993571,
Olink Explore HT,R-HSA-6814122,5,11.22051282051282,0.44561243144424134,30,3282,0.9964697895905678,0.9999999999993571,
Olink Explore HT,R-HSA-9013422,7,8.228376068376068,0.8507146418480971,22,3282,0.7742916587751065,0.9999999999993571,
Olink Explore HT,R-HSA-202433,13,11.22051282051282,1.1585923217550276,30,3282,0.3103708953559359,0.9999999999993571,Generation of second messenger molecules
Olink Explore HT,R-HSA-937072,5,5.236239316239316,0.9548837816662314,14,3282,0.6496482091903861,0.9999999999993571,
Olink Explore HT,R-HSA-975163,5,4.862222222222222,1.0283363802559415,13,3282,0.5723516686454047,0.9999999999993571,
Olink Explore HT,R-HSA-9824878,7,5.236239316239316,1.336837294332724,14,3282,0.23925924367960663,0.9999999999993571,
Olink Explore HT,R-HSA-446107,3,4.114188034188034,0.7291839787269403,11,3282,0.8428121314184082,0.9999999999993571,
Olink Explore HT,R-HSA-5621575,7,6.7323076923076925,1.039762340036563,18,3282,0.5366519800599882,0.9999999999993571,CD209 (DC-SIGN) signaling
Olink Explore HT,R-HSA-5690714,6,21.692991452991453,0.276587026413667,58,3282,0.9999993913747821,0.9999999999993571,
Olink Explore HT,R-HSA-202427,6,8.228376068376068,0.7291839787269403,22,3282,0.8878247132368319,0.9999999999993571,Phosphorylation of CD3 and TCR zeta chains
Olink Explore HT,R-HSA-202430,5,7.48034188034188,0.668418647166362,20,3282,0.9198816291332788,0.9999999999993571,Translocation of ZAP-70 to Immunological synapse
Olink Explore HT,R-HSA-2029481,8,30.295384615384616,0.26406662604103187,81,3282,0.9999999967536796,0.9999999999993571,FCGR activation
Olink Explore HT,R-HSA-9701898,3,3.74017094017094,0.8021023765996343,10,3282,0.7872859304245152,0.9999999999993571,
Olink Explore HT,R-HSA-9931295,5,5.984273504273505,0.8355233089579525,16,3282,0.7752016676166551,0.9999999999993571,
Olink Explore HT,R-HSA-2160916,6,5.61025641025641,1.0694698354661791,15,3282,0.5141723686041171,0.9999999999993571,
Olink Explore HT,R-HSA-73614,5,4.114188034188034,1.2153066312115672,11,3282,0.3958359974729171,0.9999999999993571,
Olink Explore HT,R-HSA-1362277,4,6.358290598290599,0.6290999032153994,17,3282,0.9289415338363637,0.9999999999993571,
Olink Explore HT,R-HSA-8866652,6,11.22051282051282,0.5347349177330896,30,3282,0.9879813597749864,0.9999999999993571,
Olink Explore HT,R-HSA-114604,9,11.22051282051282,0.8021023765996345,30,3282,0.8483799510874299,0.9999999999993571,GPVI-mediated activation cascade
Olink Explore HT,R-HSA-9943411,9,16.08273504273504,0.5596063092555589,43,3282,0.9936679550008861,0.9999999999993571,
Olink Explore HT,R-HSA-9764725,7,11.96854700854701,0.5848663162705667,32,3282,0.9808850633924927,0.9999999999993571,
Olink Explore HT,R-HSA-9937850,7,10.472478632478632,0.668418647166362,28,3282,0.9437611679130318,0.9999999999993571,
Olink Explore HT,R-HSA-9940951,6,8.602393162393163,0.6974803274779429,23,3282,0.912897953576085,0.9999999999993571,
Olink Explore HT,R-HSA-2122947,12,14.96068376068376,0.8021023765996343,40,3282,0.8725219583313899,0.9999999999993571,
Olink Explore HT,R-HSA-9703465,5,6.358290598290599,0.7863748790192493,17,3282,0.8234483898521984,0.9999999999993571,Signaling by FLT3 fusion proteins
Olink Explore HT,R-HSA-5625900,8,7.1063247863247865,1.1257577215433465,19,3282,0.4185624931914216,0.9999999999993571,
Olink Explore HT,R-HSA-3232118,5,5.984273504273505,0.8355233089579525,16,3282,0.7752016676166551,0.9999999999993571,SUMOylation of transcription factors
Olink Explore HT,R-HSA-606279,5,6.7323076923076925,0.7426873857404022,18,3282,0.8629330354311084,0.9999999999993571,
Olink Explore HT,R-HSA-1483213,4,4.862222222222222,0.8226691042047533,13,3282,0.7789631049648459,0.9999999999993571,
Olink Explore HT,R-HSA-399954,5,4.862222222222222,1.0283363802559415,13,3282,0.5723516686454047,0.9999999999993571,Sema3A PAK dependent Axon repulsion
Olink Explore HT,R-HSA-5627117,5,6.7323076923076925,0.7426873857404022,18,3282,0.8629330354311084,0.9999999999993571,
Olink Explore HT,R-HSA-1834941,2,5.61025641025641,0.35648994515539306,15,3282,0.9911958957033161,0.9999999999993571,
Olink Explore HT,R-HSA-5696400,11,12.716581196581197,0.8650123669211742,34,3282,0.782477059535262,0.9999999999993571,
Olink Explore HT,R-HSA-9981148,15,13.09059829059829,1.1458605379994777,35,3282,0.30727209414095485,0.9999999999993571,
Olink Explore HT,R-HSA-8873719,17,22.815042735042734,0.7451224263493872,61,3282,0.9556971235720095,0.9999999999993571,
Olink Explore HT,R-HSA-162588,8,10.098461538461539,0.7921998781230957,27,3282,0.8500593255862328,0.9999999999993571,
Olink Explore HT,R-HSA-917729,10,11.22051282051282,0.8912248628884827,30,3282,0.7388457857499862,0.9999999999993571,
Olink Explore HT,R-HSA-399997,3,4.114188034188034,0.7291839787269403,11,3282,0.8428121314184082,0.9999999999993571,
Olink Explore HT,R-HSA-5684264,5,5.236239316239316,0.9548837816662314,14,3282,0.6496482091903861,0.9999999999993571,
Olink Explore HT,R-HSA-937039,5,4.862222222222222,1.0283363802559415,13,3282,0.5723516686454047,0.9999999999993571,
Olink Explore HT,R-HSA-975144,5,4.862222222222222,1.0283363802559415,13,3282,0.5723516686454047,0.9999999999993571,
Olink Explore HT,R-HSA-420029,5,4.114188034188034,1.2153066312115672,11,3282,0.3958359974729171,0.9999999999993571,
Olink Explore HT,R-HSA-264876,5,8.228376068376068,0.6076533156057836,22,3282,0.9547963558030459,0.9999999999993571,Insulin processing
Olink Explore HT,R-HSA-4085001,10,11.594529914529915,0.8624756737630477,31,3282,0.779841248660158,0.9999999999993571,
Olink Explore HT,R-HSA-9864848,3,16.83076923076923,0.17824497257769653,45,3282,0.9999997466570565,0.9999999999993571,
Olink Explore HT,R-HSA-4419969,1,5.236239316239316,0.1909767563332463,14,3282,0.9985901267114506,0.9999999999993571,
Olink Explore HT,R-HSA-8948216,17,15.334700854700854,1.1085967806661614,41,3282,0.3490164061313524,0.9999999999993571,
Olink Explore HT,R-HSA-430116,6,4.488205128205128,1.336837294332724,12,3282,0.2683919322023009,0.9999999999993571,
Olink Explore HT,R-HSA-3371511,11,10.098461538461539,1.0892748324192565,27,3282,0.4301891638447446,0.9999999999993571,
Olink Explore HT,R-HSA-3371568,10,9.350427350427351,1.0694698354661791,25,3282,0.4684301973364377,0.9999999999993571,
Olink Explore HT,R-HSA-2142789,2,4.114188034188034,0.4861226524846269,11,3282,0.9563003880907157,0.9999999999993571,
Olink Explore HT,R-HSA-9636383,3,3.74017094017094,0.8021023765996343,10,3282,0.7872859304245152,0.9999999999993571,
Olink Explore HT,R-HSA-73856,3,8.976410256410256,0.334209323583181,24,3282,0.9985245448131761,0.9999999999993571,
Olink Explore HT,R-HSA-77595,3,6.7323076923076925,0.4456124314442413,18,3282,0.9856168740172294,0.9999999999993571,
Olink Explore HT,R-HSA-73780,3,5.984273504273505,0.5013139853747715,16,3282,0.9704249437018698,0.9999999999993571,
Olink Explore HT,R-HSA-73980,5,7.1063247863247865,0.7035985759645915,19,3282,0.8947016241511828,0.9999999999993571,
Olink Explore HT,R-HSA-881907,5,6.358290598290599,0.7863748790192493,17,3282,0.8234483898521984,0.9999999999993571,Gastrin-CREB signalling pathway via PKC and MAPK
Olink Explore HT,R-HSA-9022699,5,5.984273504273505,0.8355233089579525,16,3282,0.7752016676166551,0.9999999999993571,
Olink Explore HT,R-HSA-210744,2,3.74017094017094,0.5347349177330896,10,3282,0.9356661596048417,0.9999999999993571,
Olink Explore HT,R-HSA-350054,9,8.976410256410256,1.002627970749543,24,3282,0.5726770128676467,0.9999999999993571,
Olink Explore HT,R-HSA-8941856,2,3.74017094017094,0.5347349177330896,10,3282,0.9356661596048417,0.9999999999993571,
Olink Explore HT,R-HSA-9013508,8,7.1063247863247865,1.1257577215433465,19,3282,0.4185624931914216,0.9999999999993571,
Olink Explore HT,R-HSA-933541,11,9.724444444444444,1.1311700182815356,26,3282,0.3709445324125384,0.9999999999993571,
Olink Explore HT,R-HSA-9833109,13,11.96854700854701,1.0861803016453382,32,3282,0.41727338233444916,0.9999999999993571,
Olink Explore HT,R-HSA-8875555,5,4.114188034188034,1.2153066312115672,11,3282,0.3958359974729171,0.9999999999993571,
Olink Explore HT,R-HSA-9006335,10,8.602393162393163,1.162467212463238,23,3282,0.3439686664499394,0.9999999999993571,Signaling by Erythropoietin
Olink Explore HT,R-HSA-9027284,6,4.862222222222222,1.23400365630713,13,3282,0.3500927590995102,0.9999999999993571,Erythropoietin activates RAS
Olink Explore HT,R-HSA-399956,5,5.236239316239316,0.9548837816662314,14,3282,0.6496482091903861,0.9999999999993571,CRMPs in Sema3A signaling
Olink Explore HT,R-HSA-9931530,4,3.74017094017094,1.0694698354661791,10,3282,0.5507142197858133,0.9999999999993571,
Olink Explore HT,R-HSA-9674555,12,11.594529914529915,1.0349708085156573,31,3282,0.5077072468113978,0.9999999999993571,Signaling by CSF3 (G-CSF)
Olink Explore HT,R-HSA-9705462,10,9.724444444444444,1.0283363802559415,26,3282,0.5293587379138744,0.9999999999993571,
Olink Explore HT,R-HSA-1170546,7,5.236239316239316,1.336837294332724,14,3282,0.23925924367960663,0.9999999999993571,
Olink Explore HT,R-HSA-9694631,5,5.236239316239316,0.9548837816662314,14,3282,0.6496482091903861,0.9999999999993571,
Olink Explore HT,R-HSA-9828806,3,4.488205128205128,0.668418647166362,12,3282,0.8852860567818459,0.9999999999993571,
Olink Explore HT,R-HSA-167242,2,7.854358974358974,0.25463567511099505,21,3282,0.9992840086934827,0.9999999999993571,
Olink Explore HT,R-HSA-381771,4,5.61025641025641,0.7129798903107861,15,3282,0.8718901301077603,0.9999999999993571,"Synthesis, secretion, and inactivation of Glucagon-like Peptide-1 (GLP-1)"
Olink Explore HT,R-HSA-9733709,4,6.7323076923076925,0.5941499085923218,18,3282,0.9478011048092938,0.9999999999993571,
Olink Explore HT,R-HSA-9796292,3,3.74017094017094,0.8021023765996343,10,3282,0.7872859304245152,0.9999999999993571,
Olink Explore HT,R-HSA-9684482,6,16.08273504273504,0.37307087283703927,43,3282,0.9998403625651417,0.9999999999993571,
Olink Explore HT,R-HSA-110314,10,10.472478632478632,0.9548837816662314,28,3282,0.6424679067565402,0.9999999999993571,
Olink Explore HT,R-HSA-5668599,1,8.602393162393163,0.1162467212463238,23,3282,0.9999794203122063,0.9999999999993571,
Olink Explore HT,R-HSA-9673324,1,3.74017094017094,0.2673674588665448,10,3282,0.990789296660217,0.9999999999993571,
Olink Explore HT,R-HSA-2453902,4,5.984273504273505,0.6684186471663619,16,3282,0.9041196176047954,0.9999999999993571,
Olink Explore HT,R-HSA-9857492,3,3.74017094017094,0.8021023765996343,10,3282,0.7872859304245152,0.9999999999993571,
Olink Explore HT,R-HSA-430039,5,5.236239316239316,0.9548837816662314,14,3282,0.6496482091903861,0.9999999999993571,
Olink Explore HT,R-HSA-450513,7,6.358290598290599,1.100924830626949,17,3282,0.4632930330459599,0.9999999999993571,
Olink Explore HT,R-HSA-429958,7,5.984273504273505,1.1697326325411335,16,3282,0.3874730736266052,0.9999999999993571,
Olink Explore HT,R-HSA-9754678,4,12.716581196581197,0.3145499516076997,34,3282,0.9998226478544361,0.9999999999993571,
Olink Explore HT,R-HSA-72165,7,17.578803418803417,0.3982068536310242,47,3282,0.9998321213180652,0.9999999999993571,
Olink Explore HT,R-HSA-3134975,4,5.236239316239316,0.7639070253329852,14,3282,0.8306890632746297,0.9999999999993571,
Olink Explore HT,R-HSA-3270619,1,4.488205128205128,0.22280621572212067,12,3282,0.996395908713956,0.9999999999993571,
Olink Explore HT,R-HSA-71336,7,5.236239316239316,1.336837294332724,14,3282,0.23925924367960663,0.9999999999993571,Pentose phosphate pathway
Olink Explore HT,R-HSA-9820865,5,4.114188034188034,1.2153066312115672,11,3282,0.3958359974729171,0.9999999999993571,
Olink Explore HT,R-HSA-3772470,5,4.488205128205128,1.1140310786106034,12,3282,0.48686747266621433,0.9999999999993571,
Olink Explore HT,R-HSA-204174,1,4.862222222222222,0.2056672760511883,13,3282,0.9977457463952063,0.9999999999993571,
Olink Explore HT,R-HSA-8849932,7,6.358290598290599,1.100924830626949,17,3282,0.4632930330459599,0.9999999999993571,
Olink Explore HT,R-HSA-69166,6,5.236239316239316,1.1458605379994777,14,3282,0.43321789566443775,0.9999999999993571,
Olink Explore HT,R-HSA-69183,6,5.61025641025641,1.0694698354661791,15,3282,0.5141723686041171,0.9999999999993571,
Olink Explore HT,R-HSA-192823,4,17.952820512820512,0.22280621572212067,48,3282,0.9999993289793068,0.9999999999993571,
Olink Explore HT,R-HSA-9710421,1,4.114188034188034,0.24306132624231344,11,3282,0.9942381875171671,0.9999999999993571,
Olink Explore HT,R-HSA-400511,2,3.74017094017094,0.5347349177330896,10,3282,0.9356661596048417,0.9999999999993571,
Olink Explore HT,R-HSA-112409,5,7.1063247863247865,0.7035985759645915,19,3282,0.8947016241511828,0.9999999999993571,RAF-independent MAPK1/3 activation
Olink Explore HT,R-HSA-198753,3,8.228376068376068,0.36459198936347015,22,3282,0.996797891708528,0.9999999999993571,
Olink Explore HT,R-HSA-202670,2,4.862222222222222,0.4113345521023766,13,3282,0.9801978565389522,0.9999999999993571,
Olink Explore HT,R-HSA-156842,4,19.822905982905983,0.20178676140871304,53,3282,0.9999999148323518,0.9999999999993571,
Olink Explore HT,R-HSA-156902,3,17.952820512820512,0.1671046617915905,48,3282,0.9999999301221556,0.9999999999993571,
Olink Explore HT,R-HSA-2408557,3,18.700854700854702,0.16042047531992687,50,3282,0.9999999705243422,0.9999999999993571,
Olink Explore HT,R-HSA-3928663,12,10.846495726495727,1.106348105654668,29,3282,0.3952215687753115,0.9999999999993571,EPHA-mediated growth cone collapse
Olink Explore HT,R-HSA-2179392,5,3.74017094017094,1.336837294332724,10,3282,0.3033098788759292,0.9999999999993571,EGFR Transactivation by Gastrin
Olink Explore HT,R-HSA-156827,11,26.555213675213675,0.41423127430028067,71,3282,0.999987834457598,0.9999999999993571,
Olink Explore HT,R-HSA-72649,8,16.08273504273504,0.4974278304493857,43,3282,0.9978187007319648,0.9999999999993571,
Olink Explore HT,R-HSA-72662,9,16.456752136752137,0.5468879840452052,44,3282,0.99522424697564,0.9999999999993571,
Olink Explore HT,R-HSA-72689,6,22.44102564102564,0.2673674588665448,60,3282,0.9999997191831111,0.9999999999993571,
Olink Explore HT,R-HSA-72695,4,13.464615384615385,0.2970749542961609,36,3282,0.9999181635873815,0.9999999999993571,
Olink Explore HT,R-HSA-72702,9,16.08273504273504,0.5596063092555589,43,3282,0.9936679550008861,0.9999999999993571,
Olink Explore HT,R-HSA-72706,12,26.92923076923077,0.4456124314442413,72,3282,0.9999690070181514,0.9999999999993571,
Olink Explore HT,R-HSA-4755510,4,4.114188034188034,0.9722453049692538,11,3282,0.639216061107468,0.9999999999993571,
Olink Explore HT,R-HSA-975956,5,20.196923076923078,0.2475624619134674,54,3282,0.9999995523169548,0.9999999999993571,
Olink Explore HT,R-HSA-6785470,1,5.984273504273505,0.16710466179159048,16,3282,0.9994486268364084,0.9999999999993571,
Olink Explore HT,R-HSA-8868766,4,9.350427350427351,0.42778793418647165,25,3282,0.995013501125941,0.9999999999993571,
Olink Explore HT,R-HSA-3322077,2,4.114188034188034,0.4861226524846269,11,3282,0.9563003880907157,0.9999999999993571,
Olink Explore HT,R-HSA-9027276,4,4.114188034188034,0.9722453049692538,11,3282,0.639216061107468,0.9999999999993571,
Olink Explore HT,R-HSA-1296072,4,4.488205128205128,0.8912248628884827,12,3282,0.7153903553280948,0.9999999999993571,
Olink Explore HT,R-HSA-6803529,2,8.976410256410256,0.22280621572212067,24,3282,0.9998019205049857,0.9999999999993571,
Olink Explore HT,R-HSA-9913635,3,3.74017094017094,0.8021023765996343,10,3282,0.7872859304245152,0.9999999999993571,
Olink Explore HT,R-HSA-399955,7,5.236239316239316,1.336837294332724,14,3282,0.23925924367960663,0.9999999999993571,SEMA3A-Plexin repulsion signaling by inhibiting Integrin adhesion
Olink Explore HT,R-HSA-9836573,4,8.228376068376068,0.4861226524846269,22,3282,0.985873631470169,0.9999999999993571,
Olink Explore HT,R-HSA-1799339,7,25.433162393162394,0.27523120765673725,68,3282,0.9999999212049336,0.9999999999993571,
Olink Explore HT,R-HSA-2730905,6,30.669401709401708,0.19563472599991083,82,3282,0.9999999999588628,0.9999999999993571,Role of LAT2/NTAL/LAB on calcium mobilization
Olink Explore HT,R-HSA-2871796,13,34.40957264957265,0.3778018440505524,92,3282,0.999999831869188,0.9999999999993571,FCERI mediated MAPK activation
Olink Explore HT,R-HSA-1362409,6,4.488205128205128,1.336837294332724,12,3282,0.2683919322023009,0.9999999999993571,
Olink Explore HT,R-HSA-5685939,5,4.114188034188034,1.2153066312115672,11,3282,0.3958359974729171,0.9999999999993571,
Olink Explore HT,R-HSA-1839126,12,11.594529914529915,1.0349708085156573,31,3282,0.5077072468113978,0.9999999999993571,FGFR2 mutant receptor activation
Olink Explore HT,R-HSA-5655253,16,14.96068376068376,1.0694698354661791,40,3282,0.42481001459644496,0.9999999999993571,Signaling by FGFR2 in disease
Olink Explore HT,R-HSA-8851708,4,6.358290598290599,0.6290999032153994,17,3282,0.9289415338363637,0.9999999999993571,Signaling by FGFR2 IIIa TM
Olink Explore HT,R-HSA-5658623,5,4.862222222222222,1.0283363802559415,13,3282,0.5723516686454047,0.9999999999993571,
Olink Explore HT,R-HSA-189200,1,3.74017094017094,0.2673674588665448,10,3282,0.990789296660217,0.9999999999993571,
Olink Explore HT,R-HSA-5655291,5,3.74017094017094,1.336837294332724,10,3282,0.3033098788759292,0.9999999999993571,Signaling by FGFR4 in disease
Olink Explore HT,R-HSA-1660516,4,5.236239316239316,0.7639070253329852,14,3282,0.8306890632746297,0.9999999999993571,
Olink Explore HT,R-HSA-1660517,3,3.74017094017094,0.8021023765996343,10,3282,0.7872859304245152,0.9999999999993571,
Olink Explore HT,R-HSA-175474,4,5.61025641025641,0.7129798903107861,15,3282,0.8718901301077603,0.9999999999993571,
Olink Explore HT,R-HSA-9670439,8,6.7323076923076925,1.1882998171846435,18,3282,0.3480146877382009,0.9999999999993571,"Signaling by phosphorylated juxtamembrane, extracellular and kinase domain KIT mutants"
Olink Explore HT,R-HSA-4641263,6,7.854358974358974,0.7639070253329852,21,3282,0.8568611529290886,0.9999999999993571,
Olink Explore HT,R-HSA-8983432,6,5.236239316239316,1.1458605379994777,14,3282,0.43321789566443775,0.9999999999993571,
Olink Explore HT,R-HSA-1296041,1,6.7323076923076925,0.14853747714808044,18,3282,0.9997844280066789,0.9999999999993571,
Olink Explore HT,R-HSA-997272,1,6.7323076923076925,0.14853747714808044,18,3282,0.9997844280066789,0.9999999999993571,
Olink Explore HT,R-HSA-190840,5,6.358290598290599,0.7863748790192493,17,3282,0.8234483898521984,0.9999999999993571,
Olink Explore HT,R-HSA-190861,7,8.602393162393163,0.8137270487242667,23,3282,0.8167838656089478,0.9999999999993571,
Olink Explore HT,R-HSA-190872,5,6.358290598290599,0.7863748790192493,17,3282,0.8234483898521984,0.9999999999993571,
Olink Explore HT,R-HSA-202040,2,7.48034188034188,0.2673674588665448,20,3282,0.9989053621377074,0.9999999999993571,
Olink Explore HT,R-HSA-418592,3,7.854358974358974,0.3819535126664926,21,3282,0.9953082198578427,0.9999999999993571,
Olink Explore HT,R-HSA-392170,1,6.7323076923076925,0.14853747714808044,18,3282,0.9997844280066789,0.9999999999993571,
Olink Explore HT,R-HSA-392851,2,5.61025641025641,0.35648994515539306,15,3282,0.9911958957033161,0.9999999999993571,
Olink Explore HT,R-HSA-9717207,5,4.862222222222222,1.0283363802559415,13,3282,0.5723516686454047,0.9999999999993571,
Olink Explore HT,R-HSA-418217,3,5.984273504273505,0.5013139853747715,16,3282,0.9704249437018698,0.9999999999993571,
Olink Explore HT,R-HSA-500657,3,6.358290598290599,0.4718249274115496,17,3282,0.9793142458159068,0.9999999999993571,
Olink Explore HT,R-HSA-9673767,4,4.114188034188034,0.9722453049692538,11,3282,0.639216061107468,0.9999999999993571,"Signaling by PDGFRA transmembrane, juxtamembrane and kinase domain mutants"
Olink Explore HT,R-HSA-9673770,4,4.114188034188034,0.9722453049692538,11,3282,0.639216061107468,0.9999999999993571,Signaling by PDGFRA extracellular domain mutants
Olink Explore HT,R-HSA-9683610,4,3.74017094017094,1.0694698354661791,10,3282,0.5507142197858133,0.9999999999993571,
Olink Explore HT,R-HSA-392154,9,7.1063247863247865,1.2664774367362648,19,3282,0.25101145524002255,0.9999999999993571,
Olink Explore HT,R-HSA-442660,2,4.114188034188034,0.4861226524846269,11,3282,0.9563003880907157,0.9999999999993571,
Olink Explore HT,R-HSA-9927354,2,3.74017094017094,0.5347349177330896,10,3282,0.9356661596048417,0.9999999999993571,
Olink Explore HT,R-HSA-912694,9,8.228376068376068,1.0937759680904104,22,3282,0.4451696372836325,0.9999999999993571,
Olink Explore HT,R-HSA-209543,4,4.862222222222222,0.8226691042047533,13,3282,0.7789631049648459,0.9999999999993571,
Olink Explore HT,R-HSA-209560,4,4.862222222222222,0.8226691042047533,13,3282,0.7789631049648459,0.9999999999993571,
Olink Explore HT,R-HSA-9013973,6,4.488205128205128,1.336837294332724,12,3282,0.2683919322023009,0.9999999999993571,
Olink Explore HT,R-HSA-9828211,5,4.114188034188034,1.2153066312115672,11,3282,0.3958359974729171,0.9999999999993571,
Olink Explore HT,R-HSA-450302,7,7.48034188034188,0.9357861060329068,20,3282,0.6685595352382443,0.9999999999993571,
Olink Explore HT,R-HSA-450321,5,7.1063247863247865,0.7035985759645915,19,3282,0.8947016241511828,0.9999999999993571,
Olink Explore HT,R-HSA-1855183,6,5.61025641025641,1.0694698354661791,15,3282,0.5141723686041171,0.9999999999993571,
Olink Explore HT,R-HSA-418457,6,4.862222222222222,1.23400365630713,13,3282,0.3500927590995102,0.9999999999993571,
Olink Explore HT,R-HSA-975110,3,3.74017094017094,0.8021023765996343,10,3282,0.7872859304245152,0.9999999999993571,
Olink Explore HT,R-HSA-2586552,4,4.114188034188034,0.9722453049692538,11,3282,0.639216061107468,0.9999999999993571,Signaling by Leptin
Olink Explore HT,R-HSA-5656169,11,11.594529914529915,0.9487232411393525,31,3282,0.6527553136386248,0.9999999999993571,
Olink Explore HT,R-HSA-139853,1,5.236239316239316,0.1909767563332463,14,3282,0.9985901267114506,0.9999999999993571,
Olink Explore HT,R-HSA-3214842,6,6.7323076923076925,0.8912248628884826,18,3282,0.7207883113470323,0.9999999999993571,
Olink Explore HT,R-HSA-68884,3,4.488205128205128,0.668418647166362,12,3282,0.8852860567818459,0.9999999999993571,
Olink Explore HT,R-HSA-352230,5,8.976410256410256,0.5570155393053017,24,3282,0.9752482521948929,0.9999999999993571,
Olink Explore HT,R-HSA-9958863,5,9.724444444444444,0.5141681901279708,26,3282,0.9867901352327668,0.9999999999993571,
Olink Explore HT,R-HSA-5358565,4,4.862222222222222,0.8226691042047533,13,3282,0.7789631049648459,0.9999999999993571,
Olink Explore HT,R-HSA-5358606,4,4.862222222222222,0.8226691042047533,13,3282,0.7789631049648459,0.9999999999993571,
Olink Explore HT,R-HSA-5696397,8,8.602393162393163,0.9299737699705904,23,3282,0.6771666145834696,0.9999999999993571,
Olink Explore HT,R-HSA-1482788,10,8.976410256410256,1.1140310786106034,24,3282,0.4061447232156549,0.9999999999993571,
Olink Explore HT,R-HSA-1482925,7,5.61025641025641,1.2477148080438758,15,3282,0.31178618625491844,0.9999999999993571,
Olink Explore HT,R-HSA-1482801,8,7.1063247863247865,1.1257577215433465,19,3282,0.4185624931914216,0.9999999999993571,
Olink Explore HT,R-HSA-9937008,3,7.1063247863247865,0.42215914557875495,19,3282,0.9900523567108118,0.9999999999993571,
Olink Explore HT,R-HSA-110312,5,5.61025641025641,0.8912248628884827,15,3282,0.7173861294835204,0.9999999999993571,
Olink Explore HT,R-HSA-5655862,5,5.984273504273505,0.8355233089579525,16,3282,0.7752016676166551,0.9999999999993571,
Olink Explore HT,R-HSA-5656121,5,5.984273504273505,0.8355233089579525,16,3282,0.7752016676166551,0.9999999999993571,
Olink Explore HT,R-HSA-9968295,5,7.48034188034188,0.668418647166362,20,3282,0.9198816291332788,0.9999999999993571,
Olink Explore HT,R-HSA-9754560,2,4.114188034188034,0.4861226524846269,11,3282,0.9563003880907157,0.9999999999993571,
Olink Explore HT,R-HSA-3295583,5,5.61025641025641,0.8912248628884827,15,3282,0.7173861294835204,0.9999999999993571,
Olink Explore HT,R-HSA-6793080,3,4.114188034188034,0.7291839787269403,11,3282,0.8428121314184082,0.9999999999993571,
Olink Explore HT,R-HSA-977068,9,7.48034188034188,1.2031535648994516,20,3282,0.3136613065708676,0.9999999999993571,
Olink Explore HT,R-HSA-174490,3,4.862222222222222,0.617001828153565,13,3282,0.917182942326946,0.9999999999993571,
Olink Explore HT,R-HSA-174495,3,4.862222222222222,0.617001828153565,13,3282,0.917182942326946,0.9999999999993571,
Olink Explore HT,R-HSA-8948747,3,3.74017094017094,0.8021023765996343,10,3282,0.7872859304245152,0.9999999999993571,
Olink Explore HT,R-HSA-110320,7,6.7323076923076925,1.039762340036563,18,3282,0.5366519800599882,0.9999999999993571,
Olink Explore HT,R-HSA-69091,6,5.236239316239316,1.1458605379994777,14,3282,0.43321789566443775,0.9999999999993571,
Olink Explore HT,R-HSA-9634600,3,4.488205128205128,0.668418647166362,12,3282,0.8852860567818459,0.9999999999993571,
Olink Explore HT,R-HSA-113501,1,4.488205128205128,0.22280621572212067,12,3282,0.996395908713956,0.9999999999993571,
Olink Explore HT,R-HSA-392517,5,5.984273504273505,0.8355233089579525,16,3282,0.7752016676166551,0.9999999999993571,
Olink Explore HT,R-HSA-9912633,4,7.1063247863247865,0.5628788607716733,19,3282,0.9619609663181234,0.9999999999993571,"Antigen processing: Ub, ATP-independent proteasomal degradation"
Olink Explore HT,R-HSA-435354,2,4.488205128205128,0.44561243144424134,12,3282,0.9705032543524896,0.9999999999993571,
Olink Explore HT,R-HSA-3238698,1,4.488205128205128,0.22280621572212067,12,3282,0.996395908713956,0.9999999999993571,
Seer Proteograph XT,R-HSA-6798695,459,360.34165242165244,1.2737911282676333,469,6742,6.984312429538021e-41,8.974841471956356e-38,Neutrophil degranulation
Seer Proteograph XT,R-HSA-72163,191,150.5905413105413,1.2683399524152585,196,6742,1.351626458862895e-16,8.6841999981941e-14,
Seer Proteograph XT,R-HSA-72172,195,155.20045584045585,1.2564396086597684,202,6742,2.8453164486914246e-15,1.2187438788561602e-12,
Seer Proteograph XT,R-HSA-72203,260,212.82438746438746,1.2216645051709902,277,6742,9.622644700022657e-15,3.0912746098822786e-12,
Seer Proteograph XT,R-HSA-9918481,211,171.33515669515668,1.2315044038242302,223,6742,2.894390304505087e-13,7.438583082578074e-11,Dengue Virus-Host Interactions
Seer Proteograph XT,R-HSA-114608,116,89.89333333333333,1.2904182735093443,117,6742,1.1831948905150181e-12,2.5340090571863303e-10,Platelet degranulation 
Seer Proteograph XT,R-HSA-76005,121,94.50324786324786,1.2803792751662313,123,6742,4.798744787336706e-12,8.809124359610954e-10,Response to elevated platelet cytosolic Ca2+
Seer Proteograph XT,R-HSA-6791226,128,102.18643874643875,1.2526123972048187,133,6742,4.419106428065204e-10,7.098189700079734e-08,
Seer Proteograph XT,R-HSA-5389840,95,74.52695156695157,1.2747066397135054,97,6742,3.1326514757439518e-09,4.025457146330978e-07,
Seer Proteograph XT,R-HSA-5419276,95,74.52695156695157,1.2747066397135054,97,6742,3.1326514757439518e-09,4.025457146330978e-07,
Seer Proteograph XT,R-HSA-5368286,94,73.75863247863248,1.2744270987837436,96,6742,4.008276421239628e-09,4.6823956375390196e-07,
Seer Proteograph XT,R-HSA-202733,179,149.82222222222222,1.1947493325422722,195,6742,2.6375378294929707e-08,2.8243634257487227e-06,Cell surface interactions at the vascular wall
Seer Proteograph XT,R-HSA-70171,69,53.78233618233618,1.2829491036996228,70,6742,1.9974098261237317e-07,1.932262557787609e-05,
Seer Proteograph XT,R-HSA-611105,139,115.24786324786325,1.2060961139127855,150,6742,2.10518877891257e-07,1.932262557787609e-05,
Seer Proteograph XT,R-HSA-9937383,85,67.61207977207977,1.2571717995739058,88,6742,2.6004979721168736e-07,2.2277599294467883e-05,
Seer Proteograph XT,R-HSA-2454202,159,133.68752136752136,1.1893406233697155,174,6742,3.6409146434847946e-07,2.9241095730487255e-05,Fc epsilon receptor (FCERI) signaling
Seer Proteograph XT,R-HSA-6790901,55,42.257549857549854,1.301542568970632,55,6742,4.814164507631694e-07,3.638941995474545e-05,
Seer Proteograph XT,R-HSA-168273,88,70.68535612535612,1.2449537616240827,92,6742,7.221191209367398e-07,5.155128168909503e-05,
Seer Proteograph XT,R-HSA-446203,239,208.21447293447292,1.1478548855497455,271,6742,1.0850775812615092e-06,7.338551010110734e-05,Asparagine N-linked glycosylation
Seer Proteograph XT,R-HSA-168255,105,86.05173789173789,1.2201961584099674,112,6742,1.4039915699023468e-06,8.200587124202343e-05,Influenza Infection
Seer Proteograph XT,R-HSA-2408522,70,55.31897435897436,1.2653886087214476,72,6742,1.3673401633048132e-06,8.200587124202343e-05,
Seer Proteograph XT,R-HSA-72706,70,55.31897435897436,1.2653886087214476,72,6742,1.3673401633048132e-06,8.200587124202343e-05,
Seer Proteograph XT,R-HSA-156827,69,54.55065527065527,1.2648793980137127,71,6742,1.7362669657261352e-06,9.700448047643843e-05,
Seer Proteograph XT,R-HSA-72187,132,110.63794871794872,1.1930806882230791,144,6742,2.338026811564158e-06,0.00012518185220249762,
Seer Proteograph XT,R-HSA-9837999,89,72.2219943019943,1.232311581259428,94,6742,2.6426993571397543e-06,0.00013583474695698337,Mitochondrial protein degradation
Seer Proteograph XT,R-HSA-8957275,94,76.83190883190883,1.223450014832394,100,6742,3.651543159257574e-06,0.00018047049844792238,Post-translational protein phosphorylation
Seer Proteograph XT,R-HSA-68875,73,58.392250712250714,1.2501658886165279,76,6742,4.130424388392254e-06,0.00019657760515126094,
Seer Proteograph XT,R-HSA-381426,105,86.82005698005698,1.209397962317844,113,6742,4.816987759291448e-06,0.00022106533109605395,Regulation of Insulin-like Growth Factor (IGF) transport and uptake by Insulin-like Growth Factor Binding Proteins (IGFBPs)
Seer Proteograph XT,R-HSA-6784531,46,35.34267806267806,1.301542568970632,46,6742,5.240908488770282e-06,0.00023222646234723492,
Seer Proteograph XT,R-HSA-6811440,45,34.57435897435897,1.301542568970632,45,6742,6.831884591154927e-06,0.0002926323899878027,
Seer Proteograph XT,R-HSA-975957,70,56.08729344729345,1.2480545181910168,73,6742,8.156305492660146e-06,0.0003380920180022028,
Seer Proteograph XT,R-HSA-72662,44,33.80603988603988,1.301542568970632,44,6742,8.905521702802874e-06,0.0003576123558781779,
Seer Proteograph XT,R-HSA-9610379,53,41.48923076923077,1.2774399288045089,54,6742,1.0930689482354093e-05,0.0003925388507668231,
Seer Proteograph XT,R-HSA-194138,89,72.99031339031339,1.2193398804040656,95,6742,1.0202216974239297e-05,0.0003925388507668231,Signaling by VEGF
Seer Proteograph XT,R-HSA-977606,101,83.74678062678063,1.2060165088626955,109,6742,1.0495211737529645e-05,0.0003925388507668231,Regulation of Complement cascade
Seer Proteograph XT,R-HSA-9684482,43,33.037720797720795,1.301542568970632,43,6742,1.1608152785322395e-05,0.0003925388507668231,
Seer Proteograph XT,R-HSA-72649,43,33.037720797720795,1.301542568970632,43,6742,1.1608152785322395e-05,0.0003925388507668231,
Seer Proteograph XT,R-HSA-72702,43,33.037720797720795,1.301542568970632,43,6742,1.1608152785322395e-05,0.0003925388507668231,
Seer Proteograph XT,R-HSA-9770562,110,92.1982905982906,1.1930806882230791,120,6742,1.6784480166336522e-05,0.0005530271029164726,
Seer Proteograph XT,R-HSA-2029482,115,96.80820512820513,1.18791583675891,126,6742,1.853389486644417e-05,0.000595401372584519,
Seer Proteograph XT,R-HSA-159231,41,31.50108262108262,1.301542568970632,41,6742,1.9720836964120772e-05,0.0006180798902169559,
Seer Proteograph XT,R-HSA-9664422,114,96.03988603988604,1.1870068229012163,125,6742,2.2155075585019455e-05,0.0006778398125416666,FCGR3A-mediated phagocytosis
Seer Proteograph XT,R-HSA-2871837,119,100.64980056980058,1.1823172954771388,131,6742,2.3882172913300194e-05,0.0006974680043997897,FCERI mediated NF-kB activation
Seer Proteograph XT,R-HSA-72689,58,46.0991452991453,1.2581578166716108,60,6742,2.334863943152867e-05,0.0006974680043997897,
Seer Proteograph XT,R-HSA-9954709,71,57.623931623931625,1.2321269652921982,75,6742,2.9934254677170437e-05,0.0008547892724480892,Ribosome Quality Control (RQC) complex extracts and degrades nascent peptide
Seer Proteograph XT,R-HSA-4420097,83,68.38039886039886,1.2137981261186792,89,6742,3.4234914403184455e-05,0.0009563448914802615,VEGFA-VEGFR2 Pathway
Seer Proteograph XT,R-HSA-983695,76,62.23384615384615,1.221200435083556,81,6742,4.045678462638427e-05,0.0011061057073383784,Antigen activates B Cell Receptor (BCR) leading to generation of second messengers
Seer Proteograph XT,R-HSA-72202,75,61.46552706552706,1.2201961584099674,80,6742,4.9663846100117576e-05,0.0013024090252785935,
Seer Proteograph XT,R-HSA-6799198,62,49.94074074074074,1.2414713734796796,65,6742,4.879747008255094e-05,0.0013024090252785935,
Seer Proteograph XT,R-HSA-1236974,74,60.697207977207974,1.2191664570104654,79,6742,6.091938554889971e-05,0.0015656282086067225,ER-Phagosome pathway
Seer Proteograph XT,R-HSA-159236,67,54.55065527065527,1.2282162270567936,71,6742,7.001548269613298e-05,0.0017641155934221742,
Seer Proteograph XT,R-HSA-72695,36,27.65948717948718,1.301542568970632,36,6742,7.414246366728927e-05,0.0018321743425474366,
Seer Proteograph XT,R-HSA-162599,107,90.66165242165242,1.1802123294903188,118,6742,7.566056888522352e-05,0.0018344119059907967,
Seer Proteograph XT,R-HSA-165159,45,35.34267806267806,1.2732481652973573,46,6742,7.842580919846401e-05,0.0018662437929634489,
Seer Proteograph XT,R-HSA-6807878,84,69.91703703703703,1.201423909819045,91,6742,8.919751515410195e-05,0.002083978308600382,COPI-mediated anterograde transport
Seer Proteograph XT,R-HSA-9692914,78,64.53880341880343,1.2085752426155867,84,6742,9.196908451417552e-05,0.0021103620285842064,
Seer Proteograph XT,R-HSA-975956,52,41.48923076923077,1.2533372886383862,54,6742,9.385929280177749e-05,0.002115950723689194,
Seer Proteograph XT,R-HSA-159227,34,26.122849002849,1.301542568970632,34,6742,0.00012589781870586081,0.0027892878799488127,
Seer Proteograph XT,R-HSA-1799339,64,52.245698005698,1.2249812413841241,68,6742,0.00013136562163100507,0.002861098708404093,
Seer Proteograph XT,R-HSA-948021,148,129.07760683760685,1.1465970250455566,168,6742,0.00014361179010375855,0.0030756858380554955,Transport to the Golgi and subsequent modification
Seer Proteograph XT,R-HSA-72764,50,39.952592592592595,1.2514832393948383,52,6742,0.00014850026377541807,0.0031282432614985613,
Seer Proteograph XT,R-HSA-165054,33,25.354529914529916,1.3015425689706317,33,6742,0.00016404810420727895,0.003193966877368992,
Seer Proteograph XT,R-HSA-180746,33,25.354529914529916,1.3015425689706317,33,6742,0.00016404810420727895,0.003193966877368992,
Seer Proteograph XT,R-HSA-180910,33,25.354529914529916,1.3015425689706317,33,6742,0.00016404810420727895,0.003193966877368992,
Seer Proteograph XT,R-HSA-4085377,33,25.354529914529916,1.3015425689706317,33,6742,0.00016404810420727895,0.003193966877368992,
Seer Proteograph XT,R-HSA-5673000,33,25.354529914529916,1.3015425689706317,33,6742,0.00016404810420727895,0.003193966877368992,RAF activation
Seer Proteograph XT,R-HSA-2980766,49,39.184273504273506,1.25050168391296,51,6742,0.0001865979844337663,0.003526153088196907,
Seer Proteograph XT,R-HSA-432722,49,39.184273504273506,1.25050168391296,51,6742,0.0001865979844337663,0.003526153088196907,
Seer Proteograph XT,R-HSA-199992,62,50.70905982905983,1.22266120115423,66,6742,0.00019901349288900923,0.0037062657733677807,trans-Golgi Network Vesicle Budding
Seer Proteograph XT,R-HSA-159234,41,32.26940170940171,1.2705534601856168,42,6742,0.000207926804844858,0.0038018346246873357,
Seer Proteograph XT,R-HSA-2871809,85,71.45367521367521,1.189581917876384,93,6742,0.0002100624578621018,0.0038018346246873357,
Seer Proteograph XT,R-HSA-9769739,48,38.41595441595442,1.2494808662118067,50,6742,0.00023430198988245074,0.004068622391877692,Regulation of clotting cascade
Seer Proteograph XT,R-HSA-8876198,79,66.07544159544159,1.1956030575427898,86,6742,0.00022804956820547591,0.004068622391877692,
Seer Proteograph XT,R-HSA-2408557,48,38.41595441595442,1.2494808662118067,50,6742,0.00023430198988245074,0.004068622391877692,
Seer Proteograph XT,R-HSA-168271,31,23.81789173789174,1.301542568970632,31,6742,0.0002785044150113354,0.004473477166119575,
Seer Proteograph XT,R-HSA-168274,31,23.81789173789174,1.301542568970632,31,6742,0.0002785044150113354,0.004473477166119575,
Seer Proteograph XT,R-HSA-170822,31,23.81789173789174,1.301542568970632,31,6742,0.0002785044150113354,0.004473477166119575,
Seer Proteograph XT,R-HSA-5619107,31,23.81789173789174,1.301542568970632,31,6742,0.0002785044150113354,0.004473477166119575,
Seer Proteograph XT,R-HSA-376176,134,116.78450142450143,1.14741252790832,152,6742,0.0002745843752168775,0.004473477166119575,Signaling by ROBO receptors
Seer Proteograph XT,R-HSA-9920588,31,23.81789173789174,1.301542568970632,31,6742,0.0002785044150113354,0.004473477166119575,
Seer Proteograph XT,R-HSA-9954714,47,37.64763532763533,1.2484183824820347,49,6742,0.00029398365525036394,0.00460693898776485,
Seer Proteograph XT,R-HSA-2168880,72,59.92888888888889,1.2014239098190447,78,6742,0.00029276172147340966,0.00460693898776485,Scavenging of heme from plasma
Seer Proteograph XT,R-HSA-1236978,39,30.73276353276353,1.2690040047463662,40,6742,0.0003375287532618369,0.005225595758330847,Cross-presentation of soluble exogenous antigens (endosomes)
Seer Proteograph XT,R-HSA-168333,30,23.04957264957265,1.301542568970632,30,6742,0.00036286071353905386,0.005444032207771235,
Seer Proteograph XT,R-HSA-983170,30,23.04957264957265,1.301542568970632,30,6742,0.00036286071353905386,0.005444032207771235,
Seer Proteograph XT,R-HSA-192823,46,36.87931623931624,1.2473116285968555,48,6742,0.000368584281771282,0.005444032207771235,
Seer Proteograph XT,R-HSA-156902,46,36.87931623931624,1.2473116285968555,48,6742,0.000368584281771282,0.005444032207771235,
Seer Proteograph XT,R-HSA-5607764,76,63.77048433048433,1.1917739185755183,83,6742,0.00039612749950121196,0.005784361782489288,CLEC7A (Dectin-1) signaling
Seer Proteograph XT,R-HSA-1855170,29,22.28125356125356,1.301542568970632,29,6742,0.00047275134822174353,0.0065665621400877025,
Seer Proteograph XT,R-HSA-1855196,29,22.28125356125356,1.301542568970632,29,6742,0.00047275134822174353,0.0065665621400877025,
Seer Proteograph XT,R-HSA-1855229,29,22.28125356125356,1.301542568970632,29,6742,0.00047275134822174353,0.0065665621400877025,
Seer Proteograph XT,R-HSA-202424,75,63.00216524216524,1.1904352764975292,82,6742,0.00047524535332930457,0.0065665621400877025,Downstream TCR signaling
Seer Proteograph XT,R-HSA-2730905,75,63.00216524216524,1.1904352764975292,82,6742,0.00047524535332930457,0.0065665621400877025,Role of LAT2/NTAL/LAB on calcium mobilization
Seer Proteograph XT,R-HSA-1268020,57,46.86746438746439,1.2161955152676396,61,6742,0.0005533737018238471,0.007564736243017484,
Seer Proteograph XT,R-HSA-186763,28,21.51293447293447,1.301542568970632,28,6742,0.0006159005127935044,0.00824408498895472,Downstream signal transduction
Seer Proteograph XT,R-HSA-166663,79,66.84376068376068,1.1818604936629877,87,6742,0.000610180516070569,0.00824408498895472,Initial triggering of complement
Seer Proteograph XT,R-HSA-1445148,62,51.477378917378914,1.204412526510137,67,6742,0.000660973039980617,0.008666840371174416,
Seer Proteograph XT,R-HSA-156842,50,40.720911680911684,1.2278703480855018,53,6742,0.0006551829152733325,0.008666840371174416,
Seer Proteograph XT,R-HSA-1169408,67,56.08729344729345,1.1945664674114018,73,6742,0.0007484692939911445,0.009714980230087076,
Seer Proteograph XT,R-HSA-2871796,83,70.68535612535612,1.174217752440896,92,6742,0.0007561320867766741,0.009716297315080263,FCERI mediated MAPK activation
Seer Proteograph XT,R-HSA-3000170,27,20.744615384615386,1.3015425689706317,27,6742,0.0008023674885953208,0.010208338840049378,Syndecan interactions
Seer Proteograph XT,R-HSA-9013408,55,45.33082621082621,1.2133023948031314,59,6742,0.0008273359414376787,0.0104228106347786,
Seer Proteograph XT,R-HSA-9615933,26,19.976296296296297,1.3015425689706317,26,6742,0.0010452521080584368,0.012914893835145108,
Seer Proteograph XT,R-HSA-9013407,26,19.976296296296297,1.3015425689706317,26,6742,0.0010452521080584368,0.012914893835145108,
Seer Proteograph XT,R-HSA-159230,34,26.89116809116809,1.2643556384286139,35,6742,0.001121471440097751,0.013724674290720095,
Seer Proteograph XT,R-HSA-9907900,47,38.41595441595442,1.223450014832394,50,6742,0.0012289964126810046,0.014898682927312178,Proteasome assembly
Seer Proteograph XT,R-HSA-9679191,123,108.33299145299145,1.1353881984637426,141,6742,0.001293385958403,0.015532719220073411,Potential therapeutics for SARS
Seer Proteograph XT,R-HSA-9010553,99,86.05173789173789,1.1504706636436837,112,6742,0.0014016710437758286,0.016677289733814257,Regulation of expression of SLITs and ROBOs
Seer Proteograph XT,R-HSA-204005,58,48.404102564102566,1.1982455396872485,63,6742,0.0014174921744036844,0.016710802239529674,COPII-mediated vesicle transport
Seer Proteograph XT,R-HSA-9020702,84,72.2219943019943,1.1630805935482242,94,6742,0.0014775168735599998,0.01726008347749636,Interleukin-1 signaling
Seer Proteograph XT,R-HSA-186797,52,43.02586894586894,1.208575242615587,56,6742,0.001500166330845051,0.017366790406629647,Signaling by PDGF
Seer Proteograph XT,R-HSA-9609690,68,57.623931623931625,1.180065262533373,75,6742,0.0016502254805853887,0.018933390558502006,HCMV Early Events
Seer Proteograph XT,R-HSA-2029481,73,62.23384615384615,1.1729951547513102,81,6742,0.0017072038875536938,0.01941377872129643,FCGR activation
Seer Proteograph XT,R-HSA-168325,39,31.50108262108262,1.2380526875574303,41,6742,0.0017520431915429731,0.01957717827071931,
Seer Proteograph XT,R-HSA-389356,39,31.50108262108262,1.2380526875574303,41,6742,0.0017520431915429731,0.01957717827071931,Co-stimulation by CD28
Seer Proteograph XT,R-HSA-1614635,24,18.43965811965812,1.301542568970632,24,6742,0.001773664367203475,0.019647919929797114,
Seer Proteograph XT,R-HSA-3301854,32,25.354529914529916,1.2621018850624308,33,6742,0.0018042602149616971,0.019648087934116786,
Seer Proteograph XT,R-HSA-3299685,32,25.354529914529916,1.2621018850624308,33,6742,0.0018042602149616971,0.019648087934116786,
Seer Proteograph XT,R-HSA-5358346,45,36.87931623931624,1.2201961584099674,48,6742,0.0018591932465719591,0.020076162368445102,Hedgehog ligand biogenesis
Seer Proteograph XT,R-HSA-9755511,92,79.90518518518519,1.1513645802432513,104,6742,0.0019470793046334367,0.020849974220449718,KEAP1-NFE2L2 pathway
Seer Proteograph XT,R-HSA-2132295,106,92.96660968660969,1.1401943166189006,121,6742,0.001995949697092514,0.021196655874081656,
Seer Proteograph XT,R-HSA-2029485,82,70.68535612535612,1.1600705506042588,92,6742,0.002028954246582006,0.02119679842973884,
Seer Proteograph XT,R-HSA-166786,72,61.46552706552706,1.1713883120735686,80,6742,0.002018471320116683,0.02119679842973884,Creation of C4 and C2 activators
Seer Proteograph XT,R-HSA-8873719,56,46.86746438746439,1.1948587518418916,61,6742,0.002061384163657182,0.021361924599189345,
Seer Proteograph XT,R-HSA-9013418,23,17.67133903133903,1.301542568970632,23,6742,0.002310330486942225,0.023750197405766074,
Seer Proteograph XT,R-HSA-9633012,55,46.0991452991453,1.1930806882230791,60,6742,0.0024812390132417403,0.025304699460441556,
Seer Proteograph XT,R-HSA-174084,49,40.720911680911684,1.2033129411237917,53,6742,0.002691414294126634,0.02701927631213066,Autodegradation of Cdh1 by Cdh1:APC/C
Seer Proteograph XT,R-HSA-163841,49,40.720911680911684,1.2033129411237917,53,6742,0.002691414294126634,0.02701927631213066,"Gamma carboxylation, hypusinylation, hydroxylation, and arylsulfatase activation"
Seer Proteograph XT,R-HSA-9013404,65,55.31897435897436,1.1750037080984872,72,6742,0.002764921783465792,0.027250900679047646,
Seer Proteograph XT,R-HSA-381070,43,35.34267806267806,1.216659357950808,46,6742,0.002799314310999447,0.027250900679047646,
Seer Proteograph XT,R-HSA-9013409,43,35.34267806267806,1.216659357950808,46,6742,0.002799314310999447,0.027250900679047646,
Seer Proteograph XT,R-HSA-9639288,43,35.34267806267806,1.216659357950808,46,6742,0.002799314310999447,0.027250900679047646,
Seer Proteograph XT,R-HSA-8949613,30,23.81789173789174,1.259557324810289,31,6742,0.002893549669370605,0.02795647612888141,
Seer Proteograph XT,R-HSA-166208,22,16.90301994301994,1.301542568970632,22,6742,0.0030092742190781703,0.028857592324742155,
Seer Proteograph XT,R-HSA-9918487,69,59.1605698005698,1.1663173669996572,77,6742,0.003311584100885966,0.031521374589914566,
Seer Proteograph XT,R-HSA-4570464,42,34.57435897435897,1.2147730643725898,45,6742,0.0034284521307306687,0.032157379474371604,
Seer Proteograph XT,R-HSA-5610780,42,34.57435897435897,1.2147730643725898,45,6742,0.0034284521307306687,0.032157379474371604,Degradation of GLI1 by the proteasome
Seer Proteograph XT,R-HSA-5690714,53,44.56250712250712,1.1893406233697155,58,6742,0.0035808593534740214,0.033343509197203754,
Seer Proteograph XT,R-HSA-114604,29,23.04957264957265,1.2581578166716108,30,6742,0.0036595797540197495,0.03383136679075811,GPVI-mediated activation cascade
Seer Proteograph XT,R-HSA-3371453,68,58.392250712250714,1.1645380880263547,76,6742,0.003895826321894162,0.03451407598797024,
Seer Proteograph XT,R-HSA-379716,21,16.134700854700856,1.3015425689706317,21,6742,0.003919533776790703,0.03451407598797024,
Seer Proteograph XT,R-HSA-9664323,92,80.67350427350428,1.1403992032885535,105,6742,0.0038731675868996446,0.03451407598797024,FCGR3A-mediated IL10 synthesis
Seer Proteograph XT,R-HSA-1169091,47,39.184273504273506,1.1994607988552881,51,6742,0.003948302856211381,0.03451407598797024,Activation of NF-kappaB in B cells
Seer Proteograph XT,R-HSA-68867,63,53.78233618233618,1.1713883120735686,70,6742,0.0038755990573214505,0.03451407598797024,Assembly of the pre-replicative complex
Seer Proteograph XT,R-HSA-9766229,47,39.184273504273506,1.1994607988552881,51,6742,0.003948302856211381,0.03451407598797024,Degradation of CDH1
Seer Proteograph XT,R-HSA-5218920,21,16.134700854700856,1.3015425689706317,21,6742,0.003919533776790703,0.03451407598797024,
Seer Proteograph XT,R-HSA-1660499,47,39.184273504273506,1.1994607988552881,51,6742,0.003948302856211381,0.03451407598797024,
Seer Proteograph XT,R-HSA-1632852,110,97.57652421652422,1.1273203353288936,127,6742,0.003986523246578339,0.034612718728737606,
Seer Proteograph XT,R-HSA-381038,41,33.80603988603988,1.2128010301771799,44,6742,0.004193444662467725,0.03568593636603329,
Seer Proteograph XT,R-HSA-111465,35,28.427806267806268,1.231188916593841,37,6742,0.004175340770202189,0.03568593636603329,Apoptotic cleavage of cellular proteins
Seer Proteograph XT,R-HSA-5610785,41,33.80603988603988,1.2128010301771799,44,6742,0.004193444662467725,0.03568593636603329,GLI3 is processed to GLI3R by the proteasome
Seer Proteograph XT,R-HSA-9958825,62,53.01401709401709,1.1695020184953504,69,6742,0.0045792402982774575,0.03871265646899035,Activation of STAT3 by cadherin engagement
Seer Proteograph XT,R-HSA-6811436,46,38.41595441595442,1.1974191634529814,50,6742,0.004772298192818774,0.04008106652138644,
Seer Proteograph XT,R-HSA-3232142,34,27.65948717948718,1.2292346484722634,36,6742,0.005172111940863838,0.04172566990575943,
Seer Proteograph XT,R-HSA-5663213,34,27.65948717948718,1.2292346484722634,36,6742,0.005172111940863838,0.04172566990575943,
Seer Proteograph XT,R-HSA-390522,34,27.65948717948718,1.2292346484722634,36,6742,0.005172111940863838,0.04172566990575943,
Seer Proteograph XT,R-HSA-6807070,99,87.58837606837606,1.1302869677902856,114,6742,0.0051954141516898904,0.04172566990575943,PTEN Regulation
Seer Proteograph XT,R-HSA-5218921,20,15.366381766381766,1.301542568970632,20,6742,0.005104956592651382,0.04172566990575943,VEGFR2 mediated cell proliferation
Seer Proteograph XT,R-HSA-70263,20,15.366381766381766,1.301542568970632,20,6742,0.005104956592651382,0.04172566990575943,
Seer Proteograph XT,R-HSA-9735869,20,15.366381766381766,1.301542568970632,20,6742,0.005104956592651382,0.04172566990575943,
Seer Proteograph XT,R-HSA-216083,66,56.855612535612536,1.16083526421705,74,6742,0.0053701665811343524,0.042861267433277284,Integrin cell surface interactions
Seer Proteograph XT,R-HSA-9013406,45,37.64763532763533,1.1952941959934373,49,6742,0.005759936025721206,0.045688381438591046,
Seer Proteograph XT,R-HSA-9860927,27,21.51293447293447,1.2550589057931094,28,6742,0.005836975835244355,0.04601542299563802,"Turbulent (oscillatory, disturbed) flow shear stress activates signaling by PIEZO1 and integrins in endothelial cells"
Seer Proteograph XT,R-HSA-5628897,70,60.697207977207974,1.153265567442332,79,6742,0.0061379524097125125,0.047848074431219224,TP53 Regulates Metabolic Genes
Seer Proteograph XT,R-HSA-9954716,50,42.257549857549854,1.183220517246029,55,6742,0.006143916172102078,0.047848074431219224,
Seer Proteograph XT,R-HSA-9604323,39,32.26940170940171,1.2085752426155867,42,6742,0.00624742643671924,0.04807151479751032,Negative regulation of NOTCH4 signaling
Seer Proteograph XT,R-HSA-6811438,39,32.26940170940171,1.2085752426155867,42,6742,0.00624742643671924,0.04807151479751032,
Seer Proteograph XT,R-HSA-173623,65,56.08729344729345,1.1589077668916585,73,6742,0.00629193705352064,0.0481258280581787,Classical antibody-mediated complement activation
Seer Proteograph XT,R-HSA-9609523,19,14.598062678062679,1.301542568970632,19,6742,0.006648668737952626,0.05025611369570073,Insertion of tail-anchored proteins into the endoplasmic reticulum membrane
Seer Proteograph XT,R-HSA-9912633,19,14.598062678062679,1.301542568970632,19,6742,0.006648668737952626,0.05025611369570073,"Antigen processing: Ub, ATP-independent proteasomal degradation"
Seer Proteograph XT,R-HSA-9759194,74,64.53880341880343,1.1465970250455566,84,6742,0.006873920733811887,0.05165490142075014,Nuclear events mediated by NFE2L2
Seer Proteograph XT,R-HSA-168276,38,31.50108262108262,1.2063077468508296,41,6742,0.007608647795267537,0.05619030124665969,
Seer Proteograph XT,R-HSA-450408,38,31.50108262108262,1.2063077468508296,41,6742,0.007608647795267537,0.05619030124665969,AUF1 (hnRNP D0) binds and destabilizes mRNA
Seer Proteograph XT,R-HSA-5362768,38,31.50108262108262,1.2063077468508296,41,6742,0.007608647795267537,0.05619030124665969,Hh mutants are degraded by ERAD
Seer Proteograph XT,R-HSA-71403,32,26.122849002849,1.2249812413841241,34,6742,0.007904303242283547,0.05804016952191062,
Seer Proteograph XT,R-HSA-1483255,68,59.1605698005698,1.1494142167532853,77,6742,0.008310100880622761,0.06067317972500141,
Seer Proteograph XT,R-HSA-3108214,63,54.55065527065527,1.154889885142955,71,6742,0.00860022060055852,0.06113558607322032,
Seer Proteograph XT,R-HSA-379726,18,13.82974358974359,1.301542568970632,18,6742,0.008658892346557274,0.06113558607322032,
Seer Proteograph XT,R-HSA-9769743,18,13.82974358974359,1.301542568970632,18,6742,0.008658892346557274,0.06113558607322032,Amplification and propagation of coagulation cascade
Seer Proteograph XT,R-HSA-9909505,18,13.82974358974359,1.301542568970632,18,6742,0.008658892346557274,0.06113558607322032,
Seer Proteograph XT,R-HSA-163210,18,13.82974358974359,1.301542568970632,18,6742,0.008658892346557274,0.06113558607322032,
Seer Proteograph XT,R-HSA-9670439,18,13.82974358974359,1.301542568970632,18,6742,0.008658892346557274,0.06113558607322032,"Signaling by phosphorylated juxtamembrane, extracellular and kinase domain KIT mutants"
Seer Proteograph XT,R-HSA-1474228,112,100.64980056980058,1.1127692192726013,131,6742,0.009214289123594236,0.06336581619184098,Degradation of the extracellular matrix
Seer Proteograph XT,R-HSA-6802946,37,30.73276353276353,1.2039268762978346,40,6742,0.009252046347972338,0.06336581619184098,Signaling by moderate kinase activity BRAF mutants
Seer Proteograph XT,R-HSA-6802955,37,30.73276353276353,1.2039268762978346,40,6742,0.009252046347972338,0.06336581619184098,Paradoxical activation of RAF signaling by kinase inactive BRAF
Seer Proteograph XT,R-HSA-9649948,37,30.73276353276353,1.2039268762978346,40,6742,0.009252046347972338,0.06336581619184098,Signaling downstream of RAS mutants
Seer Proteograph XT,R-HSA-180585,37,30.73276353276353,1.2039268762978346,40,6742,0.009252046347972338,0.06336581619184098,Vif-mediated degradation of APOBEC3G
Seer Proteograph XT,R-HSA-380972,25,19.976296296296297,1.2514832393948383,26,6742,0.009270640812502805,0.06336581619184098,
Seer Proteograph XT,R-HSA-8936459,31,25.354529914529916,1.22266120115423,33,6742,0.009750404775362176,0.0659435270333705,RUNX1 regulates genes involved in megakaryocyte differentiation and platelet function
Seer Proteograph XT,R-HSA-8950505,31,25.354529914529916,1.22266120115423,33,6742,0.009750404775362176,0.0659435270333705,Gene and protein expression by JAK-STAT signaling after Interleukin-12 stimulation
Seer Proteograph XT,R-HSA-9013405,42,35.34267806267806,1.1883649542775334,46,6742,0.010034399237908517,0.06680934207623028,
Seer Proteograph XT,R-HSA-5607761,42,35.34267806267806,1.1883649542775334,46,6742,0.010034399237908517,0.06680934207623028,Dectin-1 mediated noncanonical NF-kB signaling
Seer Proteograph XT,R-HSA-8854214,42,35.34267806267806,1.1883649542775334,46,6742,0.010034399237908517,0.06680934207623028,
Seer Proteograph XT,R-HSA-5658442,47,39.952592592592595,1.176394245031148,52,6742,0.010399268272765237,0.06852851143847861,Regulation of RAS by GAPs
Seer Proteograph XT,R-HSA-8948751,47,39.952592592592595,1.176394245031148,52,6742,0.010399268272765237,0.06852851143847861,Regulation of PTEN stability and activity
Seer Proteograph XT,R-HSA-9013423,71,62.23384615384615,1.14085830119648,81,6742,0.010628284348494261,0.06968033361130166,
Seer Proteograph XT,R-HSA-2022377,17,13.0614245014245,1.301542568970632,17,6742,0.011276517348869681,0.07173428115493832,Metabolism of Angiotensinogen to Angiotensins
Seer Proteograph XT,R-HSA-450385,17,13.0614245014245,1.301542568970632,17,6742,0.011276517348869681,0.07173428115493832,
Seer Proteograph XT,R-HSA-432142,17,13.0614245014245,1.301542568970632,17,6742,0.011276517348869681,0.07173428115493832,
Seer Proteograph XT,R-HSA-9629569,17,13.0614245014245,1.301542568970632,17,6742,0.011276517348869681,0.07173428115493832,
Seer Proteograph XT,R-HSA-9735871,17,13.0614245014245,1.301542568970632,17,6742,0.011276517348869681,0.07173428115493832,
Seer Proteograph XT,R-HSA-881907,17,13.0614245014245,1.301542568970632,17,6742,0.011276517348869681,0.07173428115493832,Gastrin-CREB signalling pathway via PKC and MAPK
Seer Proteograph XT,R-HSA-933542,24,19.20797720797721,1.2494808662118067,25,6742,0.011662892090274202,0.07360607064826222,TRAF6 mediated NF-kB activation
Seer Proteograph XT,R-HSA-199977,61,53.01401709401709,1.1506390827131674,69,6742,0.011685321721591823,0.07360607064826222,ER to Golgi Anterograde Transport
Seer Proteograph XT,R-HSA-75153,41,34.57435897435897,1.1858498961732424,45,6742,0.012034618112772535,0.07507031201413934,Apoptotic execution phase
Seer Proteograph XT,R-HSA-5610783,41,34.57435897435897,1.1858498961732424,45,6742,0.012034618112772535,0.07507031201413934,Degradation of GLI2 by the proteasome
Seer Proteograph XT,R-HSA-3247509,155,142.13903133903133,1.0904816118402592,185,6742,0.012408130243888572,0.077026315765202,
Seer Proteograph XT,R-HSA-8856828,109,98.34484330484331,1.1083448438890537,128,6742,0.013057806825083491,0.08066962389534753,Clathrin-mediated endocytosis
Seer Proteograph XT,R-HSA-169911,35,29.196125356125357,1.198789208262424,38,6742,0.013612840483086095,0.08369617234816092,Regulation of Apoptosis
Seer Proteograph XT,R-HSA-70895,23,18.43965811965812,1.2473116285968555,24,6742,0.014653651240933494,0.0857734942181583,
Seer Proteograph XT,R-HSA-9764561,50,43.02586894586894,1.1620915794380642,56,6742,0.0145140863761663,0.0857734942181583,Regulation of CDH1 Function
Seer Proteograph XT,R-HSA-9932298,40,33.80603988603988,1.183220517246029,44,6742,0.014408497690610273,0.0857734942181583,Degradation of CRY and PER proteins
Seer Proteograph XT,R-HSA-975634,40,33.80603988603988,1.183220517246029,44,6742,0.014408497690610273,0.0857734942181583,Retinoid metabolism and transport
Seer Proteograph XT,R-HSA-3000480,16,12.293105413105414,1.3015425689706317,16,6742,0.014684956208556286,0.0857734942181583,Scavenging by Class A Receptors
Seer Proteograph XT,R-HSA-9920951,16,12.293105413105414,1.3015425689706317,16,6742,0.014684956208556286,0.0857734942181583,
Seer Proteograph XT,R-HSA-917977,23,18.43965811965812,1.2473116285968555,24,6742,0.014653651240933494,0.0857734942181583,
Seer Proteograph XT,R-HSA-1839117,16,12.293105413105414,1.3015425689706317,16,6742,0.014684956208556286,0.0857734942181583,
Seer Proteograph XT,R-HSA-9865881,23,18.43965811965812,1.2473116285968555,24,6742,0.014653651240933494,0.0857734942181583,
Seer Proteograph XT,R-HSA-1855204,23,18.43965811965812,1.2473116285968555,24,6742,0.014653651240933494,0.0857734942181583,
Seer Proteograph XT,R-HSA-429958,16,12.293105413105414,1.3015425689706317,16,6742,0.014684956208556286,0.0857734942181583,
Seer Proteograph XT,R-HSA-180534,34,28.427806267806268,1.1960120904054454,37,6742,0.016468851875029195,0.09575780388874441,Vpu mediated degradation of CD4
Seer Proteograph XT,R-HSA-5676590,39,33.037720797720795,1.1804688416245266,43,6742,0.01721949718799969,0.09967141390351171,NIK-->noncanonical NF-kB signaling
Seer Proteograph XT,R-HSA-9931269,44,37.64763532763533,1.1687321027491389,49,6742,0.017339982243869817,0.0999187317640032,AMPK-induced ERAD and lysosome mediated degradation of PD-L1(CD274)
Seer Proteograph XT,R-HSA-167287,28,23.04957264957265,1.2147730643725898,30,6742,0.018127040255765815,0.10352554101626255,
Seer Proteograph XT,R-HSA-167290,28,23.04957264957265,1.2147730643725898,30,6742,0.018127040255765815,0.10352554101626255,
Seer Proteograph XT,R-HSA-191273,22,17.67133903133903,1.2449537616240827,23,6742,0.018386036326068944,0.10362305560964295,
Seer Proteograph XT,R-HSA-2424491,22,17.67133903133903,1.2449537616240827,23,6742,0.018386036326068944,0.10362305560964295,DAP12 signaling
Seer Proteograph XT,R-HSA-389960,22,17.67133903133903,1.2449537616240827,23,6742,0.018386036326068944,0.10362305560964295,
Seer Proteograph XT,R-HSA-70221,15,11.524786324786325,1.301542568970632,15,6742,0.019122969583313967,0.1063766922708158,
Seer Proteograph XT,R-HSA-111447,15,11.524786324786325,1.301542568970632,15,6742,0.019122969583313967,0.1063766922708158,
Seer Proteograph XT,R-HSA-445144,15,11.524786324786325,1.301542568970632,15,6742,0.019122969583313967,0.1063766922708158,Signal transduction by L1
Seer Proteograph XT,R-HSA-9656223,33,27.65948717948718,1.1930806882230791,36,6742,0.019887003919500153,0.10967725337578411,Signaling by RAF1 mutants
Seer Proteograph XT,R-HSA-76009,33,27.65948717948718,1.1930806882230791,36,6742,0.019887003919500153,0.10967725337578411,Platelet Aggregation (Plug Formation)
Seer Proteograph XT,R-HSA-112382,43,36.87931623931624,1.165965218036191,48,6742,0.020487910762405446,0.11202963970081277,
Seer Proteograph XT,R-HSA-75955,43,36.87931623931624,1.165965218036191,48,6742,0.020487910762405446,0.11202963970081277,
Seer Proteograph XT,R-HSA-5689603,57,49.94074074074074,1.1413527143280926,65,6742,0.02116327305731827,0.11523222829938126,UCH proteinases
Seer Proteograph XT,R-HSA-5694530,27,22.28125356125356,1.2117810124898987,29,6742,0.0222111084802051,0.11941955814670943,Cargo concentration in the ER
Seer Proteograph XT,R-HSA-167238,27,22.28125356125356,1.2117810124898987,29,6742,0.0222111084802051,0.11941955814670943,
Seer Proteograph XT,R-HSA-167243,27,22.28125356125356,1.2117810124898987,29,6742,0.0222111084802051,0.11941955814670943,
Seer Proteograph XT,R-HSA-9938027,268,252.77698005698005,1.0602231260915786,329,6742,0.02295491410004705,0.12181051468332793,Affinity selection of immunoglobulins
Seer Proteograph XT,R-HSA-77387,21,16.90301994301994,1.2423815431083305,22,6742,0.02303498448875384,0.12181051468332793,Insulin receptor recycling
Seer Proteograph XT,R-HSA-429947,21,16.90301994301994,1.2423815431083305,22,6742,0.02303498448875384,0.12181051468332793,
Seer Proteograph XT,R-HSA-9013422,21,16.90301994301994,1.2423815431083305,22,6742,0.02303498448875384,0.12181051468332793,
Seer Proteograph XT,R-HSA-191859,47,40.720911680911684,1.1541981272003716,53,6742,0.02339733867989017,0.12221780570593034,
Seer Proteograph XT,R-HSA-4551638,47,40.720911680911684,1.1541981272003716,53,6742,0.02339733867989017,0.12221780570593034,
Seer Proteograph XT,R-HSA-174154,47,40.720911680911684,1.1541981272003716,53,6742,0.02339733867989017,0.12221780570593034,APC/C:Cdc20 mediated degradation of Securin
Seer Proteograph XT,R-HSA-75892,14,10.756467236467236,1.301542568970632,14,6742,0.024901357984455048,0.12307017311547976,Platelet Adhesion to exposed collagen
Seer Proteograph XT,R-HSA-174113,37,31.50108262108262,1.1745628061442288,41,6742,0.02445348296049174,0.12307017311547976,SCF-beta-TrCP mediated degradation of Emi1
Seer Proteograph XT,R-HSA-211733,32,26.89116809116809,1.1899817773445778,35,6742,0.023967773143083734,0.12307017311547976,Regulation of activated PAK-2p34 by proteasome mediated degradation
Seer Proteograph XT,R-HSA-350562,32,26.89116809116809,1.1899817773445778,35,6742,0.023967773143083734,0.12307017311547976,Regulation of ornithine decarboxylase (ODC)
Seer Proteograph XT,R-HSA-69052,65,57.623931623931625,1.1280035597745477,75,6742,0.02440869540803919,0.12307017311547976,Switching of origins to a post-replicative state
Seer Proteograph XT,R-HSA-9929356,37,31.50108262108262,1.1745628061442288,41,6742,0.02445348296049174,0.12307017311547976,GSK3B-mediated proteasomal degradation of PD-L1(CD274)
Seer Proteograph XT,R-HSA-5578775,42,36.11099715099715,1.1630805935482242,47,6742,0.02416109112246204,0.12307017311547976,
Seer Proteograph XT,R-HSA-9857377,14,10.756467236467236,1.301542568970632,14,6742,0.024901357984455048,0.12307017311547976,
Seer Proteograph XT,R-HSA-9694676,14,10.756467236467236,1.301542568970632,14,6742,0.024901357984455048,0.12307017311547976,
Seer Proteograph XT,R-HSA-1566948,37,31.50108262108262,1.1745628061442288,41,6742,0.02445348296049174,0.12307017311547976,Elastic fibre formation
Seer Proteograph XT,R-HSA-5637810,14,10.756467236467236,1.301542568970632,14,6742,0.024901357984455048,0.12307017311547976,Constitutive Signaling by EGFRvIII
Seer Proteograph XT,R-HSA-4419969,14,10.756467236467236,1.301542568970632,14,6742,0.024901357984455048,0.12307017311547976,
Seer Proteograph XT,R-HSA-9694631,14,10.756467236467236,1.301542568970632,14,6742,0.024901357984455048,0.12307017311547976,
Seer Proteograph XT,R-HSA-1660516,14,10.756467236467236,1.301542568970632,14,6742,0.024901357984455048,0.12307017311547976,
Seer Proteograph XT,R-HSA-69017,51,44.56250712250712,1.1444598451293488,58,6742,0.025957125520720357,0.12779657583956192,CDK-mediated phosphorylation and removal of Cdc6
Seer Proteograph XT,R-HSA-75105,26,21.51293447293447,1.208575242615587,28,6742,0.027162845139215724,0.13322235115989392,
Seer Proteograph XT,R-HSA-9762114,36,30.73276353276353,1.1713883120735686,40,6742,0.02905290361167007,0.14034955316163925,GSK3B and BTRC:CUL1-mediated-degradation of NFE2L2
Seer Proteograph XT,R-HSA-9824272,36,30.73276353276353,1.1713883120735686,40,6742,0.02905290361167007,0.14034955316163925,Somitogenesis
Seer Proteograph XT,R-HSA-9020591,36,30.73276353276353,1.1713883120735686,40,6742,0.02905290361167007,0.14034955316163925,Interleukin-12 signaling
Seer Proteograph XT,R-HSA-936837,36,30.73276353276353,1.1713883120735686,40,6742,0.02905290361167007,0.14034955316163925,
Seer Proteograph XT,R-HSA-9033241,50,43.79418803418803,1.1417040078689753,57,6742,0.030081316566452514,0.1447733774827396,
Seer Proteograph XT,R-HSA-74217,13,9.988148148148149,1.3015425689706317,13,6742,0.03242468400353622,0.14827657987382223,
Seer Proteograph XT,R-HSA-879415,13,9.988148148148149,1.3015425689706317,13,6742,0.03242468400353622,0.14827657987382223,Advanced glycosylation endproduct receptor signaling
Seer Proteograph XT,R-HSA-9755779,13,9.988148148148149,1.3015425689706317,13,6742,0.03242468400353622,0.14827657987382223,
Seer Proteograph XT,R-HSA-75205,13,9.988148148148149,1.3015425689706317,13,6742,0.03242468400353622,0.14827657987382223,Dissolution of Fibrin Clot
Seer Proteograph XT,R-HSA-354194,13,9.988148148148149,1.3015425689706317,13,6742,0.03242468400353622,0.14827657987382223,
Seer Proteograph XT,R-HSA-372708,13,9.988148148148149,1.3015425689706317,13,6742,0.03242468400353622,0.14827657987382223,
Seer Proteograph XT,R-HSA-196299,13,9.988148148148149,1.3015425689706317,13,6742,0.03242468400353622,0.14827657987382223,
Seer Proteograph XT,R-HSA-5339716,13,9.988148148148149,1.3015425689706317,13,6742,0.03242468400353622,0.14827657987382223,
Seer Proteograph XT,R-HSA-5358747,13,9.988148148148149,1.3015425689706317,13,6742,0.03242468400353622,0.14827657987382223,
Seer Proteograph XT,R-HSA-5358749,13,9.988148148148149,1.3015425689706317,13,6742,0.03242468400353622,0.14827657987382223,
Seer Proteograph XT,R-HSA-5358751,13,9.988148148148149,1.3015425689706317,13,6742,0.03242468400353622,0.14827657987382223,
Seer Proteograph XT,R-HSA-5358752,13,9.988148148148149,1.3015425689706317,13,6742,0.03242468400353622,0.14827657987382223,
Seer Proteograph XT,R-HSA-9679504,13,9.988148148148149,1.3015425689706317,13,6742,0.03242468400353622,0.14827657987382223,
Seer Proteograph XT,R-HSA-933543,13,9.988148148148149,1.3015425689706317,13,6742,0.03242468400353622,0.14827657987382223,
Seer Proteograph XT,R-HSA-1971475,25,20.744615384615386,1.2051320083061405,27,6742,0.03315049829254476,0.14946803616112286,Glycosaminoglycan-protein linkage region biosynthesis
Seer Proteograph XT,R-HSA-6804758,25,20.744615384615386,1.2051320083061405,27,6742,0.03315049829254476,0.14946803616112286,Regulation of TP53 Activity through Acetylation
Seer Proteograph XT,R-HSA-456926,25,20.744615384615386,1.2051320083061405,27,6742,0.03315049829254476,0.14946803616112286,Thrombin signalling through proteinase activated receptors (PARs)
Seer Proteograph XT,R-HSA-8874081,25,20.744615384615386,1.2051320083061405,27,6742,0.03315049829254476,0.14946803616112286,
Seer Proteograph XT,R-HSA-3000178,58,51.477378917378914,1.126708492541741,67,6742,0.034469968524818186,0.15487380963073907,ECM proteoglycans
Seer Proteograph XT,R-HSA-77289,30,25.354529914529916,1.1832205172460288,33,6742,0.03459631298291953,0.15489986823362922,
Seer Proteograph XT,R-HSA-389977,19,15.366381766381766,1.2364654405221003,20,6742,0.03597919949867624,0.16053219220763532,
Seer Proteograph XT,R-HSA-2022090,53,46.86746438746439,1.1308484615646472,61,6742,0.03727647329354707,0.1657448726027958,Assembly of collagen fibrils and other multimeric structures
Seer Proteograph XT,R-HSA-5678895,39,33.80603988603988,1.1536400043148782,44,6742,0.039145293267636966,0.17345414430659828,Defective CFTR causes cystic fibrosis
Seer Proteograph XT,R-HSA-390918,24,19.976296296296297,1.2014239098190447,26,6742,0.040369907423530936,0.17500680396445362,
Seer Proteograph XT,R-HSA-71384,12,9.21982905982906,1.301542568970632,12,6742,0.04221954025601605,0.17500680396445362,Ethanol oxidation
Seer Proteograph XT,R-HSA-9035034,34,29.196125356125357,1.1645380880263547,38,6742,0.040744948706545575,0.17500680396445362,
Seer Proteograph XT,R-HSA-1614558,12,9.21982905982906,1.301542568970632,12,6742,0.04221954025601605,0.17500680396445362,
Seer Proteograph XT,R-HSA-68949,48,42.257549857549854,1.1358916965561878,55,6742,0.0401641371057909,0.17500680396445362,Orc1 removal from chromatin
Seer Proteograph XT,R-HSA-9909615,61,54.55065527065527,1.1182267141860358,71,6742,0.04112128308830058,0.17500680396445362,Regulation of PD-L1(CD274) Post-translational modification
Seer Proteograph XT,R-HSA-156581,12,9.21982905982906,1.301542568970632,12,6742,0.04221954025601605,0.17500680396445362,
Seer Proteograph XT,R-HSA-354192,24,19.976296296296297,1.2014239098190447,26,6742,0.040369907423530936,0.17500680396445362,
Seer Proteograph XT,R-HSA-111461,12,9.21982905982906,1.301542568970632,12,6742,0.04221954025601605,0.17500680396445362,
Seer Proteograph XT,R-HSA-9013420,29,24.586210826210827,1.1795229531296352,32,6742,0.041426641336499606,0.17500680396445362,
Seer Proteograph XT,R-HSA-418359,12,9.21982905982906,1.301542568970632,12,6742,0.04221954025601605,0.17500680396445362,
Seer Proteograph XT,R-HSA-418360,24,19.976296296296297,1.2014239098190447,26,6742,0.040369907423530936,0.17500680396445362,
Seer Proteograph XT,R-HSA-5467337,12,9.21982905982906,1.301542568970632,12,6742,0.04221954025601605,0.17500680396445362,
Seer Proteograph XT,R-HSA-5467340,12,9.21982905982906,1.301542568970632,12,6742,0.04221954025601605,0.17500680396445362,
Seer Proteograph XT,R-HSA-5467348,12,9.21982905982906,1.301542568970632,12,6742,0.04221954025601605,0.17500680396445362,
Seer Proteograph XT,R-HSA-1236977,12,9.21982905982906,1.301542568970632,12,6742,0.04221954025601605,0.17500680396445362,
Seer Proteograph XT,R-HSA-196807,24,19.976296296296297,1.2014239098190447,26,6742,0.040369907423530936,0.17500680396445362,
Seer Proteograph XT,R-HSA-430116,12,9.21982905982906,1.301542568970632,12,6742,0.04221954025601605,0.17500680396445362,
Seer Proteograph XT,R-HSA-1362409,12,9.21982905982906,1.301542568970632,12,6742,0.04221954025601605,0.17500680396445362,
Seer Proteograph XT,R-HSA-9634600,12,9.21982905982906,1.301542568970632,12,6742,0.04221954025601605,0.17500680396445362,
Seer Proteograph XT,R-HSA-8939211,122,112.94290598290598,1.08019179193481,147,6742,0.042358220934506155,0.17501708649787912,ESR-mediated signaling
Seer Proteograph XT,R-HSA-382556,65,58.392250712250714,1.113161407672251,76,6742,0.04257689560782012,0.17535676556425914,ABC-family protein mediated transport
Seer Proteograph XT,R-HSA-9759476,114,105.2597150997151,1.0830354223551244,137,6742,0.042714384410612004,0.1753609711426084,Regulation of Homotypic Cell-Cell Adhesion
Seer Proteograph XT,R-HSA-2024096,18,14.598062678062679,1.2330403284984932,19,6742,0.04484291730144102,0.1812048702275211,HS-GAG degradation
Seer Proteograph XT,R-HSA-3560783,18,14.598062678062679,1.2330403284984932,19,6742,0.04484291730144102,0.1812048702275211,"Defective B4GALT7 causes EDS, progeroid type"
Seer Proteograph XT,R-HSA-3560801,18,14.598062678062679,1.2330403284984932,19,6742,0.04484291730144102,0.1812048702275211,Defective B3GAT3 causes JDSSDHD
Seer Proteograph XT,R-HSA-4420332,18,14.598062678062679,1.2330403284984932,19,6742,0.04484291730144102,0.1812048702275211,Defective B3GALT6 causes EDSP2 and SEMDJL1
Seer Proteograph XT,R-HSA-111471,18,14.598062678062679,1.2330403284984932,19,6742,0.04484291730144102,0.1812048702275211,
Seer Proteograph XT,R-HSA-9979719,77,69.91703703703703,1.1013052506674579,91,6742,0.04552375825044988,0.1833794023568279,
Seer Proteograph XT,R-HSA-9013149,129,119.85777777777778,1.076275585879561,156,6742,0.04568100458615838,0.18343778404129227,
Seer Proteograph XT,R-HSA-3371497,47,41.48923076923077,1.132824087807772,54,6742,0.04626882460886838,0.18521943807599958,
Seer Proteograph XT,R-HSA-446193,60,53.78233618233618,1.1156079162605417,70,6742,0.04664146073254436,0.18613129515937735,
Seer Proteograph XT,R-HSA-349425,33,28.427806267806268,1.16083526421705,37,6742,0.048086758286385624,0.1907144580185356,Autodegradation of the E3 ubiquitin ligase COP1
Seer Proteograph XT,R-HSA-3214841,33,28.427806267806268,1.16083526421705,37,6742,0.048086758286385624,0.1907144580185356,
Seer Proteograph XT,R-HSA-389957,23,19.20797720797721,1.1974191634529814,25,6742,0.04904738147351524,0.19392580059528336,
Seer Proteograph XT,R-HSA-6802948,28,23.81789173789174,1.175586836489603,31,6742,0.04948726681621161,0.19446831149489885,Signaling by high-kinase activity BRAF mutants
Seer Proteograph XT,R-HSA-432720,28,23.81789173789174,1.175586836489603,31,6742,0.04948726681621161,0.19446831149489885,Lysosome Vesicle Biogenesis
Seer Proteograph XT,R-HSA-917937,42,36.87931623931624,1.138849747849303,48,6742,0.049873353642858095,0.19538798607034347,
Seer Proteograph XT,R-HSA-9013106,55,49.172421652421654,1.1185131452091368,64,6742,0.05106513562956913,0.19764668459035037,
Seer Proteograph XT,R-HSA-176408,55,49.172421652421654,1.1185131452091368,64,6742,0.05106513562956913,0.19764668459035037,Regulation of APC/C activators between G1/S and early anaphase
Seer Proteograph XT,R-HSA-195253,55,49.172421652421654,1.1185131452091368,64,6742,0.05106513562956913,0.19764668459035037,Degradation of beta-catenin by the destruction complex
Seer Proteograph XT,R-HSA-674695,55,49.172421652421654,1.1185131452091368,64,6742,0.05106513562956913,0.19764668459035037,
Seer Proteograph XT,R-HSA-9764265,104,96.03988603988604,1.0828834173835657,125,6742,0.05190333925025637,0.19968799681610608,Regulation of CDH1 Expression and Function
Seer Proteograph XT,R-HSA-9764274,104,96.03988603988604,1.0828834173835657,125,6742,0.05190333925025637,0.19968799681610608,Regulation of Expression and Function of Type I Classical Cadherins
Seer Proteograph XT,R-HSA-390247,11,8.45150997150997,1.301542568970632,11,6742,0.054971334245093526,0.20189392385580865,
Seer Proteograph XT,R-HSA-8964038,17,13.82974358974359,1.2292346484722634,18,6742,0.0557761423881806,0.20189392385580865,
Seer Proteograph XT,R-HSA-264870,11,8.45150997150997,1.301542568970632,11,6742,0.054971334245093526,0.20189392385580865,
Seer Proteograph XT,R-HSA-389661,17,13.82974358974359,1.2292346484722634,18,6742,0.0557761423881806,0.20189392385580865,
Seer Proteograph XT,R-HSA-5607763,11,8.45150997150997,1.301542568970632,11,6742,0.054971334245093526,0.20189392385580865,
Seer Proteograph XT,R-HSA-196757,17,13.82974358974359,1.2292346484722634,18,6742,0.0557761423881806,0.20189392385580865,
Seer Proteograph XT,R-HSA-9842663,11,8.45150997150997,1.301542568970632,11,6742,0.054971334245093526,0.20189392385580865,
Seer Proteograph XT,R-HSA-5210891,11,8.45150997150997,1.301542568970632,11,6742,0.054971334245093526,0.20189392385580865,
Seer Proteograph XT,R-HSA-9839383,11,8.45150997150997,1.301542568970632,11,6742,0.054971334245093526,0.20189392385580865,
Seer Proteograph XT,R-HSA-9843970,11,8.45150997150997,1.301542568970632,11,6742,0.054971334245093526,0.20189392385580865,
Seer Proteograph XT,R-HSA-1912420,17,13.82974358974359,1.2292346484722634,18,6742,0.0557761423881806,0.20189392385580865,
Seer Proteograph XT,R-HSA-159854,11,8.45150997150997,1.301542568970632,11,6742,0.054971334245093526,0.20189392385580865,"Gamma-carboxylation, transport, and amino-terminal cleavage of proteins"
Seer Proteograph XT,R-HSA-5627123,17,13.82974358974359,1.2292346484722634,18,6742,0.0557761423881806,0.20189392385580865,
Seer Proteograph XT,R-HSA-351906,11,8.45150997150997,1.301542568970632,11,6742,0.054971334245093526,0.20189392385580865,
Seer Proteograph XT,R-HSA-5621575,17,13.82974358974359,1.2292346484722634,18,6742,0.0557761423881806,0.20189392385580865,CD209 (DC-SIGN) signaling
Seer Proteograph XT,R-HSA-5627117,17,13.82974358974359,1.2292346484722634,18,6742,0.0557761423881806,0.20189392385580865,
Seer Proteograph XT,R-HSA-2142789,11,8.45150997150997,1.301542568970632,11,6742,0.054971334245093526,0.20189392385580865,
Seer Proteograph XT,R-HSA-9710421,11,8.45150997150997,1.301542568970632,11,6742,0.054971334245093526,0.20189392385580865,
Seer Proteograph XT,R-HSA-9673767,11,8.45150997150997,1.301542568970632,11,6742,0.054971334245093526,0.20189392385580865,"Signaling by PDGFRA transmembrane, juxtamembrane and kinase domain mutants"
Seer Proteograph XT,R-HSA-9673770,11,8.45150997150997,1.301542568970632,11,6742,0.054971334245093526,0.20189392385580865,Signaling by PDGFRA extracellular domain mutants
Seer Proteograph XT,R-HSA-9754560,11,8.45150997150997,1.301542568970632,11,6742,0.054971334245093526,0.20189392385580865,
Seer Proteograph XT,R-HSA-167152,32,27.65948717948718,1.156926727973895,36,6742,0.05661392693175231,0.20435083176208346,
Seer Proteograph XT,R-HSA-1655829,41,36.11099715099715,1.1353881984637426,47,6742,0.05765111160866066,0.20693206261767863,
Seer Proteograph XT,R-HSA-72165,41,36.11099715099715,1.1353881984637426,47,6742,0.05765111160866066,0.20693206261767863,
Seer Proteograph XT,R-HSA-110373,22,18.43965811965812,1.1930806882230791,24,6742,0.05944227226255891,0.20869759523876558,
Seer Proteograph XT,R-HSA-499943,27,23.04957264957265,1.1713883120735686,30,6742,0.05896772250015872,0.20869759523876558,
Seer Proteograph XT,R-HSA-389357,22,18.43965811965812,1.1930806882230791,24,6742,0.05944227226255891,0.20869759523876558,CD28 dependent PI3K/Akt signaling
Seer Proteograph XT,R-HSA-9768727,22,18.43965811965812,1.1930806882230791,24,6742,0.05944227226255891,0.20869759523876558,
Seer Proteograph XT,R-HSA-9680350,27,23.04957264957265,1.1713883120735686,30,6742,0.05896772250015872,0.20869759523876558,Signaling by CSF1 (M-CSF) in myeloid cells
Seer Proteograph XT,R-HSA-6814122,27,23.04957264957265,1.1713883120735686,30,6742,0.05896772250015872,0.20869759523876558,
Seer Proteograph XT,R-HSA-202433,27,23.04957264957265,1.1713883120735686,30,6742,0.05896772250015872,0.20869759523876558,Generation of second messenger molecules
Seer Proteograph XT,R-HSA-917729,27,23.04957264957265,1.1713883120735686,30,6742,0.05896772250015872,0.20869759523876558,
Seer Proteograph XT,R-HSA-5687128,58,52.245698005698,1.1101392500043625,68,6742,0.059668803575466875,0.20892210516205706,MAPK6/MAPK4 signaling
Seer Proteograph XT,R-HSA-8854050,36,31.50108262108262,1.142817865437628,41,6742,0.06216873230015406,0.21591032704242696,FBXL7 down-regulates AURKA during mitotic entry and in early mitosis
Seer Proteograph XT,R-HSA-9974237,36,31.50108262108262,1.142817865437628,41,6742,0.06216873230015406,0.21591032704242696,Negative Regulation of DNA Double Strand Break Response
Seer Proteograph XT,R-HSA-9918485,36,31.50108262108262,1.142817865437628,41,6742,0.06216873230015406,0.21591032704242696,Dengue Virus Attachment and Entry
Seer Proteograph XT,R-HSA-9705671,98,90.66165242165242,1.0809421335518807,118,6742,0.06292596780912192,0.21795112839547623,
Seer Proteograph XT,R-HSA-174184,49,43.79418803418803,1.1188699277115959,57,6742,0.0636562246202892,0.21988776515341835,Cdc20:Phospho-APC/C mediated degradation of Cyclin A
Seer Proteograph XT,R-HSA-167169,31,26.89116809116809,1.1527948468025597,35,6742,0.06648414687471292,0.2272131083351226,
Seer Proteograph XT,R-HSA-167200,31,26.89116809116809,1.1527948468025597,35,6742,0.06648414687471292,0.2272131083351226,
Seer Proteograph XT,R-HSA-167246,31,26.89116809116809,1.1527948468025597,35,6742,0.06648414687471292,0.2272131083351226,
Seer Proteograph XT,R-HSA-1592389,31,26.89116809116809,1.1527948468025597,35,6742,0.06648414687471292,0.2272131083351226,Activation of Matrix Metalloproteinases
Seer Proteograph XT,R-HSA-9970672,10,7.683190883190883,1.301542568970632,10,6742,0.07157215458381531,0.22958874640018162,FXIIa activates plasma kallikrein-kinin system
Seer Proteograph XT,R-HSA-189483,16,13.0614245014245,1.2249812413841241,17,6742,0.06921997796354187,0.22958874640018162,Heme degradation
Seer Proteograph XT,R-HSA-9013148,105,97.57652421652422,1.076078501904853,127,6742,0.06789070819969022,0.22958874640018162,
Seer Proteograph XT,R-HSA-400451,10,7.683190883190883,1.301542568970632,10,6742,0.07157215458381531,0.22958874640018162,
Seer Proteograph XT,R-HSA-9762292,10,7.683190883190883,1.301542568970632,10,6742,0.07157215458381531,0.22958874640018162,
Seer Proteograph XT,R-HSA-6782315,35,30.73276353276353,1.138849747849303,40,6742,0.07218198719507656,0.22958874640018162,
Seer Proteograph XT,R-HSA-5223345,21,17.67133903133903,1.1883649542775334,23,6742,0.07184894019694535,0.22958874640018162,
Seer Proteograph XT,R-HSA-351202,35,30.73276353276353,1.138849747849303,40,6742,0.07218198719507656,0.22958874640018162,Metabolism of polyamines
Seer Proteograph XT,R-HSA-4641257,35,30.73276353276353,1.138849747849303,40,6742,0.07218198719507656,0.22958874640018162,Degradation of AXIN
Seer Proteograph XT,R-HSA-9793380,44,39.184273504273506,1.1228994712687803,51,6742,0.06982723726804375,0.22958874640018162,Formation of paraxial mesoderm
Seer Proteograph XT,R-HSA-9769735,21,17.67133903133903,1.1883649542775334,23,6742,0.07184894019694535,0.22958874640018162,Initiation of coagulation cascade
Seer Proteograph XT,R-HSA-9820960,21,17.67133903133903,1.1883649542775334,23,6742,0.07184894019694535,0.22958874640018162,Respiratory syncytial virus (RSV) attachment and entry
Seer Proteograph XT,R-HSA-9018677,16,13.0614245014245,1.2249812413841241,17,6742,0.06921997796354187,0.22958874640018162,
Seer Proteograph XT,R-HSA-111458,10,7.683190883190883,1.301542568970632,10,6742,0.07157215458381531,0.22958874640018162,
Seer Proteograph XT,R-HSA-9627069,10,7.683190883190883,1.301542568970632,10,6742,0.07157215458381531,0.22958874640018162,
Seer Proteograph XT,R-HSA-3000471,10,7.683190883190883,1.301542568970632,10,6742,0.07157215458381531,0.22958874640018162,
Seer Proteograph XT,R-HSA-8963888,10,7.683190883190883,1.301542568970632,10,6742,0.07157215458381531,0.22958874640018162,Chylomicron assembly
Seer Proteograph XT,R-HSA-159740,10,7.683190883190883,1.301542568970632,10,6742,0.07157215458381531,0.22958874640018162,Gamma-carboxylation of protein precursors
Seer Proteograph XT,R-HSA-9668328,26,22.28125356125356,1.166900234249532,29,6742,0.07007789618397443,0.22958874640018162,
Seer Proteograph XT,R-HSA-5625970,10,7.683190883190883,1.301542568970632,10,6742,0.07157215458381531,0.22958874640018162,
Seer Proteograph XT,R-HSA-9617629,10,7.683190883190883,1.301542568970632,10,6742,0.07157215458381531,0.22958874640018162,
Seer Proteograph XT,R-HSA-9006335,21,17.67133903133903,1.1883649542775334,23,6742,0.07184894019694535,0.22958874640018162,Signaling by Erythropoietin
Seer Proteograph XT,R-HSA-5668599,21,17.67133903133903,1.1883649542775334,23,6742,0.07184894019694535,0.22958874640018162,
Seer Proteograph XT,R-HSA-450513,16,13.0614245014245,1.2249812413841241,17,6742,0.06921997796354187,0.22958874640018162,
Seer Proteograph XT,R-HSA-2179392,10,7.683190883190883,1.301542568970632,10,6742,0.07157215458381531,0.22958874640018162,EGFR Transactivation by Gastrin
Seer Proteograph XT,R-HSA-9769733,10,7.683190883190883,1.301542568970632,10,6742,0.07157215458381531,0.22958874640018162,Fibrin formation
Seer Proteograph XT,R-HSA-210990,10,7.683190883190883,1.301542568970632,10,6742,0.07157215458381531,0.22958874640018162,PECAM1 interactions
Seer Proteograph XT,R-HSA-9683610,10,7.683190883190883,1.301542568970632,10,6742,0.07157215458381531,0.22958874640018162,
Seer Proteograph XT,R-HSA-9013026,52,46.86746438746439,1.1095116981388993,61,6742,0.07432015808922117,0.23522513089815075,
Seer Proteograph XT,R-HSA-418990,146,137.5291168091168,1.0615933802777222,179,6742,0.0742452185448202,0.23522513089815075,Adherens junctions interactions
Seer Proteograph XT,R-HSA-4615885,39,34.57435897435897,1.1280035597745477,45,6742,0.07649272647074842,0.2403255587161656,
Seer Proteograph XT,R-HSA-380108,39,34.57435897435897,1.1280035597745477,45,6742,0.07649272647074842,0.2403255587161656,Chemokine receptors bind chemokines
Seer Proteograph XT,R-HSA-9864848,39,34.57435897435897,1.1280035597745477,45,6742,0.07649272647074842,0.2403255587161656,
Seer Proteograph XT,R-HSA-5674135,30,26.122849002849,1.1484199137976163,34,6742,0.07786775572600582,0.24169098093699873,MAP2K and MAPK activation
Seer Proteograph XT,R-HSA-166166,84,77.60022792022792,1.0824710474607235,101,6742,0.07733064563438846,0.24169098093699873,MyD88-independent TLR4 cascade 
Seer Proteograph XT,R-HSA-937061,84,77.60022792022792,1.0824710474607235,101,6742,0.07733064563438846,0.24169098093699873,TRIF (TICAM1)-mediated TLR4 signaling 
Seer Proteograph XT,R-HSA-427413,30,26.122849002849,1.1484199137976163,34,6742,0.07786775572600582,0.24169098093699873,
Seer Proteograph XT,R-HSA-2129379,30,26.122849002849,1.1484199137976163,34,6742,0.07786775572600582,0.24169098093699873,Molecules associated with elastic fibres
Seer Proteograph XT,R-HSA-167172,47,42.257549857549854,1.1122272862112672,55,6742,0.08213386368944879,0.2543181080504619,
Seer Proteograph XT,R-HSA-9840310,25,21.51293447293447,1.1620915794380642,28,6742,0.08304760790362008,0.2559140915015631,
Seer Proteograph XT,R-HSA-1222556,25,21.51293447293447,1.1620915794380642,28,6742,0.08304760790362008,0.2559140915015631,
Seer Proteograph XT,R-HSA-9772755,34,29.964444444444446,1.13467813705132,39,6742,0.0835911343058033,0.2569727454137733,
Seer Proteograph XT,R-HSA-9748787,15,12.293105413105414,1.2201961584099674,16,6742,0.0856931702046792,0.2587861413964062,
Seer Proteograph XT,R-HSA-5423646,15,12.293105413105414,1.2201961584099674,16,6742,0.0856931702046792,0.2587861413964062,
Seer Proteograph XT,R-HSA-9759475,20,16.90301994301994,1.183220517246029,22,6742,0.0865976971209764,0.2587861413964062,
Seer Proteograph XT,R-HSA-392451,20,16.90301994301994,1.183220517246029,22,6742,0.0865976971209764,0.2587861413964062,
Seer Proteograph XT,R-HSA-2995383,15,12.293105413105414,1.2201961584099674,16,6742,0.0856931702046792,0.2587861413964062,
Seer Proteograph XT,R-HSA-425397,20,16.90301994301994,1.183220517246029,22,6742,0.0865976971209764,0.2587861413964062,
Seer Proteograph XT,R-HSA-2024101,15,12.293105413105414,1.2201961584099674,16,6742,0.0856931702046792,0.2587861413964062,
Seer Proteograph XT,R-HSA-9034015,15,12.293105413105414,1.2201961584099674,16,6742,0.0856931702046792,0.2587861413964062,Signaling by NTRK3 (TRKC)
Seer Proteograph XT,R-HSA-180024,20,16.90301994301994,1.183220517246029,22,6742,0.0865976971209764,0.2587861413964062,
Seer Proteograph XT,R-HSA-264876,20,16.90301994301994,1.183220517246029,22,6742,0.0865976971209764,0.2587861413964062,Insulin processing
Seer Proteograph XT,R-HSA-6785470,15,12.293105413105414,1.2201961584099674,16,6742,0.0856931702046792,0.2587861413964062,
Seer Proteograph XT,R-HSA-9836573,20,16.90301994301994,1.183220517246029,22,6742,0.0865976971209764,0.2587861413964062,
Seer Proteograph XT,R-HSA-8941858,38,33.80603988603988,1.1240594913837276,44,6742,0.08778497693356276,0.2611196651843244,Regulation of RUNX3 expression and activity
Seer Proteograph XT,R-HSA-9692916,38,33.80603988603988,1.1240594913837276,44,6742,0.08778497693356276,0.2611196651843244,
Seer Proteograph XT,R-HSA-936440,29,25.354529914529916,1.143779833337828,33,6742,0.0909465218999552,0.26989903150448596,
Seer Proteograph XT,R-HSA-983168,191,182.09162393162393,1.0489224922927878,237,6742,0.09290063208301252,0.274665487782207,Antigen processing: Ubiquitination & Proteasome degradation
Seer Proteograph XT,R-HSA-5620920,46,41.48923076923077,1.1087214476416494,54,6742,0.09298014566946308,0.274665487782207,
Seer Proteograph XT,R-HSA-9856530,50,45.33082621082621,1.103002177093756,59,6742,0.09444639808277908,0.2783569301292915,High laminar flow shear stress activates signaling by PIEZO1 and PECAM1:CDH5:KDR in endothelial cells
Seer Proteograph XT,R-HSA-75815,33,29.196125356125357,1.1302869677902856,38,6742,0.09654270151332967,0.2832360078644489,Ubiquitin-dependent degradation of Cyclin D
Seer Proteograph XT,R-HSA-70268,33,29.196125356125357,1.1302869677902856,38,6742,0.09654270151332967,0.2832360078644489,
Seer Proteograph XT,R-HSA-5250924,24,20.744615384615386,1.1569267279738948,27,6742,0.09812518047142045,0.28592031044393484,
Seer Proteograph XT,R-HSA-5674400,24,20.744615384615386,1.1569267279738948,27,6742,0.09812518047142045,0.28592031044393484,
Seer Proteograph XT,R-HSA-162588,24,20.744615384615386,1.1569267279738948,27,6742,0.09812518047142045,0.28592031044393484,
Seer Proteograph XT,R-HSA-166016,112,105.2597150997151,1.0640348009102976,137,6742,0.09913979234949062,0.2882231519662793,Toll Like Receptor 4 (TLR4) Cascade
Seer Proteograph XT,R-HSA-4641258,37,33.037720797720795,1.119931977951474,43,6742,0.10048418469592325,0.29016219625676715,Degradation of DVL
Seer Proteograph XT,R-HSA-9929491,37,33.037720797720795,1.119931977951474,43,6742,0.10048418469592325,0.29016219625676715,SPOP-mediated proteasomal degradation of PD-L1(CD274)
Seer Proteograph XT,R-HSA-9943411,37,33.037720797720795,1.119931977951474,43,6742,0.10048418469592325,0.29016219625676715,
Seer Proteograph XT,R-HSA-9969896,14,11.524786324786325,1.2147730643725898,15,6742,0.10579879560043041,0.2977268961372399,
Seer Proteograph XT,R-HSA-75876,14,11.524786324786325,1.2147730643725898,15,6742,0.10579879560043041,0.2977268961372399,
Seer Proteograph XT,R-HSA-5696394,28,24.586210826210827,1.138849747849303,32,6742,0.10591164517419581,0.2977268961372399,
Seer Proteograph XT,R-HSA-8939243,28,24.586210826210827,1.138849747849303,32,6742,0.10591164517419581,0.2977268961372399,RUNX1 interacts with co-factors whose precise effect on RUNX1 targets is not known
Seer Proteograph XT,R-HSA-179419,49,44.56250712250712,1.0995790668889822,58,6742,0.10611588982945983,0.2977268961372399,APC:Cdc20 mediated degradation of cell cycle proteins prior to satisfation of the cell cycle checkpoint
Seer Proteograph XT,R-HSA-390471,28,24.586210826210827,1.138849747849303,32,6742,0.10591164517419581,0.2977268961372399,Association of TriC/CCT with target proteins during biosynthesis
Seer Proteograph XT,R-HSA-844456,14,11.524786324786325,1.2147730643725898,15,6742,0.10579879560043041,0.2977268961372399,The NLRP3 inflammasome
Seer Proteograph XT,R-HSA-210991,19,16.134700854700856,1.1775861338305715,21,6742,0.10405417209238309,0.2977268961372399,
Seer Proteograph XT,R-HSA-9665348,14,11.524786324786325,1.2147730643725898,15,6742,0.10579879560043041,0.2977268961372399,Signaling by ERBB2 ECD mutants
Seer Proteograph XT,R-HSA-1834941,14,11.524786324786325,1.2147730643725898,15,6742,0.10579879560043041,0.2977268961372399,
Seer Proteograph XT,R-HSA-167242,19,16.134700854700856,1.1775861338305715,21,6742,0.10405417209238309,0.2977268961372399,
Seer Proteograph XT,R-HSA-69183,14,11.524786324786325,1.2147730643725898,15,6742,0.10579879560043041,0.2977268961372399,
Seer Proteograph XT,R-HSA-418592,19,16.134700854700856,1.1775861338305715,21,6742,0.10405417209238309,0.2977268961372399,
Seer Proteograph XT,R-HSA-73933,32,28.427806267806268,1.1256584380286545,37,6742,0.11118780626209915,0.31127740968801176,
Seer Proteograph XT,R-HSA-168164,80,74.52695156695157,1.0734371702850571,97,6742,0.11219080303651888,0.31340256935201466,Toll Like Receptor 3 (TLR3) Cascade
Seer Proteograph XT,R-HSA-9615017,23,19.976296296296297,1.1513645802432513,26,6742,0.11557468252339484,0.3214577208713471,"FOXO-mediated transcription of oxidative stress, metabolic and neuronal genes"
Seer Proteograph XT,R-HSA-9660826,23,19.976296296296297,1.1513645802432513,26,6742,0.11557468252339484,0.3214577208713471,Purinergic signaling in leishmaniasis infection
Seer Proteograph XT,R-HSA-877300,68,63.00216524216524,1.0793279840244265,82,6742,0.11619729573539357,0.32249141472998,
Seer Proteograph XT,R-HSA-9918432,40,36.11099715099715,1.1076958033792612,47,6742,0.11697786124728693,0.32395808556630107,
Seer Proteograph XT,R-HSA-6802952,48,43.79418803418803,1.0960358475542165,57,6742,0.11895400790286305,0.32591876365709815,Signaling by BRAF and RAF1 fusions
Seer Proteograph XT,R-HSA-4086400,60,55.31897435897436,1.0846188074755265,72,6742,0.11813728593041077,0.32591876365709815,PCP/CE pathway
Seer Proteograph XT,R-HSA-166058,87,81.44182336182337,1.0682472028343866,106,6742,0.11886640660793699,0.32591876365709815,MyD88:MAL(TIRAP) cascade initiated on plasma membrane
Seer Proteograph XT,R-HSA-168188,87,81.44182336182337,1.0682472028343866,106,6742,0.11886640660793699,0.32591876365709815,Toll Like Receptor TLR6:TLR2 Cascade
Seer Proteograph XT,R-HSA-9694635,44,39.952592592592595,1.1013052506674577,52,6742,0.11831461656238708,0.32591876365709815,
Seer Proteograph XT,R-HSA-9029569,27,23.81789173789174,1.13360159232926,31,6742,0.12296079836680186,0.3354662970304467,NR1H3 & NR1H2 regulate gene expression linked to cholesterol transport and efflux
Seer Proteograph XT,R-HSA-381042,27,23.81789173789174,1.13360159232926,31,6742,0.12296079836680186,0.3354662970304467,PERK regulates gene expression
Seer Proteograph XT,R-HSA-428930,18,15.366381766381766,1.1713883120735686,20,6742,0.12461637752632405,0.3364118594985849,
Seer Proteograph XT,R-HSA-9603798,18,15.366381766381766,1.1713883120735686,20,6742,0.12461637752632405,0.3364118594985849,
Seer Proteograph XT,R-HSA-389513,18,15.366381766381766,1.1713883120735686,20,6742,0.12461637752632405,0.3364118594985849,Co-inhibition by CTLA4
Seer Proteograph XT,R-HSA-9687136,18,15.366381766381766,1.1713883120735686,20,6742,0.12461637752632405,0.3364118594985849,
Seer Proteograph XT,R-HSA-5651801,18,15.366381766381766,1.1713883120735686,20,6742,0.12461637752632405,0.3364118594985849,
Seer Proteograph XT,R-HSA-168179,90,84.51509971509971,1.0648984655214262,110,6742,0.12702124824333103,0.3421851236743823,Toll Like Receptor TLR1:TLR2 Cascade
Seer Proteograph XT,R-HSA-8853659,31,27.65948717948718,1.1207727677247108,36,6742,0.12767951052106855,0.343238851505383,
Seer Proteograph XT,R-HSA-418885,13,10.756467236467236,1.208575242615587,14,6742,0.13022792225159133,0.3436198769882851,DCC mediated attractive signaling
Seer Proteograph XT,R-HSA-198323,13,10.756467236467236,1.208575242615587,14,6742,0.13022792225159133,0.3436198769882851,
Seer Proteograph XT,R-HSA-418346,63,58.392250712250714,1.0789102874361816,76,6742,0.1293173365271112,0.3436198769882851,
Seer Proteograph XT,R-HSA-8849471,13,10.756467236467236,1.208575242615587,14,6742,0.13022792225159133,0.3436198769882851,"PTK6 Regulates RHO GTPases, RAS GTPase and MAP kinases"
Seer Proteograph XT,R-HSA-918233,13,10.756467236467236,1.208575242615587,14,6742,0.13022792225159133,0.3436198769882851,
Seer Proteograph XT,R-HSA-430039,13,10.756467236467236,1.208575242615587,14,6742,0.13022792225159133,0.3436198769882851,
Seer Proteograph XT,R-HSA-71336,13,10.756467236467236,1.208575242615587,14,6742,0.13022792225159133,0.3436198769882851,Pentose phosphate pathway
Seer Proteograph XT,R-HSA-69166,13,10.756467236467236,1.208575242615587,14,6742,0.13022792225159133,0.3436198769882851,
Seer Proteograph XT,R-HSA-69091,13,10.756467236467236,1.208575242615587,14,6742,0.13022792225159133,0.3436198769882851,
Seer Proteograph XT,R-HSA-2142753,43,39.184273504273506,1.0973790287399445,51,6742,0.1329715717901889,0.3501403068655589,
Seer Proteograph XT,R-HSA-9764260,22,19.20797720797721,1.1453574606941561,25,6742,0.1356714713822127,0.35651910168945466,
Seer Proteograph XT,R-HSA-8980692,104,98.34484330484331,1.0575033372886384,128,6742,0.1373792244450905,0.3602700069631455,
Seer Proteograph XT,R-HSA-1660661,26,23.04957264957265,1.1280035597745477,30,6742,0.14229402512877615,0.37088807766831106,
Seer Proteograph XT,R-HSA-3214815,26,23.04957264957265,1.1280035597745477,30,6742,0.14229402512877615,0.37088807766831106,
Seer Proteograph XT,R-HSA-9930044,26,23.04957264957265,1.1280035597745477,30,6742,0.14229402512877615,0.37088807766831106,
Seer Proteograph XT,R-HSA-168138,81,76.06358974358974,1.064898465521426,99,6742,0.1431021527822405,0.37223940551655677,Toll Like Receptor 9 (TLR9) Cascade
Seer Proteograph XT,R-HSA-2426168,30,26.89116809116809,1.1156079162605417,35,6742,0.14616940883376356,0.37944987949774983,
Seer Proteograph XT,R-HSA-9854311,17,14.598062678062679,1.1645380880263547,19,6742,0.14870855562546717,0.3801095401407647,
Seer Proteograph XT,R-HSA-437239,38,34.57435897435897,1.0990803915752003,45,6742,0.1490857651602688,0.3801095401407647,
Seer Proteograph XT,R-HSA-174178,50,46.0991452991453,1.0846188074755265,60,6742,0.1473161845372479,0.3801095401407647,APC/C:Cdh1 mediated degradation of Cdc20 and other APC/C:Cdh1 targeted proteins in late mitosis/early G1
Seer Proteograph XT,R-HSA-8949215,17,14.598062678062679,1.1645380880263547,19,6742,0.14870855562546717,0.3801095401407647,
Seer Proteograph XT,R-HSA-445989,34,30.73276353276353,1.1063111836250372,40,6742,0.1482429679332547,0.3801095401407647,TAK1-dependent IKK and NF-kappa-B activation  
Seer Proteograph XT,R-HSA-176407,17,14.598062678062679,1.1645380880263547,19,6742,0.14870855562546717,0.3801095401407647,
Seer Proteograph XT,R-HSA-9925563,38,34.57435897435897,1.0990803915752003,45,6742,0.1490857651602688,0.3801095401407647,Developmental Lineage of Pancreatic Ductal Cells
Seer Proteograph XT,R-HSA-2022870,17,14.598062678062679,1.1645380880263547,19,6742,0.14870855562546717,0.3801095401407647,
Seer Proteograph XT,R-HSA-9937008,17,14.598062678062679,1.1645380880263547,19,6742,0.14870855562546717,0.3801095401407647,
Seer Proteograph XT,R-HSA-3000171,61,56.855612535612536,1.0728931987460615,74,6742,0.15633210563320152,0.39779555591814647,Non-integrin membrane-ECM interactions
Seer Proteograph XT,R-HSA-114508,21,18.43965811965812,1.138849747849303,24,6742,0.1586956157376504,0.39861901483926065,
Seer Proteograph XT,R-HSA-9833482,57,53.01401709401709,1.0751873395844351,69,6742,0.1588082613454128,0.39861901483926065,PKR-mediated signaling
Seer Proteograph XT,R-HSA-203615,12,9.988148148148149,1.2014239098190447,13,6742,0.15975781528577374,0.39861901483926065,
Seer Proteograph XT,R-HSA-9856532,12,9.988148148148149,1.2014239098190447,13,6742,0.15975781528577374,0.39861901483926065,
Seer Proteograph XT,R-HSA-162594,12,9.988148148148149,1.2014239098190447,13,6742,0.15975781528577374,0.39861901483926065,Early Phase of HIV Life Cycle
Seer Proteograph XT,R-HSA-427389,12,9.988148148148149,1.2014239098190447,13,6742,0.15975781528577374,0.39861901483926065,
Seer Proteograph XT,R-HSA-1483213,12,9.988148148148149,1.2014239098190447,13,6742,0.15975781528577374,0.39861901483926065,
Seer Proteograph XT,R-HSA-399954,12,9.988148148148149,1.2014239098190447,13,6742,0.15975781528577374,0.39861901483926065,Sema3A PAK dependent Axon repulsion
Seer Proteograph XT,R-HSA-350054,21,18.43965811965812,1.138849747849303,24,6742,0.1586956157376504,0.39861901483926065,
Seer Proteograph XT,R-HSA-202670,12,9.988148148148149,1.2014239098190447,13,6742,0.15975781528577374,0.39861901483926065,
Seer Proteograph XT,R-HSA-192105,25,22.28125356125356,1.1220194560091654,29,6742,0.16410830615140562,0.4055368719318389,
Seer Proteograph XT,R-HSA-5626467,25,22.28125356125356,1.1220194560091654,29,6742,0.16410830615140562,0.4055368719318389,
Seer Proteograph XT,R-HSA-176409,49,45.33082621082621,1.0809421335518807,59,6742,0.1632963993881952,0.4055368719318389,APC/C:Cdc20 mediated degradation of mitotic proteins
Seer Proteograph XT,R-HSA-8852276,49,45.33082621082621,1.0809421335518807,59,6742,0.1632963993881952,0.4055368719318389,The role of GTSE1 in G2/M progression after G2 checkpoint
Seer Proteograph XT,R-HSA-9013424,25,22.28125356125356,1.1220194560091654,29,6742,0.16410830615140562,0.4055368719318389,
Seer Proteograph XT,R-HSA-8939236,41,37.64763532763533,1.089045823016243,49,6742,0.16666156690493392,0.4098323612540862,RUNX1 regulates transcription of genes involved in differentiation of HSCs
Seer Proteograph XT,R-HSA-1234176,41,37.64763532763533,1.089045823016243,49,6742,0.16666156690493392,0.4098323612540862,Oxygen-dependent proline hydroxylation of Hypoxia-inducible Factor Alpha
Seer Proteograph XT,R-HSA-9754678,29,26.122849002849,1.1101392500043625,34,6742,0.16680336570886153,0.4098323612540862,
Seer Proteograph XT,R-HSA-9725554,33,29.964444444444446,1.1013052506674577,39,6742,0.16777632115472496,0.4108195943731005,
Seer Proteograph XT,R-HSA-6805567,64,59.92888888888889,1.0679323642835954,78,6742,0.16816428532315242,0.4108195943731005,
Seer Proteograph XT,R-HSA-6809371,64,59.92888888888889,1.0679323642835954,78,6742,0.16816428532315242,0.4108195943731005,
Seer Proteograph XT,R-HSA-9009391,56,52.245698005698,1.0718585862111087,68,6742,0.17452626263566173,0.424580002612832,Extra-nuclear estrogen signaling
Seer Proteograph XT,R-HSA-2028269,16,13.82974358974359,1.156926727973895,18,6742,0.176770662566432,0.424580002612832,
Seer Proteograph XT,R-HSA-8963889,16,13.82974358974359,1.156926727973895,18,6742,0.176770662566432,0.424580002612832,
Seer Proteograph XT,R-HSA-5620916,16,13.82974358974359,1.156926727973895,18,6742,0.176770662566432,0.424580002612832,
Seer Proteograph XT,R-HSA-5603041,16,13.82974358974359,1.156926727973895,18,6742,0.176770662566432,0.424580002612832,
Seer Proteograph XT,R-HSA-391160,16,13.82974358974359,1.156926727973895,18,6742,0.176770662566432,0.424580002612832,
Seer Proteograph XT,R-HSA-416700,16,13.82974358974359,1.156926727973895,18,6742,0.176770662566432,0.424580002612832,
Seer Proteograph XT,R-HSA-392170,16,13.82974358974359,1.156926727973895,18,6742,0.176770662566432,0.424580002612832,
Seer Proteograph XT,R-HSA-3214842,16,13.82974358974359,1.156926727973895,18,6742,0.176770662566432,0.424580002612832,
Seer Proteograph XT,R-HSA-1442490,52,48.404102564102566,1.074289104547188,63,6742,0.17761310081295062,0.4250145894686062,Collagen degradation
Seer Proteograph XT,R-HSA-6781827,52,48.404102564102566,1.074289104547188,63,6742,0.17761310081295062,0.4250145894686062,
Seer Proteograph XT,R-HSA-450294,48,44.56250712250712,1.0771386777687988,58,6742,0.1805769746551987,0.43130374057979615,
Seer Proteograph XT,R-HSA-168181,78,73.75863247863248,1.0575033372886384,96,6742,0.1823122599466377,0.4346405455128561,Toll Like Receptor 7/8 (TLR7/8) Cascade
Seer Proteograph XT,R-HSA-69601,40,36.87931623931624,1.0846188074755265,48,6742,0.18583441187048602,0.4422170726918047,Ubiquitin-Mediated Degradation of Phosphorylated Cdc25A
Seer Proteograph XT,R-HSA-445355,32,29.196125356125357,1.0960358475542162,38,6742,0.18929503158886926,0.4464935734986755,Smooth Muscle Contraction
Seer Proteograph XT,R-HSA-5173214,28,25.354529914529916,1.1043391494296269,33,6742,0.18971633550994305,0.4464935734986755,O-glycosylation of TSR domain-containing proteins
Seer Proteograph XT,R-HSA-9634597,32,29.196125356125357,1.0960358475542162,38,6742,0.18929503158886926,0.4464935734986755,
Seer Proteograph XT,R-HSA-532668,24,21.51293447293447,1.1156079162605417,28,6742,0.18859061587822276,0.4464935734986755,
Seer Proteograph XT,R-HSA-9615710,28,25.354529914529916,1.1043391494296269,33,6742,0.18971633550994305,0.4464935734986755,
Seer Proteograph XT,R-HSA-9694548,28,25.354529914529916,1.1043391494296269,33,6742,0.18971633550994305,0.4464935734986755,
Seer Proteograph XT,R-HSA-71064,11,9.21982905982906,1.1930806882230791,12,6742,0.1952410681249459,0.4491069746504837,
Seer Proteograph XT,R-HSA-2022857,11,9.21982905982906,1.1930806882230791,12,6742,0.1952410681249459,0.4491069746504837,Keratan sulfate degradation
Seer Proteograph XT,R-HSA-190873,11,9.21982905982906,1.1930806882230791,12,6742,0.1952410681249459,0.4491069746504837,
Seer Proteograph XT,R-HSA-111885,66,62.23384615384615,1.0605161673094037,81,6742,0.1953702714627396,0.4491069746504837,
Seer Proteograph XT,R-HSA-5610787,66,62.23384615384615,1.0605161673094037,81,6742,0.1953702714627396,0.4491069746504837,Hedgehog 'off' state
Seer Proteograph XT,R-HSA-3656237,11,9.21982905982906,1.1930806882230791,12,6742,0.1952410681249459,0.4491069746504837,Defective EXT2 causes exostoses 2
Seer Proteograph XT,R-HSA-3656253,11,9.21982905982906,1.1930806882230791,12,6742,0.1952410681249459,0.4491069746504837,"Defective EXT1 causes exostoses 1, TRPS2 and CHDS"
Seer Proteograph XT,R-HSA-9614399,11,9.21982905982906,1.1930806882230791,12,6742,0.1952410681249459,0.4491069746504837,
Seer Proteograph XT,R-HSA-9700645,11,9.21982905982906,1.1930806882230791,12,6742,0.1952410681249459,0.4491069746504837,
Seer Proteograph XT,R-HSA-9926550,11,9.21982905982906,1.1930806882230791,12,6742,0.1952410681249459,0.4491069746504837,
Seer Proteograph XT,R-HSA-9828806,11,9.21982905982906,1.1930806882230791,12,6742,0.1952410681249459,0.4491069746504837,
Seer Proteograph XT,R-HSA-3270619,11,9.21982905982906,1.1930806882230791,12,6742,0.1952410681249459,0.4491069746504837,
Seer Proteograph XT,R-HSA-162710,11,9.21982905982906,1.1930806882230791,12,6742,0.1952410681249459,0.4491069746504837,
Seer Proteograph XT,R-HSA-446219,47,43.79418803418803,1.0732017673968368,57,6742,0.19919732741695734,0.4570867245192682,
Seer Proteograph XT,R-HSA-9663891,62,58.392250712250714,1.061784727318147,76,6742,0.1999422456632132,0.4579782275886434,
Seer Proteograph XT,R-HSA-977225,43,39.952592592592595,1.076275585879561,52,6742,0.20299924676746495,0.46415308202169475,Amyloid fiber formation
Seer Proteograph XT,R-HSA-174414,15,13.0614245014245,1.1484199137976163,17,6742,0.2092421120132091,0.47088636416282614,
Seer Proteograph XT,R-HSA-9694614,15,13.0614245014245,1.1484199137976163,17,6742,0.2092421120132091,0.47088636416282614,Attachment and Entry
Seer Proteograph XT,R-HSA-389948,109,104.491396011396,1.0431480883661683,136,6742,0.2074635705289974,0.47088636416282614,Co-inhibition by PD-1
Seer Proteograph XT,R-HSA-450604,15,13.0614245014245,1.1484199137976163,17,6742,0.2092421120132091,0.47088636416282614,
Seer Proteograph XT,R-HSA-176412,15,13.0614245014245,1.1484199137976163,17,6742,0.2092421120132091,0.47088636416282614,
Seer Proteograph XT,R-HSA-210993,15,13.0614245014245,1.1484199137976163,17,6742,0.2092421120132091,0.47088636416282614,Tie2 Signaling
Seer Proteograph XT,R-HSA-5602498,15,13.0614245014245,1.1484199137976163,17,6742,0.2092421120132091,0.47088636416282614,
Seer Proteograph XT,R-HSA-9703465,15,13.0614245014245,1.1484199137976163,17,6742,0.2092421120132091,0.47088636416282614,Signaling by FLT3 fusion proteins
Seer Proteograph XT,R-HSA-500657,15,13.0614245014245,1.1484199137976163,17,6742,0.2092421120132091,0.47088636416282614,
Seer Proteograph XT,R-HSA-1483206,87,82.97846153846154,1.0484648472263423,108,6742,0.21154457439829422,0.47523562605211206,
Seer Proteograph XT,R-HSA-5693571,27,24.586210826210827,1.0981765425689707,32,6742,0.21502622560687487,0.47970260400144826,
Seer Proteograph XT,R-HSA-1483166,27,24.586210826210827,1.0981765425689707,32,6742,0.21502622560687487,0.47970260400144826,
Seer Proteograph XT,R-HSA-5083635,27,24.586210826210827,1.0981765425689707,32,6742,0.21502622560687487,0.47970260400144826,Defective B3GALTL causes PpS
Seer Proteograph XT,R-HSA-202427,19,16.90301994301994,1.1240594913837276,22,6742,0.2146118469112924,0.47970260400144826,Phosphorylation of CD3 and TCR zeta chains
Seer Proteograph XT,R-HSA-1234174,46,43.02586894586894,1.0691242530830192,56,6742,0.21918730588726595,0.4881381075652283,Cellular response to hypoxia
Seer Proteograph XT,R-HSA-112040,42,39.184273504273506,1.0718585862111085,51,6742,0.22415387574567472,0.4983351735868374,
Seer Proteograph XT,R-HSA-975138,75,71.45367521367521,1.0496311040085742,93,6742,0.2287326687873093,0.506761171364987,TRAF6 mediated induction of NFkB and MAP kinases upon TLR7/8 or 9 activation
Seer Proteograph XT,R-HSA-975155,75,71.45367521367521,1.0496311040085742,93,6742,0.2287326687873093,0.506761171364987,MyD88 dependent cascade initiated on endosome
Seer Proteograph XT,R-HSA-2046106,10,8.45150997150997,1.183220517246029,11,6742,0.23758035797103325,0.5122328187798284,
Seer Proteograph XT,R-HSA-193775,10,8.45150997150997,1.183220517246029,11,6742,0.23758035797103325,0.5122328187798284,
Seer Proteograph XT,R-HSA-196025,10,8.45150997150997,1.183220517246029,11,6742,0.23758035797103325,0.5122328187798284,
Seer Proteograph XT,R-HSA-193692,10,8.45150997150997,1.183220517246029,11,6742,0.23758035797103325,0.5122328187798284,
Seer Proteograph XT,R-HSA-442720,10,8.45150997150997,1.183220517246029,11,6742,0.23758035797103325,0.5122328187798284,
Seer Proteograph XT,R-HSA-8964539,10,8.45150997150997,1.183220517246029,11,6742,0.23758035797103325,0.5122328187798284,
Seer Proteograph XT,R-HSA-8963901,10,8.45150997150997,1.183220517246029,11,6742,0.23758035797103325,0.5122328187798284,Chylomicron remodeling
Seer Proteograph XT,R-HSA-9818030,10,8.45150997150997,1.183220517246029,11,6742,0.23758035797103325,0.5122328187798284,
Seer Proteograph XT,R-HSA-2559584,10,8.45150997150997,1.183220517246029,11,6742,0.23758035797103325,0.5122328187798284,Formation of Senescence-Associated Heterochromatin Foci (SAHF)
Seer Proteograph XT,R-HSA-6807505,49,46.0991452991453,1.062926431326016,60,6742,0.23448099281514206,0.5122328187798284,
Seer Proteograph XT,R-HSA-9634285,10,8.45150997150997,1.183220517246029,11,6742,0.23758035797103325,0.5122328187798284,Constitutive Signaling by Overexpressed ERBB2
Seer Proteograph XT,R-HSA-399997,10,8.45150997150997,1.183220517246029,11,6742,0.23758035797103325,0.5122328187798284,
Seer Proteograph XT,R-HSA-8875555,10,8.45150997150997,1.183220517246029,11,6742,0.23758035797103325,0.5122328187798284,
Seer Proteograph XT,R-HSA-9820865,10,8.45150997150997,1.183220517246029,11,6742,0.23758035797103325,0.5122328187798284,
Seer Proteograph XT,R-HSA-4755510,10,8.45150997150997,1.183220517246029,11,6742,0.23758035797103325,0.5122328187798284,
Seer Proteograph XT,R-HSA-8851805,10,8.45150997150997,1.183220517246029,11,6742,0.23758035797103325,0.5122328187798284,MET activates RAS signaling
Seer Proteograph XT,R-HSA-2172127,30,27.65948717948718,1.0846188074755265,36,6742,0.23861890039723896,0.5136101959974071,DAP12 interactions
Seer Proteograph XT,R-HSA-8943724,45,42.257549857549854,1.0648984655214262,55,6742,0.24056537662523111,0.5169339614772943,Regulation of PTEN gene transcription
Seer Proteograph XT,R-HSA-2142691,14,12.293105413105414,1.138849747849303,16,6742,0.24653817337068884,0.521055185495617,
Seer Proteograph XT,R-HSA-2142845,14,12.293105413105414,1.138849747849303,16,6742,0.24653817337068884,0.521055185495617,
Seer Proteograph XT,R-HSA-2559586,22,19.976296296296297,1.1013052506674577,26,6742,0.24620381010571035,0.521055185495617,DNA Damage/Telomere Stress Induced Senescence
Seer Proteograph XT,R-HSA-422085,14,12.293105413105414,1.138849747849303,16,6742,0.24653817337068884,0.521055185495617,"Synthesis, secretion, and deacylation of Ghrelin"
Seer Proteograph XT,R-HSA-74259,14,12.293105413105414,1.138849747849303,16,6742,0.24653817337068884,0.521055185495617,
Seer Proteograph XT,R-HSA-5689880,110,106.02803418803418,1.0374614680200689,138,6742,0.2428995183698991,0.521055185495617,Ub-specific processing proteases
Seer Proteograph XT,R-HSA-8949664,14,12.293105413105414,1.138849747849303,16,6742,0.24653817337068884,0.521055185495617,
Seer Proteograph XT,R-HSA-5578749,14,12.293105413105414,1.138849747849303,16,6742,0.24653817337068884,0.521055185495617,
Seer Proteograph XT,R-HSA-418217,14,12.293105413105414,1.138849747849303,16,6742,0.24653817337068884,0.521055185495617,
Seer Proteograph XT,R-HSA-392517,14,12.293105413105414,1.138849747849303,16,6742,0.24653817337068884,0.521055185495617,
Seer Proteograph XT,R-HSA-193368,18,16.134700854700856,1.1156079162605415,21,6742,0.2479896101299694,0.5219343256634967,
Seer Proteograph XT,R-HSA-9648002,18,16.134700854700856,1.1156079162605415,21,6742,0.2479896101299694,0.5219343256634967,RAS processing
Seer Proteograph XT,R-HSA-3214847,63,59.92888888888889,1.051245921091664,78,6742,0.24817266379797392,0.5219343256634967,
Seer Proteograph XT,R-HSA-416482,52,49.172421652421654,1.0575033372886384,64,6742,0.2489575578826945,0.5227295128746119,
Seer Proteograph XT,R-HSA-6781823,33,30.73276353276353,1.0737726194007713,40,6742,0.25986212919879925,0.5447354584346771,
Seer Proteograph XT,R-HSA-8878171,119,115.24786324786325,1.0325571047167013,150,6742,0.266162671969991,0.5560006365167338,Transcriptional regulation by RUNX1
Seer Proteograph XT,R-HSA-8853884,29,26.89116809116809,1.0784209857185236,35,6742,0.26653415727183505,0.5560006365167338,Transcriptional Regulation by VENTX
Seer Proteograph XT,R-HSA-3371571,29,26.89116809116809,1.0784209857185236,35,6742,0.26653415727183505,0.5560006365167338,
Seer Proteograph XT,R-HSA-177929,40,37.64763532763533,1.0624837297719443,49,6742,0.27104705616182934,0.5601616296336598,Signaling by EGFR
Seer Proteograph XT,R-HSA-9754706,9,7.683190883190883,1.1713883120735686,10,6742,0.28768115542875305,0.5601616296336598,
Seer Proteograph XT,R-HSA-9818564,51,48.404102564102566,1.0536296986905114,63,6742,0.27050697467210616,0.5601616296336598,
Seer Proteograph XT,R-HSA-9841922,51,48.404102564102566,1.0536296986905114,63,6742,0.27050697467210616,0.5601616296336598,
Seer Proteograph XT,R-HSA-9851695,51,48.404102564102566,1.0536296986905114,63,6742,0.27050697467210616,0.5601616296336598,
Seer Proteograph XT,R-HSA-196780,9,7.683190883190883,1.1713883120735686,10,6742,0.28768115542875305,0.5601616296336598,
Seer Proteograph XT,R-HSA-174437,13,11.524786324786325,1.1280035597745477,15,6742,0.2890172454841373,0.5601616296336598,
Seer Proteograph XT,R-HSA-390450,9,7.683190883190883,1.1713883120735686,10,6742,0.28768115542875305,0.5601616296336598,
Seer Proteograph XT,R-HSA-3214858,21,19.20797720797721,1.0932957579353308,25,6742,0.27957237360369847,0.5601616296336598,
Seer Proteograph XT,R-HSA-438064,58,55.31897435897436,1.0484648472263423,72,6742,0.27573587568574287,0.5601616296336598,Post NMDA receptor activation events
Seer Proteograph XT,R-HSA-442755,65,62.23384615384615,1.0444477405319885,81,6742,0.2795959823343814,0.5601616296336598,Activation of NMDA receptors and postsynaptic events
Seer Proteograph XT,R-HSA-212300,9,7.683190883190883,1.1713883120735686,10,6742,0.28768115542875305,0.5601616296336598,
Seer Proteograph XT,R-HSA-168142,72,69.14871794871794,1.0412340551765056,90,6742,0.28245462102019786,0.5601616296336598,Toll Like Receptor 10 (TLR10) Cascade
Seer Proteograph XT,R-HSA-168176,72,69.14871794871794,1.0412340551765056,90,6742,0.28245462102019786,0.5601616296336598,Toll Like Receptor 5 (TLR5) Cascade
Seer Proteograph XT,R-HSA-975871,72,69.14871794871794,1.0412340551765056,90,6742,0.28245462102019786,0.5601616296336598,MyD88 cascade initiated on plasma membrane
Seer Proteograph XT,R-HSA-426486,9,7.683190883190883,1.1713883120735686,10,6742,0.28768115542875305,0.5601616296336598,
Seer Proteograph XT,R-HSA-5099900,13,11.524786324786325,1.1280035597745477,15,6742,0.2890172454841373,0.5601616296336598,
Seer Proteograph XT,R-HSA-1237044,9,7.683190883190883,1.1713883120735686,10,6742,0.28768115542875305,0.5601616296336598,Erythrocytes take up carbon dioxide and release oxygen
Seer Proteograph XT,R-HSA-6782210,43,40.720911680911684,1.0559684993535314,53,6742,0.2874916546088994,0.5601616296336598,
Seer Proteograph XT,R-HSA-1660514,13,11.524786324786325,1.1280035597745477,15,6742,0.2890172454841373,0.5601616296336598,
Seer Proteograph XT,R-HSA-8875656,9,7.683190883190883,1.1713883120735686,10,6742,0.28768115542875305,0.5601616296336598,
Seer Proteograph XT,R-HSA-416572,17,15.366381766381766,1.1063111836250372,20,6742,0.28523089818727815,0.5601616296336598,
Seer Proteograph XT,R-HSA-8964616,13,11.524786324786325,1.1280035597745477,15,6742,0.2890172454841373,0.5601616296336598,
Seer Proteograph XT,R-HSA-1462054,9,7.683190883190883,1.1713883120735686,10,6742,0.28768115542875305,0.5601616296336598,Alpha-defensins
Seer Proteograph XT,R-HSA-380994,21,19.20797720797721,1.0932957579353308,25,6742,0.27957237360369847,0.5601616296336598,ATF4 activates genes in response to endoplasmic reticulum  stress
Seer Proteograph XT,R-HSA-5205647,25,23.04957264957265,1.0846188074755265,30,6742,0.2731797112645534,0.5601616296336598,
Seer Proteograph XT,R-HSA-2022923,9,7.683190883190883,1.1713883120735686,10,6742,0.28768115542875305,0.5601616296336598,
Seer Proteograph XT,R-HSA-8866654,32,29.964444444444446,1.0679323642835954,39,6742,0.28766627928781485,0.5601616296336598,
Seer Proteograph XT,R-HSA-912631,17,15.366381766381766,1.1063111836250372,20,6742,0.28523089818727815,0.5601616296336598,Regulation of signaling by CBL
Seer Proteograph XT,R-HSA-111932,9,7.683190883190883,1.1713883120735686,10,6742,0.28768115542875305,0.5601616296336598,
Seer Proteograph XT,R-HSA-73863,17,15.366381766381766,1.1063111836250372,20,6742,0.28523089818727815,0.5601616296336598,
Seer Proteograph XT,R-HSA-113418,21,19.20797720797721,1.0932957579353308,25,6742,0.27957237360369847,0.5601616296336598,
Seer Proteograph XT,R-HSA-167158,21,19.20797720797721,1.0932957579353308,25,6742,0.27957237360369847,0.5601616296336598,
Seer Proteograph XT,R-HSA-176974,9,7.683190883190883,1.1713883120735686,10,6742,0.28768115542875305,0.5601616296336598,
Seer Proteograph XT,R-HSA-202430,17,15.366381766381766,1.1063111836250372,20,6742,0.28523089818727815,0.5601616296336598,Translocation of ZAP-70 to Immunological synapse
Seer Proteograph XT,R-HSA-9701898,9,7.683190883190883,1.1713883120735686,10,6742,0.28768115542875305,0.5601616296336598,
Seer Proteograph XT,R-HSA-2160916,13,11.524786324786325,1.1280035597745477,15,6742,0.2890172454841373,0.5601616296336598,
Seer Proteograph XT,R-HSA-8866652,25,23.04957264957265,1.0846188074755265,30,6742,0.2731797112645534,0.5601616296336598,
Seer Proteograph XT,R-HSA-3000157,21,19.20797720797721,1.0932957579353308,25,6742,0.27957237360369847,0.5601616296336598,
Seer Proteograph XT,R-HSA-381771,13,11.524786324786325,1.1280035597745477,15,6742,0.2890172454841373,0.5601616296336598,"Synthesis, secretion, and inactivation of Glucagon-like Peptide-1 (GLP-1)"
Seer Proteograph XT,R-HSA-9857492,9,7.683190883190883,1.1713883120735686,10,6742,0.28768115542875305,0.5601616296336598,
Seer Proteograph XT,R-HSA-9837092,13,11.524786324786325,1.1280035597745477,15,6742,0.2890172454841373,0.5601616296336598,
Seer Proteograph XT,R-HSA-189200,9,7.683190883190883,1.1713883120735686,10,6742,0.28768115542875305,0.5601616296336598,
Seer Proteograph XT,R-HSA-5655291,9,7.683190883190883,1.1713883120735686,10,6742,0.28768115542875305,0.5601616296336598,Signaling by FGFR4 in disease
Seer Proteograph XT,R-HSA-392851,13,11.524786324786325,1.1280035597745477,15,6742,0.2890172454841373,0.5601616296336598,
Seer Proteograph XT,R-HSA-9927354,9,7.683190883190883,1.1713883120735686,10,6742,0.28768115542875305,0.5601616296336598,
Seer Proteograph XT,R-HSA-1855183,13,11.524786324786325,1.1280035597745477,15,6742,0.2890172454841373,0.5601616296336598,
Seer Proteograph XT,R-HSA-5632684,50,47.63578347578348,1.049631104008574,62,6742,0.2932174948680686,0.5674465073877532,Hedgehog 'on' state
Seer Proteograph XT,R-HSA-73762,28,26.122849002849,1.0718585862111087,34,6742,0.2966435279149908,0.5732134336402454,
Seer Proteograph XT,R-HSA-8856825,71,68.38039886039886,1.0383092404147738,89,6742,0.3019385558143942,0.5825691354677125,Cargo recognition for clathrin-mediated endocytosis
Seer Proteograph XT,R-HSA-373760,78,75.29527065527066,1.0359216365276458,98,6742,0.303221250282888,0.5841668764820256,L1CAM interactions
Seer Proteograph XT,R-HSA-9753281,24,22.28125356125356,1.0771386777687988,29,6742,0.30610570256694464,0.5870833250724237,
Seer Proteograph XT,R-HSA-9861718,24,22.28125356125356,1.0771386777687988,29,6742,0.30610570256694464,0.5870833250724237,
Seer Proteograph XT,R-HSA-425410,24,22.28125356125356,1.0771386777687988,29,6742,0.30610570256694464,0.5870833250724237,
Seer Proteograph XT,R-HSA-1433557,35,33.037720797720795,1.0593951142784215,43,6742,0.3066983327725154,0.5873433049369333,Signaling by SCF-KIT
Seer Proteograph XT,R-HSA-198933,154,150.5905413105413,1.0226405899054964,196,6742,0.31316089390835766,0.5988270069527375,Immunoregulatory interactions between a Lymphoid and a non-Lymphoid cell
Seer Proteograph XT,R-HSA-203927,20,18.43965811965812,1.0846188074755265,24,6742,0.31605838099885025,0.5999040171100777,
Seer Proteograph XT,R-HSA-9955298,20,18.43965811965812,1.0846188074755265,24,6742,0.31605838099885025,0.5999040171100777,
Seer Proteograph XT,R-HSA-4641262,20,18.43965811965812,1.0846188074755265,24,6742,0.31605838099885025,0.5999040171100777,
Seer Proteograph XT,R-HSA-451326,20,18.43965811965812,1.0846188074755265,24,6742,0.31605838099885025,0.5999040171100777,
Seer Proteograph XT,R-HSA-9619483,20,18.43965811965812,1.0846188074755265,24,6742,0.31605838099885025,0.5999040171100777,
Seer Proteograph XT,R-HSA-9696264,31,29.196125356125357,1.061784727318147,38,6742,0.3173638128652345,0.6014933621413368,
Seer Proteograph XT,R-HSA-9909648,91,88.35669515669515,1.0299162937071957,115,6742,0.322253321480061,0.6098608514018827,Regulation of PD-L1(CD274) expression
Seer Proteograph XT,R-HSA-112043,38,36.11099715099715,1.0523110132102982,47,6742,0.32399184153721555,0.6122492887872382,
Seer Proteograph XT,R-HSA-9670095,16,14.598062678062679,1.0960358475542162,19,6742,0.326435232918244,0.6123639040875088,
Seer Proteograph XT,R-HSA-5625900,16,14.598062678062679,1.0960358475542162,19,6742,0.326435232918244,0.6123639040875088,
Seer Proteograph XT,R-HSA-1566977,16,14.598062678062679,1.0960358475542162,19,6742,0.326435232918244,0.6123639040875088,
Seer Proteograph XT,R-HSA-73980,16,14.598062678062679,1.0960358475542162,19,6742,0.326435232918244,0.6123639040875088,
Seer Proteograph XT,R-HSA-450321,16,14.598062678062679,1.0960358475542162,19,6742,0.326435232918244,0.6123639040875088,
Seer Proteograph XT,R-HSA-168638,27,25.354529914529916,1.064898465521426,33,6742,0.3289207310430672,0.6143359584161938,NOD1/2 Signaling Pathway
Seer Proteograph XT,R-HSA-75893,45,43.02586894586894,1.045882421494258,56,6742,0.32802112055327026,0.6143359584161938,TNF signaling
Seer Proteograph XT,R-HSA-5625740,27,25.354529914529916,1.064898465521426,33,6742,0.3289207310430672,0.6143359584161938,
Seer Proteograph XT,R-HSA-9018519,66,63.77048433048433,1.0349615608682132,83,6742,0.33245052866439323,0.6200274736338829,Estrogen-dependent gene expression
Seer Proteograph XT,R-HSA-2564830,12,10.756467236467236,1.1156079162605417,14,6742,0.3369371734908685,0.6211825938820172,
Seer Proteograph XT,R-HSA-1502540,12,10.756467236467236,1.1156079162605417,14,6742,0.3369371734908685,0.6211825938820172,
Seer Proteograph XT,R-HSA-69541,34,32.26940170940171,1.0536296986905114,42,6742,0.33589180156347115,0.6211825938820172,Stabilization of p53
Seer Proteograph XT,R-HSA-9824594,12,10.756467236467236,1.1156079162605417,14,6742,0.3369371734908685,0.6211825938820172,
Seer Proteograph XT,R-HSA-5620922,12,10.756467236467236,1.1156079162605417,14,6742,0.3369371734908685,0.6211825938820172,
Seer Proteograph XT,R-HSA-2173789,34,32.26940170940171,1.0536296986905114,42,6742,0.33589180156347115,0.6211825938820172,TGF-beta receptor signaling activates SMADs
Seer Proteograph XT,R-HSA-8964315,12,10.756467236467236,1.1156079162605417,14,6742,0.3369371734908685,0.6211825938820172,
Seer Proteograph XT,R-HSA-139853,12,10.756467236467236,1.1156079162605417,14,6742,0.3369371734908685,0.6211825938820172,
Seer Proteograph XT,R-HSA-201556,23,21.51293447293447,1.0691242530830192,28,6742,0.3415753551647606,0.6288314203248101,
Seer Proteograph XT,R-HSA-1257604,193,189.77481481481482,1.016994800855595,247,6742,0.3423572630966538,0.62936921756681,PIP3 activates AKT signaling
Seer Proteograph XT,R-HSA-4608870,37,35.34267806267806,1.0468929359111605,46,6742,0.3526337112745232,0.647334741411089,Asymmetric localization of PCP proteins
Seer Proteograph XT,R-HSA-983712,96,93.73492877492878,1.024164644435907,122,6742,0.3575767984243539,0.6554724478962837,
Seer Proteograph XT,R-HSA-1834949,47,45.33082621082621,1.0368220464681306,59,6742,0.36795477274897537,0.6735354458439222,
Seer Proteograph XT,R-HSA-156584,15,13.82974358974359,1.0846188074755265,18,6742,0.3715993592470946,0.6753962894377885,
Seer Proteograph XT,R-HSA-9933946,15,13.82974358974359,1.0846188074755265,18,6742,0.3715993592470946,0.6753962894377885,
Seer Proteograph XT,R-HSA-2243919,15,13.82974358974359,1.0846188074755265,18,6742,0.3715993592470946,0.6753962894377885,
Seer Proteograph XT,R-HSA-1236382,15,13.82974358974359,1.0846188074755265,18,6742,0.3715993592470946,0.6753962894377885,Constitutive Signaling by Ligand-Responsive EGFR Cancer Variants
Seer Proteograph XT,R-HSA-77595,15,13.82974358974359,1.0846188074755265,18,6742,0.3715993592470946,0.6753962894377885,
Seer Proteograph XT,R-HSA-9707564,43,41.48923076923077,1.0364135271432808,54,6742,0.3819152800946177,0.6849445690559844,Cytoprotection by HMOX1
Seer Proteograph XT,R-HSA-9749641,29,27.65948717948718,1.0484648472263423,36,6742,0.3821830786094481,0.6849445690559844,Aspirin ADME
Seer Proteograph XT,R-HSA-442742,22,20.744615384615386,1.0605161673094037,27,6742,0.3794995695529479,0.6849445690559844,CREB1 phosphorylation through NMDA receptor-mediated activation of RAS signaling
Seer Proteograph XT,R-HSA-163359,22,20.744615384615386,1.0605161673094037,27,6742,0.3794995695529479,0.6849445690559844,
Seer Proteograph XT,R-HSA-9660821,29,27.65948717948718,1.0484648472263423,36,6742,0.3821830786094481,0.6849445690559844,ADORA2B mediated anti-inflammatory cytokines production
Seer Proteograph XT,R-HSA-8939902,43,41.48923076923077,1.0364135271432808,54,6742,0.3819152800946177,0.6849445690559844,Regulation of RUNX2 expression and activity
Seer Proteograph XT,R-HSA-8951664,129,126.77264957264957,1.017569644831585,165,6742,0.3793766108367091,0.6849445690559844,Neddylation
Seer Proteograph XT,R-HSA-9022692,22,20.744615384615386,1.0605161673094037,27,6742,0.3794995695529479,0.6849445690559844,
Seer Proteograph XT,R-HSA-9696273,29,27.65948717948718,1.0484648472263423,36,6742,0.3821830786094481,0.6849445690559844,
Seer Proteograph XT,R-HSA-6782135,43,41.48923076923077,1.0364135271432808,54,6742,0.3819152800946177,0.6849445690559844,
Seer Proteograph XT,R-HSA-189451,11,9.988148148148149,1.1013052506674577,13,6742,0.3903989587403927,0.6957873259104086,Heme biosynthesis
Seer Proteograph XT,R-HSA-1679131,11,9.988148148148149,1.1013052506674577,13,6742,0.3903989587403927,0.6957873259104086,
Seer Proteograph XT,R-HSA-9027284,11,9.988148148148149,1.1013052506674577,13,6742,0.3903989587403927,0.6957873259104086,Erythropoietin activates RAS
Seer Proteograph XT,R-HSA-204174,11,9.988148148148149,1.1013052506674577,13,6742,0.3903989587403927,0.6957873259104086,
Seer Proteograph XT,R-HSA-9614085,46,44.56250712250712,1.0322578995284322,58,6742,0.3948766164466364,0.7018841767201809,FOXO-mediated transcription
Seer Proteograph XT,R-HSA-373753,18,16.90301994301994,1.0648984655214262,22,6742,0.398189544614017,0.7018841767201809,Nephrin family interactions
Seer Proteograph XT,R-HSA-4086398,39,37.64763532763533,1.0359216365276458,49,6742,0.3971256658923715,0.7018841767201809,Ca2+ pathway
Seer Proteograph XT,R-HSA-5686938,18,16.90301994301994,1.0648984655214262,22,6742,0.398189544614017,0.7018841767201809,
Seer Proteograph XT,R-HSA-9958810,18,16.90301994301994,1.0648984655214262,22,6742,0.398189544614017,0.7018841767201809,
Seer Proteograph XT,R-HSA-73772,18,16.90301994301994,1.0648984655214262,22,6742,0.398189544614017,0.7018841767201809,
Seer Proteograph XT,R-HSA-72086,18,16.90301994301994,1.0648984655214262,22,6742,0.398189544614017,0.7018841767201809,
Seer Proteograph XT,R-HSA-198753,18,16.90301994301994,1.0648984655214262,22,6742,0.398189544614017,0.7018841767201809,
Seer Proteograph XT,R-HSA-174417,25,23.81789173789174,1.049631104008574,31,6742,0.39965015698751705,0.7034937694917253,
Seer Proteograph XT,R-HSA-3700989,239,236.6422792022792,1.0099632272207175,308,6742,0.40337918133059525,0.7090865225852461,Transcriptional Regulation by TP53
Seer Proteograph XT,R-HSA-422356,49,47.63578347578348,1.0286384819284027,62,6742,0.4069280089915619,0.7143476660575916,Regulation of insulin secretion
Seer Proteograph XT,R-HSA-2467813,127,125.23601139601139,1.0140853144740507,163,6742,0.4123910571671604,0.7229502161798106,Separation of Sister Chromatids
Seer Proteograph XT,R-HSA-199220,14,13.0614245014245,1.0718585862111087,17,6742,0.42058645970559466,0.7303427036779584,
Seer Proteograph XT,R-HSA-446353,14,13.0614245014245,1.0718585862111087,17,6742,0.42058645970559466,0.7303427036779584,
Seer Proteograph XT,R-HSA-9933939,14,13.0614245014245,1.0718585862111087,17,6742,0.42058645970559466,0.7303427036779584,
Seer Proteograph XT,R-HSA-5620971,21,19.976296296296297,1.051245921091664,26,6742,0.4197203402952478,0.7303427036779584,Pyroptosis
Seer Proteograph XT,R-HSA-8851708,14,13.0614245014245,1.0718585862111087,17,6742,0.42058645970559466,0.7303427036779584,Signaling by FGFR2 IIIa TM
Seer Proteograph XT,R-HSA-190840,14,13.0614245014245,1.0718585862111087,17,6742,0.42058645970559466,0.7303427036779584,
Seer Proteograph XT,R-HSA-190872,14,13.0614245014245,1.0718585862111087,17,6742,0.42058645970559466,0.7303427036779584,
Seer Proteograph XT,R-HSA-187577,38,36.87931623931624,1.0303878671017501,48,6742,0.4274067776012224,0.7401855919374271,SCF(Skp2)-mediated degradation of p27/p21
Seer Proteograph XT,R-HSA-5357905,38,36.87931623931624,1.0303878671017501,48,6742,0.4274067776012224,0.7401855919374271,Regulation of TNFR1 signaling
Seer Proteograph XT,R-HSA-1251985,24,23.04957264957265,1.0412340551765056,30,6742,0.437809667776509,0.7571809193712167,Nuclear signaling by ERBB4
Seer Proteograph XT,R-HSA-400042,17,16.134700854700856,1.0536296986905114,21,6742,0.4435063724308396,0.7660022695882108,
Seer Proteograph XT,R-HSA-73621,10,9.21982905982906,1.0846188074755265,12,6742,0.44927680720147,0.7707886478690106,
Seer Proteograph XT,R-HSA-70635,10,9.21982905982906,1.0846188074755265,12,6742,0.44927680720147,0.7707886478690106,Urea cycle
Seer Proteograph XT,R-HSA-171007,10,9.21982905982906,1.0846188074755265,12,6742,0.44927680720147,0.7707886478690106,p38MAPK events
Seer Proteograph XT,R-HSA-68884,10,9.21982905982906,1.0846188074755265,12,6742,0.44927680720147,0.7707886478690106,
Seer Proteograph XT,R-HSA-113501,10,9.21982905982906,1.0846188074755265,12,6742,0.44927680720147,0.7707886478690106,
Seer Proteograph XT,R-HSA-381676,27,26.122849002849,1.0335779224178547,34,6742,0.453418514537075,0.7737620068793377,
Seer Proteograph XT,R-HSA-156590,27,26.122849002849,1.0335779224178547,34,6742,0.453418514537075,0.7737620068793377,
Seer Proteograph XT,R-HSA-5696395,27,26.122849002849,1.0335779224178547,34,6742,0.453418514537075,0.7737620068793377,
Seer Proteograph XT,R-HSA-5696400,27,26.122849002849,1.0335779224178547,34,6742,0.453418514537075,0.7737620068793377,
Seer Proteograph XT,R-HSA-5683826,20,19.20797720797721,1.0412340551765054,25,6742,0.4620024105794582,0.7852818751251373,
Seer Proteograph XT,R-HSA-5205685,20,19.20797720797721,1.0412340551765054,25,6742,0.4620024105794582,0.7852818751251373,
Seer Proteograph XT,R-HSA-8868766,20,19.20797720797721,1.0412340551765054,25,6742,0.4620024105794582,0.7852818751251373,
Seer Proteograph XT,R-HSA-74752,57,56.08729344729345,1.0162729648126851,73,6742,0.4639960784583181,0.7876287461280564,Signaling by Insulin receptor
Seer Proteograph XT,R-HSA-6811434,70,69.14871794871794,1.0123108869771582,90,6742,0.4736471864866016,0.7997853280358516,
Seer Proteograph XT,R-HSA-1295596,13,12.293105413105414,1.0575033372886384,16,6742,0.4730932246424142,0.7997853280358516,
Seer Proteograph XT,R-HSA-1810476,13,12.293105413105414,1.0575033372886384,16,6742,0.4730932246424142,0.7997853280358516,
Seer Proteograph XT,R-HSA-73780,13,12.293105413105414,1.0575033372886384,16,6742,0.4730932246424142,0.7997853280358516,
Seer Proteograph XT,R-HSA-8956319,26,25.354529914529916,1.025457781613225,33,6742,0.4909754694743681,0.8219525453347761,
Seer Proteograph XT,R-HSA-901042,16,15.366381766381766,1.0412340551765056,20,6742,0.49125257184210747,0.8219525453347761,
Seer Proteograph XT,R-HSA-141405,16,15.366381766381766,1.0412340551765056,20,6742,0.49125257184210747,0.8219525453347761,
Seer Proteograph XT,R-HSA-141430,16,15.366381766381766,1.0412340551765056,20,6742,0.49125257184210747,0.8219525453347761,
Seer Proteograph XT,R-HSA-77075,16,15.366381766381766,1.0412340551765056,20,6742,0.49125257184210747,0.8219525453347761,
Seer Proteograph XT,R-HSA-202040,16,15.366381766381766,1.0412340551765056,20,6742,0.49125257184210747,0.8219525453347761,
Seer Proteograph XT,R-HSA-450302,16,15.366381766381766,1.0412340551765056,20,6742,0.49125257184210747,0.8219525453347761,
Seer Proteograph XT,R-HSA-168928,59,58.392250712250714,1.010408046964043,76,6742,0.49792911523077565,0.8320401990527265,DDX58/IFIH1-mediated induction of interferon-alpha/beta
Seer Proteograph XT,R-HSA-1369062,9,8.45150997150997,1.0648984655214262,11,6742,0.5131347439884919,0.8421176833016758,
Seer Proteograph XT,R-HSA-9013700,9,8.45150997150997,1.0648984655214262,11,6742,0.5131347439884919,0.8421176833016758,
Seer Proteograph XT,R-HSA-5357786,19,18.43965811965812,1.0303878671017501,24,6742,0.5060265801450499,0.8421176833016758,TNFR1-induced proapoptotic signaling
Seer Proteograph XT,R-HSA-8876725,9,8.45150997150997,1.0648984655214262,11,6742,0.5131347439884919,0.8421176833016758,
Seer Proteograph XT,R-HSA-3371378,9,8.45150997150997,1.0648984655214262,11,6742,0.5131347439884919,0.8421176833016758,
Seer Proteograph XT,R-HSA-5218900,9,8.45150997150997,1.0648984655214262,11,6742,0.5131347439884919,0.8421176833016758,
Seer Proteograph XT,R-HSA-69416,9,8.45150997150997,1.0648984655214262,11,6742,0.5131347439884919,0.8421176833016758,
Seer Proteograph XT,R-HSA-1059683,9,8.45150997150997,1.0648984655214262,11,6742,0.5131347439884919,0.8421176833016758,Interleukin-6 signaling
Seer Proteograph XT,R-HSA-446107,9,8.45150997150997,1.0648984655214262,11,6742,0.5131347439884919,0.8421176833016758,
Seer Proteograph XT,R-HSA-174403,9,8.45150997150997,1.0648984655214262,11,6742,0.5131347439884919,0.8421176833016758,
Seer Proteograph XT,R-HSA-9027276,9,8.45150997150997,1.0648984655214262,11,6742,0.5131347439884919,0.8421176833016758,
Seer Proteograph XT,R-HSA-6803529,19,18.43965811965812,1.0303878671017501,24,6742,0.5060265801450499,0.8421176833016758,
Seer Proteograph XT,R-HSA-2586552,9,8.45150997150997,1.0648984655214262,11,6742,0.5131347439884919,0.8421176833016758,Signaling by Leptin
Seer Proteograph XT,R-HSA-352230,19,18.43965811965812,1.0303878671017501,24,6742,0.5060265801450499,0.8421176833016758,
Seer Proteograph XT,R-HSA-9932451,22,21.51293447293447,1.0226405899054964,28,6742,0.5185550223096342,0.8488448454367897,
Seer Proteograph XT,R-HSA-201722,22,21.51293447293447,1.0226405899054964,28,6742,0.5185550223096342,0.8488448454367897,
Seer Proteograph XT,R-HSA-8934593,12,11.524786324786325,1.0412340551765056,15,6742,0.5286168855177936,0.8609286411791696,Regulation of RUNX1 Expression and Activity
Seer Proteograph XT,R-HSA-9703648,12,11.524786324786325,1.0412340551765056,15,6742,0.5286168855177936,0.8609286411791696,Signaling by FLT3 ITD and TKD mutants
Seer Proteograph XT,R-HSA-140534,12,11.524786324786325,1.0412340551765056,15,6742,0.5286168855177936,0.8609286411791696,
Seer Proteograph XT,R-HSA-175474,12,11.524786324786325,1.0412340551765056,15,6742,0.5286168855177936,0.8609286411791696,
Seer Proteograph XT,R-HSA-9764725,25,24.586210826210827,1.0168301320083062,32,6742,0.5294865084104337,0.861253371275199,
Seer Proteograph XT,R-HSA-380320,61,60.697207977207974,1.0049885659140323,79,6742,0.5304463259271566,0.8617238038133959,
Seer Proteograph XT,R-HSA-1236394,38,37.64763532763533,1.009359543283347,49,6742,0.5320142544136153,0.8631796930826965,Signaling by ERBB4
Seer Proteograph XT,R-HSA-9607240,28,27.65948717948718,1.0123108869771582,36,6742,0.5392237720611932,0.8678399630208063,FLT3 Signaling
Seer Proteograph XT,R-HSA-171319,15,14.598062678062679,1.0275336070820777,19,6742,0.5409648329802847,0.8678399630208063,
Seer Proteograph XT,R-HSA-9609736,28,27.65948717948718,1.0123108869771582,36,6742,0.5392237720611932,0.8678399630208063,
Seer Proteograph XT,R-HSA-76061,15,14.598062678062679,1.0275336070820777,19,6742,0.5409648329802847,0.8678399630208063,
Seer Proteograph XT,R-HSA-76066,15,14.598062678062679,1.0275336070820777,19,6742,0.5409648329802847,0.8678399630208063,
Seer Proteograph XT,R-HSA-167160,15,14.598062678062679,1.0275336070820777,19,6742,0.5409648329802847,0.8678399630208063,
Seer Proteograph XT,R-HSA-1606322,15,14.598062678062679,1.0275336070820777,19,6742,0.5409648329802847,0.8678399630208063,
Seer Proteograph XT,R-HSA-9638630,15,14.598062678062679,1.0275336070820777,19,6742,0.5409648329802847,0.8678399630208063,
Seer Proteograph XT,R-HSA-9931953,15,14.598062678062679,1.0275336070820777,19,6742,0.5409648329802847,0.8678399630208063,
Seer Proteograph XT,R-HSA-9725370,67,66.84376068376068,1.0023373807015212,87,6742,0.5438112443445544,0.8713185149410878,Signaling by ALK fusions and activated point mutants
Seer Proteograph XT,R-HSA-1483191,18,17.67133903133903,1.0185985322378859,23,6742,0.5513855842689679,0.8793272673030723,
Seer Proteograph XT,R-HSA-69481,83,82.97846153846154,1.0002595668940966,108,6742,0.551546908518503,0.8793272673030723,G2/M Checkpoints
Seer Proteograph XT,R-HSA-449836,18,17.67133903133903,1.0185985322378859,23,6742,0.5513855842689679,0.8793272673030723,Other interleukin signaling
Seer Proteograph XT,R-HSA-9940951,18,17.67133903133903,1.0185985322378859,23,6742,0.5513855842689679,0.8793272673030723,
Seer Proteograph XT,R-HSA-1912408,21,20.744615384615386,1.012310886977158,27,6742,0.5604930378932975,0.8891772267813424,Pre-NOTCH Transcription and Translation
Seer Proteograph XT,R-HSA-9683701,21,20.744615384615386,1.012310886977158,27,6742,0.5604930378932975,0.8891772267813424,
Seer Proteograph XT,R-HSA-68962,21,20.744615384615386,1.012310886977158,27,6742,0.5604930378932975,0.8891772267813424,
Seer Proteograph XT,R-HSA-3371511,21,20.744615384615386,1.012310886977158,27,6742,0.5604930378932975,0.8891772267813424,
Seer Proteograph XT,R-HSA-450282,24,23.81789173789174,1.0076458598482312,31,6742,0.5686422761959098,0.897672389326467,
Seer Proteograph XT,R-HSA-5213460,24,23.81789173789174,1.0076458598482312,31,6742,0.5686422761959098,0.897672389326467,RIPK1-mediated regulated necrosis
Seer Proteograph XT,R-HSA-5675482,24,23.81789173789174,1.0076458598482312,31,6742,0.5686422761959098,0.897672389326467,Regulation of necroptotic cell death
Seer Proteograph XT,R-HSA-4085001,24,23.81789173789174,1.0076458598482312,31,6742,0.5686422761959098,0.897672389326467,
Seer Proteograph XT,R-HSA-110328,11,10.756467236467236,1.0226405899054964,14,6742,0.5864255046553152,0.90354529194494,
Seer Proteograph XT,R-HSA-110329,11,10.756467236467236,1.0226405899054964,14,6742,0.5864255046553152,0.90354529194494,
Seer Proteograph XT,R-HSA-1650814,46,46.0991452991453,0.9978493028774844,60,6742,0.5831801745194035,0.90354529194494,
Seer Proteograph XT,R-HSA-432040,27,26.89116809116809,1.0040471246344875,35,6742,0.5760575907040073,0.90354529194494,
Seer Proteograph XT,R-HSA-9820841,30,29.964444444444446,1.0011865915158706,39,6742,0.5828900490451815,0.90354529194494,
Seer Proteograph XT,R-HSA-2162123,11,10.756467236467236,1.0226405899054964,14,6742,0.5864255046553152,0.90354529194494,
Seer Proteograph XT,R-HSA-1474151,8,7.683190883190883,1.0412340551765056,10,6742,0.5811324033833287,0.90354529194494,
Seer Proteograph XT,R-HSA-198693,8,7.683190883190883,1.0412340551765056,10,6742,0.5811324033833287,0.90354529194494,
Seer Proteograph XT,R-HSA-110357,8,7.683190883190883,1.0412340551765056,10,6742,0.5811324033833287,0.90354529194494,
Seer Proteograph XT,R-HSA-9028731,8,7.683190883190883,1.0412340551765056,10,6742,0.5811324033833287,0.90354529194494,Activated NTRK2 signals through FRS2 and FRS3
Seer Proteograph XT,R-HSA-2214320,11,10.756467236467236,1.0226405899054964,14,6742,0.5864255046553152,0.90354529194494,
Seer Proteograph XT,R-HSA-8951936,8,7.683190883190883,1.0412340551765056,10,6742,0.5811324033833287,0.90354529194494,RUNX3 regulates p14-ARF
Seer Proteograph XT,R-HSA-5684264,11,10.756467236467236,1.0226405899054964,14,6742,0.5864255046553152,0.90354529194494,
Seer Proteograph XT,R-HSA-399956,11,10.756467236467236,1.0226405899054964,14,6742,0.5864255046553152,0.90354529194494,CRMPs in Sema3A signaling
Seer Proteograph XT,R-HSA-9931530,8,7.683190883190883,1.0412340551765056,10,6742,0.5811324033833287,0.90354529194494,
Seer Proteograph XT,R-HSA-400511,8,7.683190883190883,1.0412340551765056,10,6742,0.5811324033833287,0.90354529194494,
Seer Proteograph XT,R-HSA-9913635,8,7.683190883190883,1.0412340551765056,10,6742,0.5811324033833287,0.90354529194494,
Seer Proteograph XT,R-HSA-399955,11,10.756467236467236,1.0226405899054964,14,6742,0.5864255046553152,0.90354529194494,SEMA3A-Plexin repulsion signaling by inhibiting Integrin adhesion
Seer Proteograph XT,R-HSA-1660517,8,7.683190883190883,1.0412340551765056,10,6742,0.5811324033833287,0.90354529194494,
Seer Proteograph XT,R-HSA-8983432,11,10.756467236467236,1.0226405899054964,14,6742,0.5864255046553152,0.90354529194494,
Seer Proteograph XT,R-HSA-442982,14,13.82974358974359,1.0123108869771582,18,6742,0.5920413113103445,0.9078437768899674,Ras activation upon Ca2+ influx through NMDA receptor
Seer Proteograph XT,R-HSA-111931,14,13.82974358974359,1.0123108869771582,18,6742,0.5920413113103445,0.9078437768899674,
Seer Proteograph XT,R-HSA-9841251,14,13.82974358974359,1.0123108869771582,18,6742,0.5920413113103445,0.9078437768899674,
Seer Proteograph XT,R-HSA-6804115,14,13.82974358974359,1.0123108869771582,18,6742,0.5920413113103445,0.9078437768899674,TP53 regulates transcription of additional cell cycle genes whose exact role in the p53 pathway remain uncertain
Seer Proteograph XT,R-HSA-380270,52,52.245698005698,0.9952972586246008,68,6742,0.594545853917751,0.9105976427703338,
Seer Proteograph XT,R-HSA-163560,17,16.90301994301994,1.0057374396591248,22,6742,0.5975835870080368,0.9109073657239944,
Seer Proteograph XT,R-HSA-9927432,17,16.90301994301994,1.0057374396591248,22,6742,0.5975835870080368,0.9109073657239944,Developmental Lineage of Mammary Gland Myoepithelial Cells
Seer Proteograph XT,R-HSA-9934037,17,16.90301994301994,1.0057374396591248,22,6742,0.5975835870080368,0.9109073657239944,
Seer Proteograph XT,R-HSA-9613829,17,16.90301994301994,1.0057374396591248,22,6742,0.5975835870080368,0.9109073657239944,
Seer Proteograph XT,R-HSA-9616222,20,19.976296296296297,1.0011865915158706,26,6742,0.6029426448601598,0.9169009451423732,Transcriptional regulation of granulopoiesis
Seer Proteograph XT,R-HSA-9958863,20,19.976296296296297,1.0011865915158706,26,6742,0.6029426448601598,0.9169009451423732,
Seer Proteograph XT,R-HSA-375165,45,45.33082621082621,0.9927019593843802,59,6742,0.6112302104385798,0.9284052250751479,NCAM signaling for neurite out-growth
Seer Proteograph XT,R-HSA-5620924,32,32.26940170940171,0.9916514811204813,42,6742,0.6223490960612168,0.9441777903644198,
Seer Proteograph XT,R-HSA-2151201,35,35.34267806267806,0.9903041285646113,46,6742,0.626748094639064,0.948611662675144,
Seer Proteograph XT,R-HSA-512988,35,35.34267806267806,0.9903041285646113,46,6742,0.626748094639064,0.948611662675144,"Interleukin-3, Interleukin-5 and GM-CSF signaling"
Seer Proteograph XT,R-HSA-69563,38,38.41595441595442,0.9891723524176802,50,6742,0.6309933550670105,0.9527925514231592,p53-Dependent G1 DNA Damage Response
Seer Proteograph XT,R-HSA-6796648,38,38.41595441595442,0.9891723524176802,50,6742,0.6309933550670105,0.9527925514231592,TP53 Regulates Transcription of DNA Repair Genes
Seer Proteograph XT,R-HSA-9856649,41,41.48923076923077,0.9882082468110353,54,6742,0.6350970231828466,0.9578634680633308,
Seer Proteograph XT,R-HSA-888590,10,9.988148148148149,1.0011865915158706,13,6742,0.645536302071728,0.9589758938290986,
Seer Proteograph XT,R-HSA-5365859,16,16.134700854700856,0.9916514811204813,21,6742,0.644040409958164,0.9589758938290986,RA biosynthesis pathway
Seer Proteograph XT,R-HSA-9927426,16,16.134700854700856,0.9916514811204813,21,6742,0.644040409958164,0.9589758938290986,
Seer Proteograph XT,R-HSA-174048,16,16.134700854700856,0.9916514811204813,21,6742,0.644040409958164,0.9589758938290986,
Seer Proteograph XT,R-HSA-177504,10,9.988148148148149,1.0011865915158706,13,6742,0.645536302071728,0.9589758938290986,
Seer Proteograph XT,R-HSA-4655427,10,9.988148148148149,1.0011865915158706,13,6742,0.645536302071728,0.9589758938290986,
Seer Proteograph XT,R-HSA-1266695,16,16.134700854700856,0.9916514811204813,21,6742,0.644040409958164,0.9589758938290986,
Seer Proteograph XT,R-HSA-9758274,13,13.0614245014245,0.9952972586246008,17,6742,0.6437402106870778,0.9589758938290986,Regulation of NF-kappa B signaling
Seer Proteograph XT,R-HSA-3371568,19,19.20797720797721,0.9891723524176802,25,6742,0.6454364504360901,0.9589758938290986,
Seer Proteograph XT,R-HSA-5358565,10,9.988148148148149,1.0011865915158706,13,6742,0.645536302071728,0.9589758938290986,
Seer Proteograph XT,R-HSA-5358606,10,9.988148148148149,1.0011865915158706,13,6742,0.645536302071728,0.9589758938290986,
Seer Proteograph XT,R-HSA-174490,10,9.988148148148149,1.0011865915158706,13,6742,0.645536302071728,0.9589758938290986,
Seer Proteograph XT,R-HSA-174495,10,9.988148148148149,1.0011865915158706,13,6742,0.645536302071728,0.9589758938290986,
Seer Proteograph XT,R-HSA-448424,50,50.70905982905983,0.9860170977050241,66,6742,0.6466618081036773,0.9595385951653872,
Seer Proteograph XT,R-HSA-418594,155,156.73709401709402,0.9889171479923918,204,6742,0.6509157759956312,0.9636545769767129,G alpha (i) signalling events
Seer Proteograph XT,R-HSA-9696270,28,28.427806267806268,0.9849511332750728,37,6742,0.6524353945289807,0.9636545769767129,
Seer Proteograph XT,R-HSA-5675221,28,28.427806267806268,0.9849511332750728,37,6742,0.6524353945289807,0.9636545769767129,Negative regulation of MAPK pathway
Seer Proteograph XT,R-HSA-5655302,28,28.427806267806268,0.9849511332750728,37,6742,0.6524353945289807,0.9636545769767129,Signaling by FGFR1 in disease
Seer Proteograph XT,R-HSA-373752,31,31.50108262108262,0.9840931619046241,41,6742,0.655169130838035,0.9654728590904529,Netrin-1 signaling
Seer Proteograph XT,R-HSA-3928662,31,31.50108262108262,0.9840931619046241,41,6742,0.655169130838035,0.9654728590904529,EPHB-mediated forward signaling
Seer Proteograph XT,R-HSA-9976102,52,53.01401709401709,0.9808726606735197,69,6742,0.6750261018679184,0.9935951213061571,
Seer Proteograph XT,R-HSA-5693565,30,30.73276353276353,0.9761569267279739,40,6742,0.6874598794643129,0.997053540274635,Recruitment and ATM-mediated phosphorylation of repair and signaling proteins at DNA double strand breaks
Seer Proteograph XT,R-HSA-174411,18,18.43965811965812,0.9761569267279739,24,6742,0.6874625966407211,0.997053540274635,
Seer Proteograph XT,R-HSA-9725371,24,24.586210826210827,0.9761569267279738,32,6742,0.6861095795523384,0.997053540274635,
Seer Proteograph XT,R-HSA-8953750,21,21.51293447293447,0.9761569267279739,28,6742,0.6863070846442882,0.997053540274635,
Seer Proteograph XT,R-HSA-9646399,30,30.73276353276353,0.9761569267279739,40,6742,0.6874598794643129,0.997053540274635,
Seer Proteograph XT,R-HSA-167161,24,24.586210826210827,0.9761569267279738,32,6742,0.6861095795523384,0.997053540274635,
Seer Proteograph XT,R-HSA-167162,24,24.586210826210827,0.9761569267279738,32,6742,0.6861095795523384,0.997053540274635,
Seer Proteograph XT,R-HSA-73776,24,24.586210826210827,0.9761569267279738,32,6742,0.6861095795523384,0.997053540274635,
Seer Proteograph XT,R-HSA-73779,24,24.586210826210827,0.9761569267279738,32,6742,0.6861095795523384,0.997053540274635,
Seer Proteograph XT,R-HSA-75953,24,24.586210826210827,0.9761569267279738,32,6742,0.6861095795523384,0.997053540274635,
Seer Proteograph XT,R-HSA-76042,24,24.586210826210827,0.9761569267279738,32,6742,0.6861095795523384,0.997053540274635,
Seer Proteograph XT,R-HSA-9937850,21,21.51293447293447,0.9761569267279739,28,6742,0.6863070846442882,0.997053540274635,
Seer Proteograph XT,R-HSA-73856,18,18.43965811965812,0.9761569267279739,24,6742,0.6874625966407211,0.997053540274635,
Seer Proteograph XT,R-HSA-9818027,15,15.366381766381766,0.9761569267279739,20,6742,0.690101616394817,0.9997526235257496,
Seer Proteograph XT,R-HSA-9840309,13,13.82974358974359,0.9400029664787897,18,6742,0.7781573490665841,0.999999999999582,
Seer Proteograph XT,R-HSA-5173105,76,78.36854700854701,0.9697768160957648,102,6742,0.7543259058692781,0.999999999999582,O-linked glycosylation
Seer Proteograph XT,R-HSA-913709,34,38.41595441595442,0.8850489469000297,50,6742,0.9465140279195275,0.999999999999582,
Seer Proteograph XT,R-HSA-193648,36,38.41595441595442,0.9371106496588549,50,6742,0.8370874218689566,0.999999999999582,
Seer Proteograph XT,R-HSA-112310,28,29.196125356125357,0.9590313666099393,38,6742,0.749462082367933,0.999999999999582,
Seer Proteograph XT,R-HSA-1989781,67,76.83190883190883,0.8720335212103233,100,6742,0.9912985465089971,0.999999999999582,
Seer Proteograph XT,R-HSA-400206,68,78.36854700854701,0.8676950459804212,102,6742,0.9933106880437587,0.999999999999582,
Seer Proteograph XT,R-HSA-212436,532,616.1919088319088,0.8633673898907434,802,6742,0.999999999999582,0.999999999999582,Generic Transcription Pathway
Seer Proteograph XT,R-HSA-159418,11,12.293105413105414,0.8948105161673093,16,6742,0.855864153390549,0.999999999999582,Recycling of bile acids and salts
Seer Proteograph XT,R-HSA-9758881,7,7.683190883190883,0.9110797982794423,10,6742,0.8171133920874087,0.999999999999582,
Seer Proteograph XT,R-HSA-909733,48,53.01401709401709,0.9054209175447874,69,6742,0.9392809971609978,0.999999999999582,
Seer Proteograph XT,R-HSA-156588,13,15.366381766381766,0.8460026698309108,20,6742,0.930225059505054,0.999999999999582,
Seer Proteograph XT,R-HSA-416476,110,112.94290598290598,0.9739434189576157,147,6742,0.7542237412176027,0.999999999999582,G alpha (q) signalling events
Seer Proteograph XT,R-HSA-5673001,180,186.70153846153846,0.9641056066449125,243,6742,0.8660461869319562,0.999999999999582,RAF/MAP kinase cascade
Seer Proteograph XT,R-HSA-1482839,16,19.976296296296297,0.8009492732126965,26,6742,0.9765415491402003,0.999999999999582,
Seer Proteograph XT,R-HSA-525793,16,22.28125356125356,0.7180924518458659,29,6742,0.9973600933969643,0.999999999999582,
Seer Proteograph XT,R-HSA-5685938,20,23.81789173789174,0.8397048832068592,31,6742,0.9620415087309544,0.999999999999582,
Seer Proteograph XT,R-HSA-69231,22,33.037720797720795,0.6659055004035792,43,6742,0.9999422676237518,0.999999999999582,
Seer Proteograph XT,R-HSA-8878166,69,71.45367521367521,0.9656606156878882,93,6742,0.7703059644989603,0.999999999999582,Transcriptional regulation by RUNX2
Seer Proteograph XT,R-HSA-8940973,13,15.366381766381766,0.8460026698309108,20,6742,0.930225059505054,0.999999999999582,RUNX2 regulates osteoblast differentiation
Seer Proteograph XT,R-HSA-8941326,18,20.744615384615386,0.8676950459804211,27,6742,0.9260086838082038,0.999999999999582,RUNX2 regulates bone development
Seer Proteograph XT,R-HSA-983231,100,108.33299145299145,0.9230798361493843,141,6742,0.9595146109666716,0.999999999999582,Factors involved in megakaryocyte development and platelet production
Seer Proteograph XT,R-HSA-9706369,8,11.524786324786325,0.694156036784337,15,6742,0.9892273901570681,0.999999999999582,
Seer Proteograph XT,R-HSA-5689901,12,15.366381766381766,0.7809255413823791,20,6742,0.9743878435061764,0.999999999999582,
Seer Proteograph XT,R-HSA-5693607,37,43.79418803418803,0.8448609658230418,57,6742,0.9863237208976691,0.999999999999582,
Seer Proteograph XT,R-HSA-69473,38,40.720911680911684,0.9331814645449813,53,6742,0.8532326552305491,0.999999999999582,G2/M DNA damage checkpoint
Seer Proteograph XT,R-HSA-200425,9,9.21982905982906,0.9761569267279739,12,6742,0.704708554349557,0.999999999999582,
Seer Proteograph XT,R-HSA-2022854,21,22.28125356125356,0.9424963430476989,29,6742,0.7883017577334929,0.999999999999582,Keratan sulfate biosynthesis
Seer Proteograph XT,R-HSA-1221632,21,22.28125356125356,0.9424963430476989,29,6742,0.7883017577334929,0.999999999999582,
Seer Proteograph XT,R-HSA-174430,8,8.45150997150997,0.9465764137968232,11,6742,0.7624594951028927,0.999999999999582,
Seer Proteograph XT,R-HSA-373076,122,139.83407407407407,0.8724626011781159,182,6742,0.9991445274761649,0.999999999999582,Class A/1 (Rhodopsin-like receptors)
Seer Proteograph XT,R-HSA-375276,93,97.57652421652422,0.9530981016871556,127,6742,0.858454559801559,0.999999999999582,Peptide ligand-binding receptors
Seer Proteograph XT,R-HSA-211945,61,65.3071225071225,0.9340481965553947,85,6742,0.8909931887478254,0.999999999999582,Phase I - Functionalization of compounds
Seer Proteograph XT,R-HSA-9913351,21,23.04957264957265,0.9110797982794423,30,6742,0.8643954282007992,0.999999999999582,Formation of the dystrophin-glycoprotein complex (DGC)
Seer Proteograph XT,R-HSA-9013695,10,12.293105413105414,0.8134641056066448,16,6742,0.9446036704058381,0.999999999999582,
Seer Proteograph XT,R-HSA-2682334,64,66.84376068376068,0.9574566024611546,87,6742,0.8051634910808159,0.999999999999582,EPH-Ephrin signaling
Seer Proteograph XT,R-HSA-3928665,30,37.64763532763533,0.7968627973289583,49,6742,0.995639164412684,0.999999999999582,EPH-ephrin mediated repulsion of cells
Seer Proteograph XT,R-HSA-445095,11,16.134700854700856,0.6817603932703309,21,6742,0.9966077474720966,0.999999999999582,
Seer Proteograph XT,R-HSA-5663220,93,98.34484330484331,0.9456520227677246,128,6742,0.8897907047571292,0.999999999999582,
Seer Proteograph XT,R-HSA-9662360,37,38.41595441595442,0.9631415010382676,50,6742,0.745739389840435,0.999999999999582,
Seer Proteograph XT,R-HSA-9662361,27,29.196125356125357,0.92478024637387,38,6742,0.8504412958104517,0.999999999999582,
Seer Proteograph XT,R-HSA-9824585,23,27.65948717948718,0.831541085731237,36,6742,0.9750204914843735,0.999999999999582,
Seer Proteograph XT,R-HSA-9845323,22,23.81789173789174,0.9236753715275452,31,6742,0.8392359756114293,0.999999999999582,
Seer Proteograph XT,R-HSA-9933937,11,12.293105413105414,0.8948105161673093,16,6742,0.855864153390549,0.999999999999582,
Seer Proteograph XT,R-HSA-9933947,9,9.988148148148149,0.9010679323642835,13,6742,0.8378461219746725,0.999999999999582,
Seer Proteograph XT,R-HSA-9938024,106,108.33299145299145,0.9784646263183474,141,6742,0.7196005196018453,0.999999999999582,Somatic hypermutation of immunoglobulin genes
Seer Proteograph XT,R-HSA-112314,106,109.86962962962963,0.9647798063698391,143,6742,0.8098902850570169,0.999999999999582,Neurotransmitter receptors and postsynaptic signal transmission
Seer Proteograph XT,R-HSA-438066,11,13.0614245014245,0.8421746034515853,17,6742,0.9240676501991946,0.999999999999582,
Seer Proteograph XT,R-HSA-9617324,14,14.598062678062679,0.9590313666099393,19,6742,0.7350554506345124,0.999999999999582,
Seer Proteograph XT,R-HSA-9620244,14,15.366381766381766,0.9110797982794423,20,6742,0.8399477305271348,0.999999999999582,
Seer Proteograph XT,R-HSA-2565942,51,53.78233618233618,0.9482667288214603,70,6742,0.8257277120193185,0.999999999999582,
Seer Proteograph XT,R-HSA-380259,42,43.02586894586894,0.9761569267279739,56,6742,0.6935283307774258,0.999999999999582,
Seer Proteograph XT,R-HSA-380284,42,43.02586894586894,0.9761569267279739,56,6742,0.6935283307774258,0.999999999999582,
Seer Proteograph XT,R-HSA-5620912,51,57.623931623931625,0.8850489469000297,75,6742,0.9714646216215816,0.999999999999582,Anchoring of the basal body to the plasma membrane
Seer Proteograph XT,R-HSA-68877,130,132.91920227920227,0.9780377685906483,173,6742,0.7362283714364429,0.999999999999582,
Seer Proteograph XT,R-HSA-8854518,43,45.33082621082621,0.9485818723006301,59,6742,0.8114466267095609,0.999999999999582,
Seer Proteograph XT,R-HSA-1181150,11,13.82974358974359,0.7953871254820528,18,6742,0.9624036091025502,0.999999999999582,
Seer Proteograph XT,R-HSA-201451,19,23.04957264957265,0.8243102936814002,30,6742,0.9707365812309415,0.999999999999582,
Seer Proteograph XT,R-HSA-2122948,21,23.04957264957265,0.9110797982794423,30,6742,0.8643954282007992,0.999999999999582,
Seer Proteograph XT,R-HSA-2644606,35,39.184273504273506,0.8932154885092571,51,6742,0.9364739962653927,0.999999999999582,
Seer Proteograph XT,R-HSA-2691232,8,11.524786324786325,0.694156036784337,15,6742,0.9892273901570681,0.999999999999582,
Seer Proteograph XT,R-HSA-2894862,35,39.184273504273506,0.8932154885092571,51,6742,0.9364739962653927,0.999999999999582,
Seer Proteograph XT,R-HSA-2979096,15,17.67133903133903,0.8488321101982382,23,6742,0.936162672915563,0.999999999999582,
Seer Proteograph XT,R-HSA-9013507,17,18.43965811965812,0.9219259863541975,24,6742,0.828086590222475,0.999999999999582,NOTCH3 Activation and Transmission of Signal to the Nucleus
Seer Proteograph XT,R-HSA-5682910,6,8.45150997150997,0.7099323103476174,11,6742,0.9761391124010323,0.999999999999582,
Seer Proteograph XT,R-HSA-982772,15,17.67133903133903,0.8488321101982382,23,6742,0.936162672915563,0.999999999999582,
Seer Proteograph XT,R-HSA-111933,24,25.354529914529916,0.9465764137968231,33,6742,0.7828457781302046,0.999999999999582,
Seer Proteograph XT,R-HSA-111996,26,26.89116809116809,0.9668601940924694,35,6742,0.7198608552684198,0.999999999999582,
Seer Proteograph XT,R-HSA-111997,24,25.354529914529916,0.9465764137968231,33,6742,0.7828457781302046,0.999999999999582,
Seer Proteograph XT,R-HSA-1489509,29,29.964444444444446,0.9678137051320083,39,6742,0.7189725812277425,0.999999999999582,
Seer Proteograph XT,R-HSA-163615,12,12.293105413105414,0.9761569267279738,16,6742,0.6951878681439311,0.999999999999582,
Seer Proteograph XT,R-HSA-164378,11,11.524786324786325,0.9544645505784634,15,6742,0.7453992072834992,0.999999999999582,
Seer Proteograph XT,R-HSA-170670,7,8.45150997150997,0.8282543620722204,11,6742,0.9127577118103117,0.999999999999582,
Seer Proteograph XT,R-HSA-418555,60,86.82005698005698,0.6910845498959107,113,6742,0.9999999928767936,0.999999999999582,
Seer Proteograph XT,R-HSA-418597,29,30.73276353276353,0.9436183625037081,40,6742,0.8020515222404206,0.999999999999582,
Seer Proteograph XT,R-HSA-977443,22,26.122849002849,0.8421746034515853,34,6742,0.965206376272738,0.999999999999582,
Seer Proteograph XT,R-HSA-977444,20,22.28125356125356,0.8976155648073324,29,6742,0.8873072980350493,0.999999999999582,
Seer Proteograph XT,R-HSA-991365,20,22.28125356125356,0.8976155648073324,29,6742,0.8873072980350493,0.999999999999582,
Seer Proteograph XT,R-HSA-381753,5,7.683190883190883,0.650771284485316,10,6742,0.9865460224417558,0.999999999999582,
Seer Proteograph XT,R-HSA-373080,35,54.55065527065527,0.6416054917460862,71,6742,0.999999898703199,0.999999999999582,
Seer Proteograph XT,R-HSA-420092,16,20.744615384615386,0.77128448531593,27,6742,0.9882447955611167,0.999999999999582,
Seer Proteograph XT,R-HSA-9619665,12,16.134700854700856,0.743738610840361,21,6742,0.9880074342318224,0.999999999999582,
Seer Proteograph XT,R-HSA-5362517,29,30.73276353276353,0.9436183625037081,40,6742,0.8020515222404206,0.999999999999582,Signaling by Retinoic Acid
Seer Proteograph XT,R-HSA-211897,27,37.64763532763533,0.7171765175960625,49,6742,0.9997866860737138,0.999999999999582,
Seer Proteograph XT,R-HSA-381340,52,56.855612535612536,0.9145974808982819,74,6742,0.9275685614364169,0.999999999999582,Transcriptional regulation of white adipocyte differentiation
Seer Proteograph XT,R-HSA-419812,2,7.683190883190883,0.2603085137941264,10,6742,0.999984971117435,0.999999999999582,
Seer Proteograph XT,R-HSA-375280,2,9.21982905982906,0.2169237614951053,12,6742,0.9999990433902974,0.999999999999582,
Seer Proteograph XT,R-HSA-201681,100,105.2597150997151,0.9500310722413372,137,6742,0.8789799720753855,0.999999999999582,TCF dependent signaling in response to WNT
Seer Proteograph XT,R-HSA-5668541,59,64.53880341880343,0.9141787091579437,84,6742,0.9383987734762036,0.999999999999582,TNFR2 non-canonical NF-kB pathway
Seer Proteograph XT,R-HSA-69202,49,52.245698005698,0.93787626293472,68,6742,0.8594891593833448,0.999999999999582,Cyclin E associated events during G1/S transition 
Seer Proteograph XT,R-HSA-69656,51,54.55065527065527,0.9349108594014398,71,6742,0.8724901437494719,0.999999999999582,Cyclin A:Cdk2-associated events at S phase entry
Seer Proteograph XT,R-HSA-8878159,58,59.92888888888889,0.9678137051320083,78,6742,0.7479578725323284,0.999999999999582,Transcriptional regulation by RUNX3
Seer Proteograph XT,R-HSA-8955332,16,21.51293447293447,0.7437386108403611,28,6742,0.9943312061226118,0.999999999999582,
Seer Proteograph XT,R-HSA-2559580,41,46.0991452991453,0.8893874221299318,60,6742,0.9532013905194848,0.999999999999582,Oxidative Stress Induced Senescence
Seer Proteograph XT,R-HSA-2559585,15,22.28125356125356,0.6732116736054993,29,6742,0.9992441025767256,0.999999999999582,Oncogene Induced Senescence
Seer Proteograph XT,R-HSA-8986944,37,41.48923076923077,0.891797686146544,54,6742,0.9426785872720341,0.999999999999582,
Seer Proteograph XT,R-HSA-9634815,13,19.20797720797721,0.6768021358647286,25,6742,0.9984053506176579,0.999999999999582,Transcriptional Regulation by NPAS4
Seer Proteograph XT,R-HSA-9768759,7,7.683190883190883,0.9110797982794423,10,6742,0.8171133920874087,0.999999999999582,
Seer Proteograph XT,R-HSA-9839394,14,16.134700854700856,0.8676950459804211,21,6742,0.9093339266085075,0.999999999999582,
Seer Proteograph XT,R-HSA-9945556,11,13.82974358974359,0.7953871254820528,18,6742,0.9624036091025502,0.999999999999582,
Seer Proteograph XT,R-HSA-2022928,21,22.28125356125356,0.9424963430476989,29,6742,0.7883017577334929,0.999999999999582,HS-GAG biosynthesis
Seer Proteograph XT,R-HSA-419037,24,27.65948717948718,0.8676950459804212,36,6742,0.9453037630751097,0.999999999999582,NCAM1 interactions
Seer Proteograph XT,R-HSA-9833110,59,69.14871794871794,0.8532334618807476,90,6742,0.9948884703383347,0.999999999999582,RSV-host interactions
Seer Proteograph XT,R-HSA-141444,58,65.3071225071225,0.8881114000034901,85,6742,0.975015706295163,0.999999999999582,
Seer Proteograph XT,R-HSA-2500257,80,85.2834188034188,0.9380486983572122,111,6742,0.9027623169645554,0.999999999999582,
Seer Proteograph XT,R-HSA-9648025,75,80.67350427350428,0.9296732635504513,105,6742,0.9219417191128895,0.999999999999582,
Seer Proteograph XT,R-HSA-9958790,16,19.20797720797721,0.8329872441412044,25,6742,0.9551280213957504,0.999999999999582,
Seer Proteograph XT,R-HSA-211976,10,15.366381766381766,0.650771284485316,20,6742,0.9979615004821397,0.999999999999582,
Seer Proteograph XT,R-HSA-211981,12,13.82974358974359,0.8676950459804212,18,6742,0.8996720399879684,0.999999999999582,
Seer Proteograph XT,R-HSA-5633008,29,31.50108262108262,0.9206032804914226,41,6742,0.8661559369428189,0.999999999999582,TP53 Regulates Transcription of Cell Death Genes
Seer Proteograph XT,R-HSA-6803204,10,12.293105413105414,0.8134641056066448,16,6742,0.9446036704058381,0.999999999999582,TP53 Regulates Transcription of Genes Involved in Cytochrome C Release
Seer Proteograph XT,R-HSA-399719,20,20.744615384615386,0.9641056066449124,27,6742,0.7242272361940514,0.999999999999582,
Seer Proteograph XT,R-HSA-399721,20,20.744615384615386,0.9641056066449124,27,6742,0.7242272361940514,0.999999999999582,
Seer Proteograph XT,R-HSA-196071,17,21.51293447293447,0.7902222740178837,28,6742,0.9836799876399954,0.999999999999582,
Seer Proteograph XT,R-HSA-196108,9,9.21982905982906,0.9761569267279739,12,6742,0.704708554349557,0.999999999999582,
Seer Proteograph XT,R-HSA-193807,8,8.45150997150997,0.9465764137968232,11,6742,0.7624594951028927,0.999999999999582,
Seer Proteograph XT,R-HSA-1227986,38,39.184273504273506,0.9697768160957648,51,6742,0.7191735456865878,0.999999999999582,Signaling by ERBB2
Seer Proteograph XT,R-HSA-1358803,8,9.988148148148149,0.8009492732126965,13,6742,0.9421457840253904,0.999999999999582,
Seer Proteograph XT,R-HSA-199418,82,89.89333333333333,0.9121922278255711,117,6742,0.965016700179284,0.999999999999582,Negative regulation of the PI3K/AKT network
Seer Proteograph XT,R-HSA-210745,8,11.524786324786325,0.694156036784337,15,6742,0.9892273901570681,0.999999999999582,Regulation of gene expression in beta cells
Seer Proteograph XT,R-HSA-3769402,21,26.122849002849,0.8038939396583314,34,6742,0.9853923801003359,0.999999999999582,
Seer Proteograph XT,R-HSA-5633007,94,102.18643874643875,0.9198872291972886,133,6742,0.9611798568120214,0.999999999999582,Regulation of TP53 Activity
Seer Proteograph XT,R-HSA-6785807,60,76.83190883190883,0.7809255413823791,100,6742,0.9999501634342034,0.999999999999582,Interleukin-4 and Interleukin-13 signaling
Seer Proteograph XT,R-HSA-6804757,24,26.89116809116809,0.8924863330084333,35,6742,0.9096274329255143,0.999999999999582,Regulation of TP53 Degradation
Seer Proteograph XT,R-HSA-6804759,6,9.21982905982906,0.650771284485316,12,6742,0.9908056437107062,0.999999999999582,Regulation of TP53 Activity through Association with Co-factors
Seer Proteograph XT,R-HSA-6806003,24,26.89116809116809,0.8924863330084333,35,6742,0.9096274329255143,0.999999999999582,Regulation of TP53 Expression and Degradation
Seer Proteograph XT,R-HSA-6811558,77,85.2834188034188,0.9028718721688168,111,6742,0.9738015575983142,0.999999999999582,"PI5P, PP2A and IER3 Regulate PI3K/AKT Signaling"
Seer Proteograph XT,R-HSA-8863795,19,23.04957264957265,0.8243102936814002,30,6742,0.9707365812309415,0.999999999999582,Downregulation of ERBB2 signaling
Seer Proteograph XT,R-HSA-9634638,14,16.90301994301994,0.8282543620722204,22,6742,0.951487586342316,0.999999999999582,Estrogen-dependent nuclear events downstream of ESR-membrane signaling
Seer Proteograph XT,R-HSA-109704,28,33.037720797720795,0.8475160914227371,43,6742,0.9733862379698455,0.999999999999582,PI3K Cascade
Seer Proteograph XT,R-HSA-112399,32,36.11099715099715,0.886156642703409,47,6742,0.9407388425136408,0.999999999999582,IRS-mediated signalling
Seer Proteograph XT,R-HSA-2404192,37,39.952592592592595,0.9260975971521803,52,6742,0.8711946182132041,0.999999999999582,Signaling by Type 1 Insulin-like Growth Factor 1 Receptor (IGF1R)
Seer Proteograph XT,R-HSA-2428924,36,39.184273504273506,0.918735931038093,51,6742,0.8878193443901494,0.999999999999582,IGF1R signaling cascade
Seer Proteograph XT,R-HSA-2428928,35,38.41595441595442,0.9110797982794423,50,6742,0.9030835489000297,0.999999999999582,IRS-related events triggered by IGF1R
Seer Proteograph XT,R-HSA-74751,37,39.952592592592595,0.9260975971521803,52,6742,0.8711946182132041,0.999999999999582,Insulin receptor signalling cascade
Seer Proteograph XT,R-HSA-9927418,17,19.20797720797721,0.8850489469000297,25,6742,0.8972697062512539,0.999999999999582,Developmental Lineage of Mammary Gland Luminal Epithelial Cells
Seer Proteograph XT,R-HSA-9938206,9,9.988148148148149,0.9010679323642835,13,6742,0.8378461219746725,0.999999999999582,Developmental Lineage of Mammary Stem Cells
Seer Proteograph XT,R-HSA-163125,52,59.92888888888889,0.8676950459804212,78,6742,0.9858795190120899,0.999999999999582,
Seer Proteograph XT,R-HSA-8935690,12,16.134700854700856,0.743738610840361,21,6742,0.9880074342318224,0.999999999999582,
Seer Proteograph XT,R-HSA-9645460,6,7.683190883190883,0.7809255413823791,10,6742,0.9415674393515484,0.999999999999582,
Seer Proteograph XT,R-HSA-901032,12,12.293105413105414,0.9761569267279738,16,6742,0.6951878681439311,0.999999999999582,
Seer Proteograph XT,R-HSA-9690406,4,8.45150997150997,0.4732882068984116,11,6742,0.999318202828736,0.999999999999582,
Seer Proteograph XT,R-HSA-9925561,34,36.87931623931624,0.9219259863541975,48,6742,0.8752827014705205,0.999999999999582,
Seer Proteograph XT,R-HSA-179409,17,19.20797720797721,0.8850489469000297,25,6742,0.8972697062512539,0.999999999999582,
Seer Proteograph XT,R-HSA-2559582,37,39.184273504273506,0.9442563735669289,51,6742,0.8159491208184599,0.999999999999582,Senescence-Associated Secretory Phenotype (SASP)
Seer Proteograph XT,R-HSA-2672351,46,51.477378917378914,0.8935963906365533,67,6742,0.9550227612661378,0.999999999999582,
Seer Proteograph XT,R-HSA-190373,8,11.524786324786325,0.694156036784337,15,6742,0.9892273901570681,0.999999999999582,FGFR1c ligand binding and activation
Seer Proteograph XT,R-HSA-5654726,19,26.122849002849,0.7273326120718238,34,6742,0.9981347933247369,0.999999999999582,Negative regulation of FGFR1 signaling
Seer Proteograph XT,R-HSA-416993,12,12.293105413105414,0.9761569267279738,16,6742,0.6951878681439311,0.999999999999582,
Seer Proteograph XT,R-HSA-5140745,9,9.21982905982906,0.9761569267279739,12,6742,0.704708554349557,0.999999999999582,
Seer Proteograph XT,R-HSA-8866427,11,11.524786324786325,0.9544645505784634,15,6742,0.7453992072834992,0.999999999999582,
Seer Proteograph XT,R-HSA-6803207,9,9.21982905982906,0.9761569267279739,12,6742,0.704708554349557,0.999999999999582,TP53 Regulates Transcription of Caspase Activators and Caspases
Seer Proteograph XT,R-HSA-212676,14,15.366381766381766,0.9110797982794423,20,6742,0.8399477305271348,0.999999999999582,
Seer Proteograph XT,R-HSA-6794361,30,39.952592592592595,0.750889943636903,52,6742,0.9993801458096419,0.999999999999582,
Seer Proteograph XT,R-HSA-9968297,9,13.82974358974359,0.650771284485316,18,6742,0.9970371557585388,0.999999999999582,
Seer Proteograph XT,R-HSA-205043,10,12.293105413105414,0.8134641056066448,16,6742,0.9446036704058381,0.999999999999582,
Seer Proteograph XT,R-HSA-9707616,29,29.964444444444446,0.9678137051320083,39,6742,0.7189725812277425,0.999999999999582,
Seer Proteograph XT,R-HSA-8864260,16,20.744615384615386,0.77128448531593,27,6742,0.9882447955611167,0.999999999999582,Transcriptional regulation by the AP-2 (TFAP2) family of transcription factors
Seer Proteograph XT,R-HSA-8862803,12,13.82974358974359,0.8676950459804212,18,6742,0.8996720399879684,0.999999999999582,Deregulated CDK5 triggers multiple neurodegenerative pathways in Alzheimer's disease models
Seer Proteograph XT,R-HSA-418889,6,7.683190883190883,0.7809255413823791,10,6742,0.9415674393515484,0.999999999999582,
Seer Proteograph XT,R-HSA-383280,17,34.57435897435897,0.4916938593889054,45,6742,0.9999999961175012,0.999999999999582,
Seer Proteograph XT,R-HSA-4090294,13,20.744615384615386,0.6266686443191931,27,6742,0.9997266020742426,0.999999999999582,
Seer Proteograph XT,R-HSA-9031628,9,22.28125356125356,0.4039270041632996,29,6742,0.9999999747685453,0.999999999999582,
Seer Proteograph XT,R-HSA-179812,9,9.988148148148149,0.9010679323642835,13,6742,0.8378461219746725,0.999999999999582,GRB2 events in EGFR signaling
Seer Proteograph XT,R-HSA-180292,11,11.524786324786325,0.9544645505784634,15,6742,0.7453992072834992,0.999999999999582,GAB1 signalosome
Seer Proteograph XT,R-HSA-180336,10,10.756467236467236,0.9296732635504514,14,6742,0.7933132956127604,0.999999999999582,SHC1 events in EGFR signaling
Seer Proteograph XT,R-HSA-182971,21,23.04957264957265,0.9110797982794423,30,6742,0.8643954282007992,0.999999999999582,EGFR downregulation
Seer Proteograph XT,R-HSA-2219530,51,64.53880341880343,0.7902222740178836,84,6742,0.9997144890626046,0.999999999999582,Constitutive Signaling by Aberrant PI3K in Cancer
Seer Proteograph XT,R-HSA-2173791,10,10.756467236467236,0.9296732635504514,14,6742,0.7933132956127604,0.999999999999582,TGF-beta receptor signaling in EMT (epithelial to mesenchymal transition)
Seer Proteograph XT,R-HSA-3928664,10,12.293105413105414,0.8134641056066448,16,6742,0.9446036704058381,0.999999999999582,Ephrin signaling
Seer Proteograph XT,R-HSA-9764560,30,31.50108262108262,0.9523482211980233,41,6742,0.77552555753598,0.999999999999582,
Seer Proteograph XT,R-HSA-9764790,7,8.45150997150997,0.8282543620722204,11,6742,0.9127577118103117,0.999999999999582,
Seer Proteograph XT,R-HSA-6791312,28,29.964444444444446,0.9344408187481459,39,6742,0.8270717216338722,0.999999999999582,TP53 Regulates Transcription of Cell Cycle Genes
Seer Proteograph XT,R-HSA-6804116,5,7.683190883190883,0.650771284485316,10,6742,0.9865460224417558,0.999999999999582,TP53 Regulates Transcription of Genes Involved in G1 Cell Cycle Arrest
Seer Proteograph XT,R-HSA-210500,14,14.598062678062679,0.9590313666099393,19,6742,0.7350554506345124,0.999999999999582,
Seer Proteograph XT,R-HSA-9768919,6,11.524786324786325,0.5206170275882528,15,6742,0.9995924239065999,0.999999999999582,NPAS4 regulates expression of target genes
Seer Proteograph XT,R-HSA-5635838,8,9.21982905982906,0.8676950459804212,12,6742,0.877961376609564,0.999999999999582,
Seer Proteograph XT,R-HSA-1461973,14,26.122849002849,0.5359292931055544,34,6742,0.9999984067962564,0.999999999999582,Defensins
Seer Proteograph XT,R-HSA-6803157,47,56.08729344729345,0.8379794622139685,73,6742,0.9947030491457051,0.999999999999582,Antimicrobial peptides
Seer Proteograph XT,R-HSA-5617472,38,39.184273504273506,0.9697768160957648,51,6742,0.7191735456865878,0.999999999999582,
Seer Proteograph XT,R-HSA-9909649,25,29.964444444444446,0.8343221595965589,39,6742,0.9770031812549033,0.999999999999582,
Seer Proteograph XT,R-HSA-8963693,6,7.683190883190883,0.7809255413823791,10,6742,0.9415674393515484,0.999999999999582,
Seer Proteograph XT,R-HSA-9648895,10,11.524786324786325,0.8676950459804212,15,6742,0.8891414722712826,0.999999999999582,
Seer Proteograph XT,R-HSA-5601884,14,16.90301994301994,0.8282543620722204,22,6742,0.951487586342316,0.999999999999582,
Seer Proteograph XT,R-HSA-450341,7,7.683190883190883,0.9110797982794423,10,6742,0.8171133920874087,0.999999999999582,
Seer Proteograph XT,R-HSA-9931509,19,22.28125356125356,0.8527347865669658,29,6742,0.9469197369969263,0.999999999999582,
Seer Proteograph XT,R-HSA-9843940,16,16.90301994301994,0.9465764137968232,22,6742,0.7679252711585034,0.999999999999582,
Seer Proteograph XT,R-HSA-5685942,26,38.41595441595442,0.6768021358647286,50,6742,0.9999696653320158,0.999999999999582,
Seer Proteograph XT,R-HSA-5693537,9,16.90301994301994,0.5324492327607131,22,6742,0.9999423413354939,0.999999999999582,
Seer Proteograph XT,R-HSA-5693554,8,13.82974358974359,0.5784633639869475,18,6742,0.9993837499527506,0.999999999999582,
Seer Proteograph XT,R-HSA-5693568,9,16.134700854700856,0.5578039581302707,21,6742,0.9998389661590174,0.999999999999582,
Seer Proteograph XT,R-HSA-5693579,17,23.04957264957265,0.7375407890833581,30,6742,0.9960921407862596,0.999999999999582,
Seer Proteograph XT,R-HSA-5693616,17,22.28125356125356,0.7629732300862325,29,6742,0.9918702352122005,0.999999999999582,
Seer Proteograph XT,R-HSA-6804756,44,56.08729344729345,0.7844914114343534,73,6742,0.9995304245248755,0.999999999999582,Regulation of TP53 Activity through Phosphorylation
Seer Proteograph XT,R-HSA-6804760,11,13.82974358974359,0.7953871254820528,18,6742,0.9624036091025502,0.999999999999582,Regulation of TP53 Activity through Methylation
Seer Proteograph XT,R-HSA-912446,10,15.366381766381766,0.650771284485316,20,6742,0.9979615004821397,0.999999999999582,
Seer Proteograph XT,R-HSA-9664873,7,8.45150997150997,0.8282543620722204,11,6742,0.9127577118103117,0.999999999999582,
Seer Proteograph XT,R-HSA-9701192,8,13.0614245014245,0.6124906206920621,17,6742,0.9983408191997676,0.999999999999582,
Seer Proteograph XT,R-HSA-9704331,8,13.0614245014245,0.6124906206920621,17,6742,0.9983408191997676,0.999999999999582,
Seer Proteograph XT,R-HSA-9704646,8,13.0614245014245,0.6124906206920621,17,6742,0.9983408191997676,0.999999999999582,
Seer Proteograph XT,R-HSA-9709570,17,19.976296296296297,0.85100860278849,26,6742,0.9417445665554691,0.999999999999582,
Seer Proteograph XT,R-HSA-9709603,8,13.0614245014245,0.6124906206920621,17,6742,0.9983408191997676,0.999999999999582,
Seer Proteograph XT,R-HSA-2173795,19,21.51293447293447,0.8831896003729288,28,6742,0.9078633114701793,0.999999999999582,
Seer Proteograph XT,R-HSA-176187,21,23.04957264957265,0.9110797982794423,30,6742,0.8643954282007992,0.999999999999582,
Seer Proteograph XT,R-HSA-6783310,8,17.67133903133903,0.4527104587723937,23,6742,0.9999970652202548,0.999999999999582,
Seer Proteograph XT,R-HSA-5689877,7,7.683190883190883,0.9110797982794423,10,6742,0.8171133920874087,0.999999999999582,
Seer Proteograph XT,R-HSA-6804114,9,11.524786324786325,0.7809255413823791,15,6742,0.9613008151583622,0.999999999999582,TP53 Regulates Transcription of Genes Involved in G2 Cell Cycle Arrest
Seer Proteograph XT,R-HSA-1368108,14,15.366381766381766,0.9110797982794423,20,6742,0.8399477305271348,0.999999999999582,
Seer Proteograph XT,R-HSA-4641265,7,9.21982905982906,0.7592331652328685,12,6742,0.9614725810913586,0.999999999999582,
Seer Proteograph XT,R-HSA-9943962,10,11.524786324786325,0.8676950459804212,15,6742,0.8891414722712826,0.999999999999582,
Seer Proteograph XT,R-HSA-9037629,3,9.988148148148149,0.30035597745476117,13,6742,0.999995094743727,0.999999999999582,
Seer Proteograph XT,R-HSA-8931838,10,10.756467236467236,0.9296732635504514,14,6742,0.7933132956127604,0.999999999999582,
Seer Proteograph XT,R-HSA-9939291,8,9.21982905982906,0.8676950459804212,12,6742,0.877961376609564,0.999999999999582,
Seer Proteograph XT,R-HSA-975576,16,18.43965811965812,0.8676950459804212,24,6742,0.9180986997032727,0.999999999999582,
Seer Proteograph XT,R-HSA-975577,9,11.524786324786325,0.7809255413823791,15,6742,0.9613008151583622,0.999999999999582,
Seer Proteograph XT,R-HSA-9708530,6,7.683190883190883,0.7809255413823791,10,6742,0.9415674393515484,0.999999999999582,
Seer Proteograph XT,R-HSA-1839124,22,23.04957264957265,0.9544645505784634,30,6742,0.7556901846760757,0.999999999999582,FGFR1 mutant receptor activation
Seer Proteograph XT,R-HSA-2173788,17,18.43965811965812,0.9219259863541975,24,6742,0.828086590222475,0.999999999999582,Downregulation of TGF-beta receptor signaling
Seer Proteograph XT,R-HSA-3899300,30,31.50108262108262,0.9523482211980233,41,6742,0.77552555753598,0.999999999999582,
Seer Proteograph XT,R-HSA-9614657,9,9.988148148148149,0.9010679323642835,13,6742,0.8378461219746725,0.999999999999582,
Seer Proteograph XT,R-HSA-9702518,7,7.683190883190883,0.9110797982794423,10,6742,0.8171133920874087,0.999999999999582,
Seer Proteograph XT,R-HSA-6803205,9,11.524786324786325,0.7809255413823791,15,6742,0.9613008151583622,0.999999999999582,TP53 regulates transcription of several additional cell death genes whose specific roles in p53-dependent apoptosis remain uncertain
Seer Proteograph XT,R-HSA-749476,20,20.744615384615386,0.9641056066449124,27,6742,0.7242272361940514,0.999999999999582,
Seer Proteograph XT,R-HSA-76071,16,17.67133903133903,0.9054209175447874,23,6742,0.8580906267160743,0.999999999999582,
Seer Proteograph XT,R-HSA-9008059,15,16.90301994301994,0.8874153879345218,22,6742,0.8852461210463312,0.999999999999582,
Seer Proteograph XT,R-HSA-9931510,8,13.82974358974359,0.5784633639869475,18,6742,0.9993837499527506,0.999999999999582,
Seer Proteograph XT,R-HSA-168927,11,13.0614245014245,0.8421746034515853,17,6742,0.9240676501991946,0.999999999999582,"TICAM1, RIP1-mediated IKK complex recruitment"
Seer Proteograph XT,R-HSA-5357956,22,23.81789173789174,0.9236753715275452,31,6742,0.8392359756114293,0.999999999999582,TNFR1-induced NF-kappa-B signaling pathway
Seer Proteograph XT,R-HSA-5676594,10,12.293105413105414,0.8134641056066448,16,6742,0.9446036704058381,0.999999999999582,TNF receptor superfamily (TNFSF) members mediating non-canonical NF-kB pathway
Seer Proteograph XT,R-HSA-937041,14,16.134700854700856,0.8676950459804211,21,6742,0.9093339266085075,0.999999999999582,IKK complex recruitment mediated by RIP1
Seer Proteograph XT,R-HSA-162658,9,9.21982905982906,0.9761569267279739,12,6742,0.704708554349557,0.999999999999582,
Seer Proteograph XT,R-HSA-9931521,6,8.45150997150997,0.7099323103476174,11,6742,0.9761391124010323,0.999999999999582,
Seer Proteograph XT,R-HSA-9754189,7,9.21982905982906,0.7592331652328685,12,6742,0.9614725810913586,0.999999999999582,
Seer Proteograph XT,R-HSA-9830364,7,10.756467236467236,0.650771284485316,14,6742,0.9937078051788847,0.999999999999582,
Seer Proteograph XT,R-HSA-9830674,9,11.524786324786325,0.7809255413823791,15,6742,0.9613008151583622,0.999999999999582,
Seer Proteograph XT,R-HSA-9834899,3,9.21982905982906,0.325385642242658,12,6742,0.9999819390947481,0.999999999999582,
Seer Proteograph XT,R-HSA-9844594,14,16.134700854700856,0.8676950459804211,21,6742,0.9093339266085075,0.999999999999582,
Seer Proteograph XT,R-HSA-170968,9,9.21982905982906,0.9761569267279739,12,6742,0.704708554349557,0.999999999999582,
Seer Proteograph XT,R-HSA-5654727,19,26.122849002849,0.7273326120718238,34,6742,0.9981347933247369,0.999999999999582,Negative regulation of FGFR2 signaling
Seer Proteograph XT,R-HSA-5654732,18,22.28125356125356,0.8078540083265991,29,6742,0.9778986364125565,0.999999999999582,Negative regulation of FGFR3 signaling
Seer Proteograph XT,R-HSA-5654733,20,23.81789173789174,0.8397048832068592,31,6742,0.9620415087309544,0.999999999999582,Negative regulation of FGFR4 signaling
Seer Proteograph XT,R-HSA-1250196,15,17.67133903133903,0.8488321101982382,23,6742,0.936162672915563,0.999999999999582,SHC1 events in ERBB2 signaling
Seer Proteograph XT,R-HSA-1250347,9,10.756467236467236,0.8367059371954062,14,6742,0.9180052094261144,0.999999999999582,SHC1 events in ERBB4 signaling
Seer Proteograph XT,R-HSA-1963640,10,12.293105413105414,0.8134641056066448,16,6742,0.9446036704058381,0.999999999999582,GRB2 events in ERBB2 signaling
Seer Proteograph XT,R-HSA-1963642,8,11.524786324786325,0.694156036784337,15,6742,0.9892273901570681,0.999999999999582,PI3K events in ERBB2 signaling
Seer Proteograph XT,R-HSA-6785631,8,11.524786324786325,0.694156036784337,15,6742,0.9892273901570681,0.999999999999582,ERBB2 Regulates Cell Motility
Seer Proteograph XT,R-HSA-8847993,5,9.988148148148149,0.5005932957579353,13,6742,0.9994635616761747,0.999999999999582,ERBB2 Activates PTK6 Signaling
Seer Proteograph XT,R-HSA-9664565,17,18.43965811965812,0.9219259863541975,24,6742,0.828086590222475,0.999999999999582,Signaling by ERBB2 KD Mutants
Seer Proteograph XT,R-HSA-9665686,15,16.90301994301994,0.8874153879345218,22,6742,0.8852461210463312,0.999999999999582,Signaling by ERBB2 TMD/JMD mutants
Seer Proteograph XT,R-HSA-8851680,7,8.45150997150997,0.8282543620722204,11,6742,0.9127577118103117,0.999999999999582,
Seer Proteograph XT,R-HSA-9617828,11,12.293105413105414,0.8948105161673093,16,6742,0.855864153390549,0.999999999999582,
Seer Proteograph XT,R-HSA-5083632,9,9.988148148148149,0.9010679323642835,13,6742,0.8378461219746725,0.999999999999582,
Seer Proteograph XT,R-HSA-9968734,18,23.04957264957265,0.7809255413823791,30,6742,0.9886417191849789,0.999999999999582,Differentiation of Circulating Monocytes
Seer Proteograph XT,R-HSA-1475029,8,9.21982905982906,0.8676950459804212,12,6742,0.877961376609564,0.999999999999582,Reversible hydration of carbon dioxide
Seer Proteograph XT,R-HSA-5576892,8,14.598062678062679,0.5480179237771081,19,6742,0.9997780036971745,0.999999999999582,
Seer Proteograph XT,R-HSA-2514859,15,18.43965811965812,0.813464105606645,24,6742,0.9662692949360469,0.999999999999582,
Seer Proteograph XT,R-HSA-9933387,12,14.598062678062679,0.8220268856656622,19,6742,0.9478901731055029,0.999999999999582,
Seer Proteograph XT,R-HSA-8877330,5,7.683190883190883,0.650771284485316,10,6742,0.9865460224417558,0.999999999999582,RUNX1 and FOXP3 control the development of regulatory T lymphocytes (Tregs)
Seer Proteograph XT,R-HSA-8939242,7,7.683190883190883,0.9110797982794423,10,6742,0.8171133920874087,0.999999999999582,RUNX1 regulates transcription of genes involved in differentiation of keratinocytes
Seer Proteograph XT,R-HSA-1433559,12,13.0614245014245,0.9187359310380931,17,6742,0.818662246040379,0.999999999999582,Regulation of KIT signaling
Seer Proteograph XT,R-HSA-6807004,16,16.90301994301994,0.9465764137968232,22,6742,0.7679252711585034,0.999999999999582,
Seer Proteograph XT,R-HSA-8875360,9,11.524786324786325,0.7809255413823791,15,6742,0.9613008151583622,0.999999999999582,
Seer Proteograph XT,R-HSA-6783783,30,33.80603988603988,0.8874153879345218,44,6742,0.9342716842294478,0.999999999999582,Interleukin-10 signaling
Seer Proteograph XT,R-HSA-9942503,6,8.45150997150997,0.7099323103476174,11,6742,0.9761391124010323,0.999999999999582,Differentiation of naive CD4+ T cells to T helper 1 cells (Th1 cells)
Seer Proteograph XT,R-HSA-1362300,7,9.988148148148149,0.7008306140611095,13,6742,0.9840205110016548,0.999999999999582,
Seer Proteograph XT,R-HSA-1538133,12,17.67133903133903,0.6790656881585906,23,6742,0.9976769879020172,0.999999999999582,
Seer Proteograph XT,R-HSA-69273,11,20.744615384615386,0.5302580836547018,27,6742,0.9999888643041966,0.999999999999582,
Seer Proteograph XT,R-HSA-75035,9,9.988148148148149,0.9010679323642835,13,6742,0.8378461219746725,0.999999999999582,
Seer Proteograph XT,R-HSA-2032785,6,9.21982905982906,0.650771284485316,12,6742,0.9908056437107062,0.999999999999582,
Seer Proteograph XT,R-HSA-69205,11,16.90301994301994,0.650771284485316,22,6742,0.998595231329199,0.999999999999582,
Seer Proteograph XT,R-HSA-156711,4,12.293105413105414,0.3253856422426579,16,6742,0.9999985360176038,0.999999999999582,
Seer Proteograph XT,R-HSA-9661069,7,10.756467236467236,0.650771284485316,14,6742,0.9937078051788847,0.999999999999582,
Seer Proteograph XT,R-HSA-9825892,8,12.293105413105414,0.6507712844853158,16,6742,0.9956862076168144,0.999999999999582,
Seer Proteograph XT,R-HSA-2173793,18,19.976296296296297,0.9010679323642835,26,6742,0.8737241919725518,0.999999999999582,
Seer Proteograph XT,R-HSA-2173796,22,25.354529914529916,0.8676950459804211,33,6742,0.9395389473291644,0.999999999999582,
Seer Proteograph XT,R-HSA-1461957,5,18.43965811965812,0.27115470186888163,24,6742,0.9999999992690015,0.999999999999582,
Seer Proteograph XT,R-HSA-936964,12,13.0614245014245,0.9187359310380931,17,6742,0.818662246040379,0.999999999999582,
Seer Proteograph XT,R-HSA-937072,9,10.756467236467236,0.8367059371954062,14,6742,0.9180052094261144,0.999999999999582,
Seer Proteograph XT,R-HSA-975163,9,9.988148148148149,0.9010679323642835,13,6742,0.8378461219746725,0.999999999999582,
Seer Proteograph XT,R-HSA-9824878,10,10.756467236467236,0.9296732635504514,14,6742,0.7933132956127604,0.999999999999582,
Seer Proteograph XT,R-HSA-5669034,12,21.51293447293447,0.5578039581302708,28,6742,0.9999777635885914,0.999999999999582,TNFs bind their physiological receptors
Seer Proteograph XT,R-HSA-9931295,12,12.293105413105414,0.9761569267279738,16,6742,0.6951878681439311,0.999999999999582,
Seer Proteograph XT,R-HSA-73614,8,8.45150997150997,0.9465764137968232,11,6742,0.7624594951028927,0.999999999999582,
Seer Proteograph XT,R-HSA-1362277,9,13.0614245014245,0.6890519482785699,17,6742,0.992699769585992,0.999999999999582,
Seer Proteograph XT,R-HSA-2122947,27,30.73276353276353,0.8785412340551766,40,6742,0.939515727877552,0.999999999999582,
Seer Proteograph XT,R-HSA-3232118,10,12.293105413105414,0.8134641056066448,16,6742,0.9446036704058381,0.999999999999582,SUMOylation of transcription factors
Seer Proteograph XT,R-HSA-606279,13,13.82974358974359,0.9400029664787897,18,6742,0.7781573490665841,0.999999999999582,
Seer Proteograph XT,R-HSA-983189,39,44.56250712250712,0.8751751756871491,58,6742,0.9668790592314046,0.999999999999582,
Seer Proteograph XT,R-HSA-9937080,8,13.0614245014245,0.6124906206920621,17,6742,0.9983408191997676,0.999999999999582,
Seer Proteograph XT,R-HSA-5578768,6,9.21982905982906,0.650771284485316,12,6742,0.9908056437107062,0.999999999999582,
Seer Proteograph XT,R-HSA-264642,8,9.988148148148149,0.8009492732126965,13,6742,0.9421457840253904,0.999999999999582,
Seer Proteograph XT,R-HSA-9981148,26,26.89116809116809,0.9668601940924694,35,6742,0.7198608552684198,0.999999999999582,
Seer Proteograph XT,R-HSA-937039,8,9.988148148148149,0.8009492732126965,13,6742,0.9421457840253904,0.999999999999582,
Seer Proteograph XT,R-HSA-975144,8,9.988148148148149,0.8009492732126965,13,6742,0.9421457840253904,0.999999999999582,
Seer Proteograph XT,R-HSA-6788467,9,13.0614245014245,0.6890519482785699,17,6742,0.992699769585992,0.999999999999582,IL-6-type cytokine receptor ligand interactions
Seer Proteograph XT,R-HSA-420029,4,8.45150997150997,0.4732882068984116,11,6742,0.999318202828736,0.999999999999582,
Seer Proteograph XT,R-HSA-5621480,17,17.67133903133903,0.9620097248913366,23,6742,0.728477928102066,0.999999999999582,Dectin-2 family
Seer Proteograph XT,R-HSA-8948216,29,31.50108262108262,0.9206032804914226,41,6742,0.8661559369428189,0.999999999999582,
Seer Proteograph XT,R-HSA-9636383,7,7.683190883190883,0.9110797982794423,10,6742,0.8171133920874087,0.999999999999582,
Seer Proteograph XT,R-HSA-9022699,10,12.293105413105414,0.8134641056066448,16,6742,0.9446036704058381,0.999999999999582,
Seer Proteograph XT,R-HSA-210744,6,7.683190883190883,0.7809255413823791,10,6742,0.9415674393515484,0.999999999999582,
Seer Proteograph XT,R-HSA-8941856,7,7.683190883190883,0.9110797982794423,10,6742,0.8171133920874087,0.999999999999582,
Seer Proteograph XT,R-HSA-9013508,13,14.598062678062679,0.8905291261378007,19,6742,0.8715447956694066,0.999999999999582,
Seer Proteograph XT,R-HSA-933541,15,19.976296296296297,0.750889943636903,26,6742,0.9917625544823436,0.999999999999582,
Seer Proteograph XT,R-HSA-9833109,16,24.586210826210827,0.6507712844853158,32,6742,0.9997774930851477,0.999999999999582,
Seer Proteograph XT,R-HSA-451927,28,30.73276353276353,0.9110797982794423,40,6742,0.8854521868852597,0.999999999999582,
Seer Proteograph XT,R-HSA-912526,18,19.976296296296297,0.9010679323642835,26,6742,0.8737241919725518,0.999999999999582,
Seer Proteograph XT,R-HSA-9674555,23,23.81789173789174,0.9656606156878882,31,6742,0.7215123611116129,0.999999999999582,Signaling by CSF3 (G-CSF)
Seer Proteograph XT,R-HSA-9705462,18,19.976296296296297,0.9010679323642835,26,6742,0.8737241919725518,0.999999999999582,
Seer Proteograph XT,R-HSA-1170546,9,10.756467236467236,0.8367059371954062,14,6742,0.9180052094261144,0.999999999999582,
Seer Proteograph XT,R-HSA-9733709,8,13.82974358974359,0.5784633639869475,18,6742,0.9993837499527506,0.999999999999582,
Seer Proteograph XT,R-HSA-9796292,7,7.683190883190883,0.9110797982794423,10,6742,0.8171133920874087,0.999999999999582,
Seer Proteograph XT,R-HSA-110314,20,21.51293447293447,0.9296732635504514,28,6742,0.8190276150684586,0.999999999999582,
Seer Proteograph XT,R-HSA-9673324,7,7.683190883190883,0.9110797982794423,10,6742,0.8171133920874087,0.999999999999582,
Seer Proteograph XT,R-HSA-2453902,9,12.293105413105414,0.7321176950459803,16,6742,0.9827685726973217,0.999999999999582,
Seer Proteograph XT,R-HSA-428542,7,8.45150997150997,0.8282543620722204,11,6742,0.9127577118103117,0.999999999999582,
Seer Proteograph XT,R-HSA-3134975,8,10.756467236467236,0.7437386108403611,14,6742,0.974333216824425,0.999999999999582,
Seer Proteograph XT,R-HSA-3772470,8,9.21982905982906,0.8676950459804212,12,6742,0.877961376609564,0.999999999999582,
Seer Proteograph XT,R-HSA-452723,12,17.67133903133903,0.6790656881585906,23,6742,0.9976769879020172,0.999999999999582,
Seer Proteograph XT,R-HSA-8849932,9,13.0614245014245,0.6890519482785699,17,6742,0.992699769585992,0.999999999999582,
Seer Proteograph XT,R-HSA-2892247,3,7.683190883190883,0.39046277069118956,10,6742,0.9997664001250852,0.999999999999582,
Seer Proteograph XT,R-HSA-112409,13,14.598062678062679,0.8905291261378007,19,6742,0.8715447956694066,0.999999999999582,RAF-independent MAPK1/3 activation
Seer Proteograph XT,R-HSA-3928663,16,22.28125356125356,0.7180924518458659,29,6742,0.9973600933969643,0.999999999999582,EPHA-mediated growth cone collapse
Seer Proteograph XT,R-HSA-3322077,8,8.45150997150997,0.9465764137968232,11,6742,0.7624594951028927,0.999999999999582,
Seer Proteograph XT,R-HSA-1296072,4,9.21982905982906,0.4338475229902106,12,6742,0.9997920791606203,0.999999999999582,
Seer Proteograph XT,R-HSA-5689896,25,26.89116809116809,0.9296732635504513,35,6742,0.8325228024835104,0.999999999999582,Ovarian tumor domain proteases
Seer Proteograph XT,R-HSA-6803211,7,9.21982905982906,0.7592331652328685,12,6742,0.9614725810913586,0.999999999999582,TP53 Regulates Transcription of Death Receptors and Ligands
Seer Proteograph XT,R-HSA-5685939,7,8.45150997150997,0.8282543620722204,11,6742,0.9127577118103117,0.999999999999582,
Seer Proteograph XT,R-HSA-1839122,5,9.21982905982906,0.5423094037377633,12,6742,0.9983704501649675,0.999999999999582,Signaling by activated point mutants of FGFR1
Seer Proteograph XT,R-HSA-1839126,18,23.81789173789174,0.7557343948861733,31,6742,0.9943711743329049,0.999999999999582,FGFR2 mutant receptor activation
Seer Proteograph XT,R-HSA-1839130,5,9.21982905982906,0.5423094037377633,12,6742,0.9983704501649675,0.999999999999582,Signaling by activated point mutants of FGFR3
Seer Proteograph XT,R-HSA-190322,7,10.756467236467236,0.650771284485316,14,6742,0.9937078051788847,0.999999999999582,FGFR4 ligand binding and activation
Seer Proteograph XT,R-HSA-190372,6,9.988148148148149,0.6007119549095223,13,6742,0.9966214717470361,0.999999999999582,FGFR3c ligand binding and activation
Seer Proteograph XT,R-HSA-190375,5,9.988148148148149,0.5005932957579353,13,6742,0.9994635616761747,0.999999999999582,FGFR2c ligand binding and activation
Seer Proteograph XT,R-HSA-190377,6,7.683190883190883,0.7809255413823791,10,6742,0.9415674393515484,0.999999999999582,FGFR2b ligand binding and activation
Seer Proteograph XT,R-HSA-2033514,5,9.21982905982906,0.5423094037377633,12,6742,0.9983704501649675,0.999999999999582,FGFR3 mutant receptor activation
Seer Proteograph XT,R-HSA-2033519,6,13.0614245014245,0.4593679655190466,17,6742,0.9999562085368603,0.999999999999582,Activated point mutants of FGFR2
Seer Proteograph XT,R-HSA-5654219,6,13.0614245014245,0.4593679655190466,17,6742,0.9999562085368603,0.999999999999582,Phospholipase C-mediated cascade: FGFR1
Seer Proteograph XT,R-HSA-5654221,7,13.82974358974359,0.5061554434885791,18,6742,0.9998963676275717,0.999999999999582,Phospholipase C-mediated cascade; FGFR2
Seer Proteograph XT,R-HSA-5654227,6,9.988148148148149,0.6007119549095223,13,6742,0.9966214717470361,0.999999999999582,Phospholipase C-mediated cascade; FGFR3
Seer Proteograph XT,R-HSA-5654228,8,11.524786324786325,0.694156036784337,15,6742,0.9892273901570681,0.999999999999582,Phospholipase C-mediated cascade; FGFR4
Seer Proteograph XT,R-HSA-5654687,15,23.04957264957265,0.650771284485316,30,6742,0.9996790230585387,0.999999999999582,Downstream signaling of activated FGFR1
Seer Proteograph XT,R-HSA-5654688,11,16.90301994301994,0.650771284485316,22,6742,0.998595231329199,0.999999999999582,SHC-mediated cascade:FGFR1
Seer Proteograph XT,R-HSA-5654689,9,16.134700854700856,0.5578039581302707,21,6742,0.9998389661590174,0.999999999999582,PI-3K cascade:FGFR1
Seer Proteograph XT,R-HSA-5654693,11,17.67133903133903,0.6224768808120413,23,6742,0.9994369544707824,0.999999999999582,FRS-mediated FGFR1 signaling
Seer Proteograph XT,R-HSA-5654695,10,16.90301994301994,0.5916102586230145,22,6742,0.9996896464596623,0.999999999999582,PI-3K cascade:FGFR2
Seer Proteograph XT,R-HSA-5654699,12,17.67133903133903,0.6790656881585906,23,6742,0.9976769879020172,0.999999999999582,SHC-mediated cascade:FGFR2
Seer Proteograph XT,R-HSA-5654700,12,18.43965811965812,0.650771284485316,24,6742,0.9990305453716651,0.999999999999582,FRS-mediated FGFR2 signaling
Seer Proteograph XT,R-HSA-5654704,11,13.82974358974359,0.7953871254820528,18,6742,0.9624036091025502,0.999999999999582,SHC-mediated cascade:FGFR3
Seer Proteograph XT,R-HSA-5654706,11,14.598062678062679,0.7535246451935237,19,6742,0.9823595835984902,0.999999999999582,FRS-mediated FGFR3 signaling
Seer Proteograph XT,R-HSA-5654710,9,13.0614245014245,0.6890519482785699,17,6742,0.992699769585992,0.999999999999582,PI-3K cascade:FGFR3
Seer Proteograph XT,R-HSA-5654712,13,16.134700854700856,0.805716828410391,21,6742,0.9641731504619419,0.999999999999582,FRS-mediated FGFR4 signaling
Seer Proteograph XT,R-HSA-5654719,13,15.366381766381766,0.8460026698309108,20,6742,0.930225059505054,0.999999999999582,SHC-mediated cascade:FGFR4
Seer Proteograph XT,R-HSA-5654720,11,14.598062678062679,0.7535246451935237,19,6742,0.9823595835984902,0.999999999999582,PI-3K cascade:FGFR4
Seer Proteograph XT,R-HSA-5655253,26,30.73276353276353,0.8460026698309108,40,6742,0.970876077636333,0.999999999999582,Signaling by FGFR2 in disease
Seer Proteograph XT,R-HSA-5655332,13,16.134700854700856,0.805716828410391,21,6742,0.9641731504619419,0.999999999999582,Signaling by FGFR3 in disease
Seer Proteograph XT,R-HSA-5658623,6,9.988148148148149,0.6007119549095223,13,6742,0.9966214717470361,0.999999999999582,
Seer Proteograph XT,R-HSA-4641263,8,16.134700854700856,0.49582574056024065,21,6742,0.999973350818191,0.999999999999582,
Seer Proteograph XT,R-HSA-1296041,13,13.82974358974359,0.9400029664787897,18,6742,0.7781573490665841,0.999999999999582,
Seer Proteograph XT,R-HSA-420499,1,7.683190883190883,0.1301542568970632,10,6742,0.9999995619713969,0.999999999999582,
Seer Proteograph XT,R-HSA-997272,13,13.82974358974359,0.9400029664787897,18,6742,0.7781573490665841,0.999999999999582,
Seer Proteograph XT,R-HSA-5083636,9,9.988148148148149,0.9010679323642835,13,6742,0.8378461219746725,0.999999999999582,
Seer Proteograph XT,R-HSA-5083625,9,9.988148148148149,0.9010679323642835,13,6742,0.8378461219746725,0.999999999999582,
Seer Proteograph XT,R-HSA-190861,16,17.67133903133903,0.9054209175447874,23,6742,0.8580906267160743,0.999999999999582,
Seer Proteograph XT,R-HSA-9717207,6,9.988148148148149,0.6007119549095223,13,6742,0.9966214717470361,0.999999999999582,
Seer Proteograph XT,R-HSA-167044,13,14.598062678062679,0.8905291261378007,19,6742,0.8715447956694066,0.999999999999582,Signalling to RAS
Seer Proteograph XT,R-HSA-392154,10,14.598062678062679,0.6850224047213852,19,6742,0.9950321609856178,0.999999999999582,
Seer Proteograph XT,R-HSA-442660,7,8.45150997150997,0.8282543620722204,11,6742,0.9127577118103117,0.999999999999582,
Seer Proteograph XT,R-HSA-912694,7,16.90301994301994,0.4141271810361102,22,6742,0.999998861404351,0.999999999999582,
Seer Proteograph XT,R-HSA-877312,10,10.756467236467236,0.9296732635504514,14,6742,0.7933132956127604,0.999999999999582,
Seer Proteograph XT,R-HSA-8854691,11,19.20797720797721,0.5726787303470781,25,6742,0.9999169176350794,0.999999999999582,
Seer Proteograph XT,R-HSA-209543,8,9.988148148148149,0.8009492732126965,13,6742,0.9421457840253904,0.999999999999582,
Seer Proteograph XT,R-HSA-209560,8,9.988148148148149,0.8009492732126965,13,6742,0.9421457840253904,0.999999999999582,
Seer Proteograph XT,R-HSA-9013973,8,9.21982905982906,0.8676950459804212,12,6742,0.877961376609564,0.999999999999582,
Seer Proteograph XT,R-HSA-9828211,7,8.45150997150997,0.8282543620722204,11,6742,0.9127577118103117,0.999999999999582,
Seer Proteograph XT,R-HSA-388844,7,14.598062678062679,0.47951568330496963,19,6742,0.9999654132536367,0.999999999999582,
Seer Proteograph XT,R-HSA-9020558,8,8.45150997150997,0.9465764137968232,11,6742,0.7624594951028927,0.999999999999582,
Seer Proteograph XT,R-HSA-418457,7,9.988148148148149,0.7008306140611095,13,6742,0.9840205110016548,0.999999999999582,
Seer Proteograph XT,R-HSA-975110,6,7.683190883190883,0.7809255413823791,10,6742,0.9415674393515484,0.999999999999582,
Seer Proteograph XT,R-HSA-5656169,20,23.81789173789174,0.8397048832068592,31,6742,0.9620415087309544,0.999999999999582,
Seer Proteograph XT,R-HSA-5696397,17,17.67133903133903,0.9620097248913366,23,6742,0.728477928102066,0.999999999999582,
Seer Proteograph XT,R-HSA-1482788,16,18.43965811965812,0.8676950459804212,24,6742,0.9180986997032727,0.999999999999582,
Seer Proteograph XT,R-HSA-1482925,9,11.524786324786325,0.7809255413823791,15,6742,0.9613008151583622,0.999999999999582,
Seer Proteograph XT,R-HSA-1482801,13,14.598062678062679,0.8905291261378007,19,6742,0.8715447956694066,0.999999999999582,
Seer Proteograph XT,R-HSA-110312,10,11.524786324786325,0.8676950459804212,15,6742,0.8891414722712826,0.999999999999582,
Seer Proteograph XT,R-HSA-5655862,10,12.293105413105414,0.8134641056066448,16,6742,0.9446036704058381,0.999999999999582,
Seer Proteograph XT,R-HSA-5656121,10,12.293105413105414,0.8134641056066448,16,6742,0.9446036704058381,0.999999999999582,
Seer Proteograph XT,R-HSA-9968295,11,15.366381766381766,0.7158484129338476,20,6742,0.9921028214890958,0.999999999999582,
Seer Proteograph XT,R-HSA-181430,11,11.524786324786325,0.9544645505784634,15,6742,0.7453992072834992,0.999999999999582,
Seer Proteograph XT,R-HSA-1482922,10,11.524786324786325,0.8676950459804212,15,6742,0.8891414722712826,0.999999999999582,
Seer Proteograph XT,R-HSA-3295583,11,11.524786324786325,0.9544645505784634,15,6742,0.7453992072834992,0.999999999999582,
Seer Proteograph XT,R-HSA-6793080,6,8.45150997150997,0.7099323103476174,11,6742,0.9761391124010323,0.999999999999582,
Seer Proteograph XT,R-HSA-977068,13,15.366381766381766,0.8460026698309108,20,6742,0.930225059505054,0.999999999999582,
Seer Proteograph XT,R-HSA-8948747,7,7.683190883190883,0.9110797982794423,10,6742,0.8171133920874087,0.999999999999582,
Seer Proteograph XT,R-HSA-110320,13,13.82974358974359,0.9400029664787897,18,6742,0.7781573490665841,0.999999999999582,
Seer Proteograph XT,R-HSA-181429,10,11.524786324786325,0.8676950459804212,15,6742,0.8891414722712826,0.999999999999582,
Seer Proteograph XT,R-HSA-435354,9,9.21982905982906,0.9761569267279739,12,6742,0.704708554349557,0.999999999999582,
Seer Proteograph XT,R-HSA-3238698,9,9.21982905982906,0.9761569267279739,12,6742,0.704708554349557,0.999999999999582,
SomaSeq,R-HSA-6785807,92,68.18233618233619,1.3493230820658533,100,5983,1.0222499701899919e-08,1.3135912116941394e-05,Interleukin-4 and Interleukin-13 signaling
SomaSeq,R-HSA-381426,100,77.04603988603989,1.2979252424642682,113,5983,3.63484714118101e-07,0.0001556926192139199,Regulation of Insulin-like Growth Factor (IGF) transport and uptake by Insulin-like Growth Factor Binding Proteins (IGFBPs)
SomaSeq,R-HSA-9856649,52,36.81846153846154,1.4123349490222294,54,5983,3.318665237594961e-07,0.0001556926192139199,
SomaSeq,R-HSA-76005,106,83.8642735042735,1.2639470369298378,123,5983,3.2021873646736613e-06,0.0006981924898207708,Response to elevated platelet cytosolic Ca2+
SomaSeq,R-HSA-8957275,88,68.18233618233619,1.2906568611064682,100,5983,3.2600427540269454e-06,0.0006981924898207708,Post-translational protein phosphorylation
SomaSeq,R-HSA-8950505,33,22.50017094017094,1.466655523984623,33,5983,3.15456950354623e-06,0.0006981924898207708,Gene and protein expression by JAK-STAT signaling after Interleukin-12 stimulation
SomaSeq,R-HSA-9020591,39,27.272934472934473,1.4299891358850074,40,5983,4.2190099124059e-06,0.0007744896767773688,Interleukin-12 signaling
SomaSeq,R-HSA-5654687,30,20.454700854700853,1.4666555239846233,30,5983,1.0001883376459946e-05,0.0016065525173438787,Downstream signaling of activated FGFR1
SomaSeq,R-HSA-114608,100,79.77333333333333,1.2535517299013874,117,5983,1.344523638568984e-05,0.001919680972845716,Platelet degranulation 
SomaSeq,R-HSA-2219530,74,57.273162393162394,1.2920536758912156,84,5983,1.8471010631532204e-05,0.002373524866151888,Constitutive Signaling by Aberrant PI3K in Cancer
SomaSeq,R-HSA-6803157,65,49.77310541310541,1.3059261514931575,73,5983,2.728915932929821e-05,0.0031878699761952907,Antimicrobial peptides
SomaSeq,R-HSA-9755511,89,70.90962962962963,1.255118669563764,104,5983,3.6325388071158394e-05,0.0038898436392865447,KEAP1-NFE2L2 pathway
SomaSeq,R-HSA-1227986,47,34.772991452991455,1.3516237181819075,51,5983,4.515696158026045e-05,0.004463591971587283,Signaling by ERBB2
SomaSeq,R-HSA-8878159,68,53.18222222222222,1.278622764499415,78,5983,8.783979795010134e-05,0.008062438597562872,Transcriptional regulation by RUNX3
SomaSeq,R-HSA-1433557,40,29.31840455840456,1.3643307199856958,43,5983,0.0001006644291218862,0.008084611963851485,Signaling by SCF-KIT
SomaSeq,R-HSA-5654700,24,16.363760683760685,1.466655523984623,24,5983,0.00010040065451117144,0.008084611963851485,FRS-mediated FGFR2 signaling
SomaSeq,R-HSA-8856828,106,87.27339031339031,1.214574105799766,128,5983,0.00012659583523949052,0.00882545212609703,Clathrin-mediated endocytosis
SomaSeq,R-HSA-9614085,52,39.54575498575499,1.3149325387448343,58,5983,0.00011750854316876971,0.00882545212609703,FOXO-mediated transcription
SomaSeq,R-HSA-9607240,34,24.545641025641025,1.385174661541033,36,5983,0.0001557708897411592,0.00882545212609703,FLT3 Signaling
SomaSeq,R-HSA-375276,105,86.59156695156695,1.2125892127431923,127,5983,0.0001552529818668395,0.00882545212609703,Peptide ligand-binding receptors
SomaSeq,R-HSA-6794361,47,35.45481481481482,1.325630954370717,52,5983,0.00015796529097294293,0.00882545212609703,
SomaSeq,R-HSA-5654693,23,15.681937321937323,1.466655523984623,23,5983,0.000147433981255331,0.00882545212609703,FRS-mediated FGFR1 signaling
SomaSeq,R-HSA-5654699,23,15.681937321937323,1.466655523984623,23,5983,0.000147433981255331,0.00882545212609703,SHC-mediated cascade:FGFR2
SomaSeq,R-HSA-9759194,72,57.273162393162394,1.257133306272534,84,5983,0.00018294836116207366,0.009795360170552695,Nuclear events mediated by NFE2L2
SomaSeq,R-HSA-5654688,22,15.00011396011396,1.466655523984623,22,5983,0.00021648878341350652,0.010699541795629071,SHC-mediated cascade:FGFR1
SomaSeq,R-HSA-5654695,22,15.00011396011396,1.466655523984623,22,5983,0.00021648878341350652,0.010699541795629071,PI-3K cascade:FGFR2
SomaSeq,R-HSA-9769739,45,34.09116809116809,1.3199899715861607,50,5983,0.0002810944654107241,0.013176237194989547,Regulation of clotting cascade
SomaSeq,R-HSA-1461973,32,23.1819943019943,1.3803816696325866,34,5983,0.00030148234716572764,0.013176237194989547,Defensins
SomaSeq,R-HSA-5654689,21,14.318290598290599,1.466655523984623,21,5983,0.00031787031365344435,0.013176237194989547,PI-3K cascade:FGFR1
SomaSeq,R-HSA-5654712,21,14.318290598290599,1.466655523984623,21,5983,0.00031787031365344435,0.013176237194989547,FRS-mediated FGFR4 signaling
SomaSeq,R-HSA-5655332,21,14.318290598290599,1.466655523984623,21,5983,0.00031787031365344435,0.013176237194989547,Signaling by FGFR3 in disease
SomaSeq,R-HSA-6798695,353,319.7751566951567,1.1039006395875735,469,5983,0.0003372172117088483,0.013541378657683439,Neutrophil degranulation
SomaSeq,R-HSA-1474228,107,89.3188603988604,1.1979552753156846,131,5983,0.0003483482710211304,0.013564470553398563,Degradation of the extracellular matrix
SomaSeq,R-HSA-5654719,20,13.636467236467237,1.466655523984623,20,5983,0.0004667037726037072,0.0176386572881107,SHC-mediated cascade:FGFR4
SomaSeq,R-HSA-199418,96,79.77333333333333,1.203409660705332,117,5983,0.0005088848154451373,0.01816436077352782,Negative regulation of the PI3K/AKT network
SomaSeq,R-HSA-9925561,43,32.72752136752137,1.3138789069028916,48,5983,0.0004962698797526303,0.01816436077352782,
SomaSeq,R-HSA-5654706,19,12.954643874643875,1.466655523984623,19,5983,0.000685187497135825,0.022576049585116286,FRS-mediated FGFR3 signaling
SomaSeq,R-HSA-5654720,19,12.954643874643875,1.466655523984623,19,5983,0.000685187497135825,0.022576049585116286,PI-3K cascade:FGFR4
SomaSeq,R-HSA-9912633,19,12.954643874643875,1.466655523984623,19,5983,0.000685187497135825,0.022576049585116286,"Antigen processing: Ub, ATP-independent proteasomal degradation"
SomaSeq,R-HSA-6811558,91,75.68239316239317,1.202393267410817,111,5983,0.0007493890093240177,0.024074121924534068,"PI5P, PP2A and IER3 Regulate PI3K/AKT Signaling"
SomaSeq,R-HSA-1257604,191,168.41037037037037,1.1341344335265708,247,5983,0.0008386638927421732,0.025974534054230922,PIP3 activates AKT signaling
SomaSeq,R-HSA-9927418,24,17.045584045584047,1.4079893030252382,25,5983,0.0008691867426707623,0.025974534054230922,Developmental Lineage of Mammary Gland Luminal Epithelial Cells
SomaSeq,R-HSA-8854691,24,17.045584045584047,1.4079893030252382,25,5983,0.0008691867426707623,0.025974534054230922,
SomaSeq,R-HSA-211945,71,57.954985754985756,1.2250887317989205,85,5983,0.0010151639366714053,0.027176784554640745,Phase I - Functionalization of compounds
SomaSeq,R-HSA-201681,110,93.40980056980057,1.1776066250971426,137,5983,0.0010134005601746198,0.027176784554640745,TCF dependent signaling in response to WNT
SomaSeq,R-HSA-9769743,18,12.272820512820513,1.466655523984623,18,5983,0.0010058988956275635,0.027176784554640745,Amplification and propagation of coagulation cascade
SomaSeq,R-HSA-5654221,18,12.272820512820513,1.466655523984623,18,5983,0.0010058988956275635,0.027176784554640745,Phospholipase C-mediated cascade; FGFR2
SomaSeq,R-HSA-5654704,18,12.272820512820513,1.466655523984623,18,5983,0.0010058988956275635,0.027176784554640745,SHC-mediated cascade:FGFR3
SomaSeq,R-HSA-8878166,77,63.40957264957265,1.2143276919012471,93,5983,0.0010703038083761081,0.027890099427846524,Transcriptional regulation by RUNX2
SomaSeq,R-HSA-201451,28,20.454700854700853,1.368878489052315,30,5983,0.0011069222341013017,0.027890099427846524,
SomaSeq,R-HSA-4086400,61,49.09128205128205,1.2425831522647501,72,5983,0.0010982405431342282,0.027890099427846524,PCP/CE pathway
SomaSeq,R-HSA-9664565,23,16.363760683760685,1.4055448771519303,24,5983,0.0012292004963709998,0.03037543534301413,Signaling by ERBB2 KD Mutants
SomaSeq,R-HSA-5668541,70,57.273162393162394,1.2222129366538526,84,5983,0.001257010298944916,0.030476570455551265,TNFR2 non-canonical NF-kB pathway
SomaSeq,R-HSA-5673001,187,165.68307692307692,1.1286608353297305,243,5983,0.0014418260925154031,0.031606553904475594,RAF/MAP kinase cascade
SomaSeq,R-HSA-2022854,27,19.772877492877495,1.3655068671580972,29,5983,0.0015249854802159432,0.031606553904475594,Keratan sulfate biosynthesis
SomaSeq,R-HSA-5632684,53,42.27304843304843,1.2537539156642747,62,5983,0.0015150210720213909,0.031606553904475594,Hedgehog 'on' state
SomaSeq,R-HSA-1433559,17,11.59099715099715,1.466655523984623,17,5983,0.0014766447415196454,0.031606553904475594,Regulation of KIT signaling
SomaSeq,R-HSA-881907,17,11.59099715099715,1.466655523984623,17,5983,0.0014766447415196454,0.031606553904475594,Gastrin-CREB signalling pathway via PKC and MAPK
SomaSeq,R-HSA-3928663,27,19.772877492877495,1.3655068671580972,29,5983,0.0015249854802159432,0.031606553904475594,EPHA-mediated growth cone collapse
SomaSeq,R-HSA-2033519,17,11.59099715099715,1.466655523984623,17,5983,0.0014766447415196454,0.031606553904475594,Activated point mutants of FGFR2
SomaSeq,R-HSA-5654219,17,11.59099715099715,1.466655523984623,17,5983,0.0014766447415196454,0.031606553904475594,Phospholipase C-mediated cascade: FGFR1
SomaSeq,R-HSA-5654710,17,11.59099715099715,1.466655523984623,17,5983,0.0014766447415196454,0.031606553904475594,PI-3K cascade:FGFR3
SomaSeq,R-HSA-5654726,31,23.1819943019943,1.337244742456568,34,5983,0.0016268838665800798,0.032162242593160036,Negative regulation of FGFR1 signaling
SomaSeq,R-HSA-9909649,35,26.59111111111111,1.3162293163964567,39,5983,0.0016032299966890638,0.032162242593160036,
SomaSeq,R-HSA-5654727,31,23.1819943019943,1.337244742456568,34,5983,0.0016268838665800798,0.032162242593160036,Negative regulation of FGFR2 signaling
SomaSeq,R-HSA-187577,42,32.72752136752137,1.283323583486545,48,5983,0.0017847473094986545,0.033640453519379644,SCF(Skp2)-mediated degradation of p27/p21
SomaSeq,R-HSA-69601,42,32.72752136752137,1.283323583486545,48,5983,0.0017847473094986545,0.033640453519379644,Ubiquitin-Mediated Degradation of Phosphorylated Cdc25A
SomaSeq,R-HSA-216083,62,50.454928774928774,1.2288194930681977,74,5983,0.0018063745469550157,0.033640453519379644,Integrin cell surface interactions
SomaSeq,R-HSA-1250196,22,15.681937321937323,1.4028878925070307,23,5983,0.0017356944308933677,0.033640453519379644,SHC1 events in ERBB2 signaling
SomaSeq,R-HSA-166016,109,93.40980056980057,1.1669011103235323,137,5983,0.001959630666715704,0.03597322009613828,Toll Like Receptor 4 (TLR4) Cascade
SomaSeq,R-HSA-2404192,45,35.45481481481482,1.2692211265251545,52,5983,0.002031937250934078,0.036264435659031806,Signaling by Type 1 Insulin-like Growth Factor 1 Receptor (IGF1R)
SomaSeq,R-HSA-74751,45,35.45481481481482,1.2692211265251545,52,5983,0.002031937250934078,0.036264435659031806,Insulin receptor signalling cascade
SomaSeq,R-HSA-212436,583,546.8223361823361,1.0661598135698696,802,5983,0.002063685590897435,0.03632652033292061,Generic Transcription Pathway
SomaSeq,R-HSA-5625740,30,22.50017094017094,1.3333232036223848,33,5983,0.0021930486770416644,0.037574233999980514,
SomaSeq,R-HSA-1963640,16,10.909173789173789,1.4666555239846233,16,5983,0.0021675768880460165,0.037574233999980514,GRB2 events in ERBB2 signaling
SomaSeq,R-HSA-9927432,21,15.00011396011396,1.399989363803504,22,5983,0.0024468824486921417,0.040310819827812844,Developmental Lineage of Mammary Gland Myoepithelial Cells
SomaSeq,R-HSA-9634638,21,15.00011396011396,1.399989363803504,22,5983,0.0024468824486921417,0.040310819827812844,Estrogen-dependent nuclear events downstream of ESR-membrane signaling
SomaSeq,R-HSA-9665686,21,15.00011396011396,1.399989363803504,22,5983,0.0024468824486921417,0.040310819827812844,Signaling by ERBB2 TMD/JMD mutants
SomaSeq,R-HSA-2428924,44,34.772991452991455,1.2653498638298708,51,5983,0.0026061660049104397,0.04239143438366981,IGF1R signaling cascade
SomaSeq,R-HSA-5687128,57,46.3639886039886,1.2294024245165223,68,5983,0.002692335086122688,0.042711735625526596,MAPK6/MAPK4 signaling
SomaSeq,R-HSA-69202,57,46.3639886039886,1.2294024245165223,68,5983,0.002692335086122688,0.042711735625526596,Cyclin E associated events during G1/S transition 
SomaSeq,R-HSA-168928,63,51.8185754985755,1.2157802369872535,76,5983,0.002848301758141451,0.044634972673314205,DDX58/IFIH1-mediated induction of interferon-alpha/beta
SomaSeq,R-HSA-4608870,40,31.363874643874645,1.275352629551846,46,5983,0.002990572584898855,0.04629982857343407,Asymmetric localization of PCP proteins
SomaSeq,R-HSA-190373,15,10.227350427350427,1.4666555239846233,15,5983,0.0031816309549737107,0.046459042922059296,FGFR1c ligand binding and activation
SomaSeq,R-HSA-9830674,15,10.227350427350427,1.4666555239846233,15,5983,0.0031816309549737107,0.046459042922059296,
SomaSeq,R-HSA-1963642,15,10.227350427350427,1.4666555239846233,15,5983,0.0031816309549737107,0.046459042922059296,PI3K events in ERBB2 signaling
SomaSeq,R-HSA-6785631,15,10.227350427350427,1.4666555239846233,15,5983,0.0031816309549737107,0.046459042922059296,ERBB2 Regulates Cell Motility
SomaSeq,R-HSA-5654228,15,10.227350427350427,1.4666555239846233,15,5983,0.0031816309549737107,0.046459042922059296,Phospholipase C-mediated cascade; FGFR4
SomaSeq,R-HSA-69563,43,34.09116809116809,1.2613237506267758,50,5983,0.003333772635221233,0.04759886484732538,p53-Dependent G1 DNA Damage Response
SomaSeq,R-HSA-2428928,43,34.09116809116809,1.2613237506267758,50,5983,0.003333772635221233,0.04759886484732538,IRS-related events triggered by IGF1R
SomaSeq,R-HSA-69656,59,48.40945868945869,1.2187700833111657,71,5983,0.003441505167188566,0.04859707845975063,Cyclin A:Cdk2-associated events at S phase entry
SomaSeq,R-HSA-2682334,71,59.31863247863248,1.196925772447221,87,5983,0.003549594385989792,0.04957857376083568,EPH-Ephrin signaling
SomaSeq,R-HSA-2172127,32,24.545641025641025,1.3036937990974429,36,5983,0.0037239509939268195,0.05145459169027917,DAP12 interactions
SomaSeq,R-HSA-9615017,24,17.72740740740741,1.3538358682934981,26,5983,0.003934446702747071,0.05292923123976561,"FOXO-mediated transcription of oxidative stress, metabolic and neuronal genes"
SomaSeq,R-HSA-5620971,24,17.72740740740741,1.3538358682934981,26,5983,0.003934446702747071,0.05292923123976561,Pyroptosis
SomaSeq,R-HSA-5654733,28,21.136524216524215,1.324721118437724,31,5983,0.003954246069274318,0.05292923123976561,Negative regulation of FGFR4 signaling
SomaSeq,R-HSA-177929,42,33.40934472934473,1.257133306272534,49,5983,0.00425274189132913,0.05633786938513333,Signaling by EGFR
SomaSeq,R-HSA-1236978,35,27.272934472934473,1.2833235834865453,40,5983,0.00439531672007946,0.057050323083859655,Cross-presentation of soluble exogenous antigens (endosomes)
SomaSeq,R-HSA-5655253,35,27.272934472934473,1.2833235834865453,40,5983,0.00439531672007946,0.057050323083859655,Signaling by FGFR2 in disease
SomaSeq,R-HSA-1502540,14,9.545527065527066,1.466655523984623,14,5983,0.00466983896741911,0.05714993402984339,
SomaSeq,R-HSA-2162123,14,9.545527065527066,1.466655523984623,14,5983,0.00466983896741911,0.05714993402984339,
SomaSeq,R-HSA-1250347,14,9.545527065527066,1.466655523984623,14,5983,0.00466983896741911,0.05714993402984339,SHC1 events in ERBB4 signaling
SomaSeq,R-HSA-5637810,14,9.545527065527066,1.466655523984623,14,5983,0.00466983896741911,0.05714993402984339,Constitutive Signaling by EGFRvIII
SomaSeq,R-HSA-1170546,14,9.545527065527066,1.466655523984623,14,5983,0.00466983896741911,0.05714993402984339,
SomaSeq,R-HSA-190322,14,9.545527065527066,1.466655523984623,14,5983,0.00466983896741911,0.05714993402984339,FGFR4 ligand binding and activation
SomaSeq,R-HSA-8941858,38,30.00022792022792,1.2666570434412654,44,5983,0.004955976544107518,0.05896694314053852,Regulation of RUNX3 expression and activity
SomaSeq,R-HSA-6783783,38,30.00022792022792,1.2666570434412654,44,5983,0.004955976544107518,0.05896694314053852,Interleukin-10 signaling
SomaSeq,R-HSA-1592389,31,23.863817663817663,1.299037749814952,35,5983,0.004904337532266088,0.05896694314053852,Activation of Matrix Metalloproteinases
SomaSeq,R-HSA-8856825,72,60.682279202279204,1.1865078396280098,89,5983,0.0051319268253875484,0.060500238262596324,Cargo recognition for clathrin-mediated endocytosis
SomaSeq,R-HSA-8948751,44,35.45481481481482,1.2410162126023734,52,5983,0.005764424151780441,0.0673389548639806,Regulation of PTEN stability and activity
SomaSeq,R-HSA-9929491,37,29.31840455840456,1.2620059159867687,43,5983,0.006351704164809277,0.07052479232424783,SPOP-mediated proteasomal degradation of PD-L1(CD274)
SomaSeq,R-HSA-156590,30,23.1819943019943,1.2941078152805499,34,5983,0.006439284755503541,0.07052479232424783,
SomaSeq,R-HSA-112399,40,32.04569800569801,1.2482174672209558,47,5983,0.006860388358389866,0.07052479232424783,IRS-mediated signalling
SomaSeq,R-HSA-9938206,13,8.863703703703704,1.466655523984623,13,5983,0.006853790457709584,0.07052479232424783,Developmental Lineage of Mammary Stem Cells
SomaSeq,R-HSA-75205,13,8.863703703703704,1.466655523984623,13,5983,0.006853790457709584,0.07052479232424783,Dissolution of Fibrin Clot
SomaSeq,R-HSA-9037629,13,8.863703703703704,1.466655523984623,13,5983,0.006853790457709584,0.07052479232424783,
SomaSeq,R-HSA-2129379,30,23.1819943019943,1.2941078152805499,34,5983,0.006439284755503541,0.07052479232424783,Molecules associated with elastic fibres
SomaSeq,R-HSA-8847993,13,8.863703703703704,1.466655523984623,13,5983,0.006853790457709584,0.07052479232424783,ERBB2 Activates PTK6 Signaling
SomaSeq,R-HSA-5625900,18,12.954643874643875,1.3894631279854324,19,5983,0.006778704068478865,0.07052479232424783,
SomaSeq,R-HSA-1606322,18,12.954643874643875,1.3894631279854324,19,5983,0.006778704068478865,0.07052479232424783,
SomaSeq,R-HSA-190372,13,8.863703703703704,1.466655523984623,13,5983,0.006853790457709584,0.07052479232424783,FGFR3c ligand binding and activation
SomaSeq,R-HSA-190375,13,8.863703703703704,1.466655523984623,13,5983,0.006853790457709584,0.07052479232424783,FGFR2c ligand binding and activation
SomaSeq,R-HSA-5654227,13,8.863703703703704,1.466655523984623,13,5983,0.006853790457709584,0.07052479232424783,Phospholipase C-mediated cascade; FGFR3
SomaSeq,R-HSA-5658623,13,8.863703703703704,1.466655523984623,13,5983,0.006853790457709584,0.07052479232424783,
SomaSeq,R-HSA-167044,18,12.954643874643875,1.3894631279854324,19,5983,0.006778704068478865,0.07052479232424783,Signalling to RAS
SomaSeq,R-HSA-525793,26,19.772877492877495,1.3149325387448343,29,5983,0.007049147030437176,0.0707668276102482,
SomaSeq,R-HSA-9031628,26,19.772877492877495,1.3149325387448343,29,5983,0.007049147030437176,0.0707668276102482,
SomaSeq,R-HSA-5654732,26,19.772877492877495,1.3149325387448343,29,5983,0.007049147030437176,0.0707668276102482,Negative regulation of FGFR3 signaling
SomaSeq,R-HSA-9793380,43,34.772991452991455,1.236591912379192,51,5983,0.007244658273141738,0.07216578202315607,Formation of paraxial mesoderm
SomaSeq,R-HSA-1461957,22,16.363760683760685,1.3444342303192378,24,5983,0.007307127710639403,0.07222814698593565,
SomaSeq,R-HSA-389948,106,92.7279772079772,1.1431285701644858,136,5983,0.007504928326204475,0.07361704503185305,Co-inhibition by PD-1
SomaSeq,R-HSA-9604323,36,28.636581196581197,1.257133306272534,42,5983,0.00811509967243989,0.07840528630891173,Negative regulation of NOTCH4 signaling
SomaSeq,R-HSA-2173789,36,28.636581196581197,1.257133306272534,42,5983,0.00811509967243989,0.07840528630891173,TGF-beta receptor signaling activates SMADs
SomaSeq,R-HSA-156584,17,12.272820512820513,1.385174661541033,18,5983,0.00947932412168503,0.08232657315930204,
SomaSeq,R-HSA-71384,12,8.181880341880342,1.466655523984623,12,5983,0.010058577421019782,0.08232657315930204,Ethanol oxidation
SomaSeq,R-HSA-982772,21,15.681937321937323,1.3391202610294384,23,5983,0.009914356635579272,0.08232657315930204,
SomaSeq,R-HSA-8939902,45,36.81846153846154,1.2222129366538526,54,5983,0.009349924773090693,0.08232657315930204,Regulation of RUNX2 expression and activity
SomaSeq,R-HSA-9907900,42,34.09116809116809,1.2319906401470833,50,5983,0.009077330485895593,0.08232657315930204,Proteasome assembly
SomaSeq,R-HSA-166166,80,68.86415954415955,1.1617073457303944,101,5983,0.009288868836922074,0.08232657315930204,MyD88-independent TLR4 cascade 
SomaSeq,R-HSA-937061,80,68.86415954415955,1.1617073457303944,101,5983,0.009288868836922074,0.08232657315930204,TRIF (TICAM1)-mediated TLR4 signaling 
SomaSeq,R-HSA-156581,12,8.181880341880342,1.466655523984623,12,5983,0.010058577421019782,0.08232657315930204,
SomaSeq,R-HSA-9614399,12,8.181880341880342,1.466655523984623,12,5983,0.010058577421019782,0.08232657315930204,
SomaSeq,R-HSA-5655302,32,25.227464387464387,1.2684588315542686,37,5983,0.00951234290016394,0.08232657315930204,Signaling by FGFR1 in disease
SomaSeq,R-HSA-186763,25,19.091054131054133,1.3095138607005563,28,5983,0.00936755433358648,0.08232657315930204,Downstream signal transduction
SomaSeq,R-HSA-512988,39,31.363874643874645,1.2434688138130499,46,5983,0.008673550695060877,0.08232657315930204,"Interleukin-3, Interleukin-5 and GM-CSF signaling"
SomaSeq,R-HSA-9834899,12,8.181880341880342,1.466655523984623,12,5983,0.010058577421019782,0.08232657315930204,
SomaSeq,R-HSA-1475029,12,8.181880341880342,1.466655523984623,12,5983,0.010058577421019782,0.08232657315930204,Reversible hydration of carbon dioxide
SomaSeq,R-HSA-1236382,17,12.272820512820513,1.385174661541033,18,5983,0.00947932412168503,0.08232657315930204,Constitutive Signaling by Ligand-Responsive EGFR Cancer Variants
SomaSeq,R-HSA-5621575,17,12.272820512820513,1.385174661541033,18,5983,0.00947932412168503,0.08232657315930204,CD209 (DC-SIGN) signaling
SomaSeq,R-HSA-5669034,25,19.091054131054133,1.3095138607005563,28,5983,0.00936755433358648,0.08232657315930204,TNFs bind their physiological receptors
SomaSeq,R-HSA-391160,17,12.272820512820513,1.385174661541033,18,5983,0.00947932412168503,0.08232657315930204,
SomaSeq,R-HSA-9733709,17,12.272820512820513,1.385174661541033,18,5983,0.00947932412168503,0.08232657315930204,
SomaSeq,R-HSA-3772470,12,8.181880341880342,1.466655523984623,12,5983,0.010058577421019782,0.08232657315930204,
SomaSeq,R-HSA-1839122,12,8.181880341880342,1.466655523984623,12,5983,0.010058577421019782,0.08232657315930204,Signaling by activated point mutants of FGFR1
SomaSeq,R-HSA-1839130,12,8.181880341880342,1.466655523984623,12,5983,0.010058577421019782,0.08232657315930204,Signaling by activated point mutants of FGFR3
SomaSeq,R-HSA-2033514,12,8.181880341880342,1.466655523984623,12,5983,0.010058577421019782,0.08232657315930204,FGFR3 mutant receptor activation
SomaSeq,R-HSA-171007,12,8.181880341880342,1.466655523984623,12,5983,0.010058577421019782,0.08232657315930204,p38MAPK events
SomaSeq,R-HSA-373752,35,27.954757834757835,1.2520230082795563,41,5983,0.010334294547279651,0.0835192986997129,Netrin-1 signaling
SomaSeq,R-HSA-450408,35,27.954757834757835,1.2520230082795563,41,5983,0.010334294547279651,0.0835192986997129,AUF1 (hnRNP D0) binds and destabilizes mRNA
SomaSeq,R-HSA-75153,38,30.682051282051283,1.2385091091425706,45,5983,0.010930678231665424,0.08670321930672883,Apoptotic execution phase
SomaSeq,R-HSA-5610783,38,30.682051282051283,1.2385091091425706,45,5983,0.010930678231665424,0.08670321930672883,Degradation of GLI2 by the proteasome
SomaSeq,R-HSA-9909648,90,78.40968660968662,1.1478173665966616,115,5983,0.010883945868011209,0.08670321930672883,Regulation of PD-L1(CD274) expression
SomaSeq,R-HSA-3928665,41,33.40934472934473,1.2272015608850928,49,5983,0.011337790709267024,0.08938074270802532,EPH-ephrin mediated repulsion of cells
SomaSeq,R-HSA-1971475,24,18.40923076923077,1.3036937990974427,27,5983,0.012406041837579068,0.09661675006841881,Glycosaminoglycan-protein linkage region biosynthesis
SomaSeq,R-HSA-5674400,24,18.40923076923077,1.3036937990974427,27,5983,0.012406041837579068,0.09661675006841881,
SomaSeq,R-HSA-5362517,34,27.272934472934473,1.2466571953869297,40,5983,0.013115601023423509,0.09902090347872795,Signaling by Retinoic Acid
SomaSeq,R-HSA-351202,34,27.272934472934473,1.2466571953869297,40,5983,0.013115601023423509,0.09902090347872795,Metabolism of polyamines
SomaSeq,R-HSA-4641257,34,27.272934472934473,1.2466571953869297,40,5983,0.013115601023423509,0.09902090347872795,Degradation of AXIN
SomaSeq,R-HSA-9762114,34,27.272934472934473,1.2466571953869297,40,5983,0.013115601023423509,0.09902090347872795,GSK3B and BTRC:CUL1-mediated-degradation of NFE2L2
SomaSeq,R-HSA-168179,86,75.0005698005698,1.1466579551152507,110,5983,0.01325313412150707,0.09902090347872795,Toll Like Receptor TLR1:TLR2 Cascade
SomaSeq,R-HSA-9613829,20,15.00011396011396,1.3333232036223845,22,5983,0.01340827798077717,0.09902090347872795,
SomaSeq,R-HSA-6807004,20,15.00011396011396,1.3333232036223845,22,5983,0.01340827798077717,0.09902090347872795,
SomaSeq,R-HSA-6788467,16,11.59099715099715,1.3803816696325866,17,5983,0.01322249123246793,0.09902090347872795,IL-6-type cytokine receptor ligand interactions
SomaSeq,R-HSA-912694,20,15.00011396011396,1.3333232036223845,22,5983,0.01340827798077717,0.09902090347872795,
SomaSeq,R-HSA-5610785,37,30.00022792022792,1.2333239633507058,44,5983,0.013729121588518562,0.10081097852140773,GLI3 is processed to GLI3R by the proteasome
SomaSeq,R-HSA-1234174,46,38.182108262108265,1.2047527518445118,56,5983,0.014371615238550487,0.10317053397506913,Cellular response to hypoxia
SomaSeq,R-HSA-186797,46,38.182108262108265,1.2047527518445118,56,5983,0.014371615238550487,0.10317053397506913,Signaling by PDGF
SomaSeq,R-HSA-5213460,27,21.136524216524215,1.2774096499220913,31,5983,0.014287387920568126,0.10317053397506913,RIPK1-mediated regulated necrosis
SomaSeq,R-HSA-5675482,27,21.136524216524215,1.2774096499220913,31,5983,0.014287387920568126,0.10317053397506913,Regulation of necroptotic cell death
SomaSeq,R-HSA-9690406,11,7.50005698005698,1.466655523984623,11,5983,0.014761113951409464,0.10479575374343184,
SomaSeq,R-HSA-428542,11,7.50005698005698,1.466655523984623,11,5983,0.014761113951409464,0.10479575374343184,
SomaSeq,R-HSA-5607764,66,56.59133903133903,1.1662561997950014,83,5983,0.014934183018134265,0.10544189658407985,CLEC7A (Dectin-1) signaling
SomaSeq,R-HSA-1236974,63,53.864045584045584,1.1696113672282438,79,5983,0.015434734197746715,0.10838051062352203,ER-Phagosome pathway
SomaSeq,R-HSA-350562,30,23.863817663817663,1.257133306272534,35,5983,0.015648968094928294,0.10869688649720465,Regulation of ornithine decarboxylase (ODC)
SomaSeq,R-HSA-3371571,30,23.863817663817663,1.257133306272534,35,5983,0.015648968094928294,0.10869688649720465,
SomaSeq,R-HSA-5689880,106,94.09162393162393,1.1265614894374643,138,5983,0.01592457071658146,0.1100165234989633,Ub-specific processing proteases
SomaSeq,R-HSA-9660826,23,17.72740740740741,1.2974260404479356,26,5983,0.01637035036627815,0.11249144503030706,Purinergic signaling in leishmaniasis infection
SomaSeq,R-HSA-9725554,33,26.59111111111111,1.2410162126023734,39,5983,0.016586274176154422,0.11336894849126826,
SomaSeq,R-HSA-3000178,54,45.68216524216524,1.1820805715696963,67,5983,0.01677536503413404,0.11405473052308064,ECM proteoglycans
SomaSeq,R-HSA-109704,36,29.31840455840456,1.2278976479871262,43,5983,0.017183990854540157,0.11621804341096896,PI3K Cascade
SomaSeq,R-HSA-5365859,19,14.318290598290599,1.326974045509897,21,5983,0.018069928723798513,0.11710272863931893,RA biosynthesis pathway
SomaSeq,R-HSA-74259,15,10.909173789173789,1.3749895537355843,16,5983,0.01839244195888912,0.11710272863931893,
SomaSeq,R-HSA-9766229,42,34.772991452991455,1.2078339609285131,51,5983,0.017629800812080283,0.11710272863931893,Degradation of CDH1
SomaSeq,R-HSA-168164,76,66.1368660968661,1.1491321631219726,97,5983,0.01765833254211708,0.11710272863931893,Toll Like Receptor 3 (TLR3) Cascade
SomaSeq,R-HSA-975138,73,63.40957264957265,1.151245733880403,93,5983,0.01844541861223767,0.11710272863931893,TRAF6 mediated induction of NFkB and MAP kinases upon TLR7/8 or 9 activation
SomaSeq,R-HSA-975155,73,63.40957264957265,1.151245733880403,93,5983,0.01844541861223767,0.11710272863931893,MyD88 dependent cascade initiated on endosome
SomaSeq,R-HSA-8863795,26,20.454700854700853,1.2711014541200067,30,5983,0.018499497209168672,0.11710272863931893,Downregulation of ERBB2 signaling
SomaSeq,R-HSA-182971,26,20.454700854700853,1.2711014541200067,30,5983,0.018499497209168672,0.11710272863931893,EGFR downregulation
SomaSeq,R-HSA-3928664,15,10.909173789173789,1.3749895537355843,16,5983,0.01839244195888912,0.11710272863931893,Ephrin signaling
SomaSeq,R-HSA-9968734,26,20.454700854700853,1.2711014541200067,30,5983,0.018499497209168672,0.11710272863931893,Differentiation of Circulating Monocytes
SomaSeq,R-HSA-8866652,26,20.454700854700853,1.2711014541200067,30,5983,0.018499497209168672,0.11710272863931893,
SomaSeq,R-HSA-1810476,15,10.909173789173789,1.3749895537355843,16,5983,0.01839244195888912,0.11710272863931893,
SomaSeq,R-HSA-4641263,19,14.318290598290599,1.326974045509897,21,5983,0.018069928723798513,0.11710272863931893,
SomaSeq,R-HSA-9970672,10,6.818233618233618,1.466655523984623,10,5983,0.021661001805475314,0.12538012306322424,FXIIa activates plasma kallikrein-kinin system
SomaSeq,R-HSA-9758881,10,6.818233618233618,1.466655523984623,10,5983,0.021661001805475314,0.12538012306322424,
SomaSeq,R-HSA-5607761,38,31.363874643874645,1.211584998074254,46,5983,0.02165203403053705,0.12538012306322424,Dectin-1 mediated noncanonical NF-kB signaling
SomaSeq,R-HSA-69541,35,28.636581196581197,1.2222129366538526,42,5983,0.021430268921478493,0.12538012306322424,Stabilization of p53
SomaSeq,R-HSA-75815,32,25.90928774928775,1.235078335987051,38,5983,0.0208973506246483,0.12538012306322424,Ubiquitin-dependent degradation of Cyclin D
SomaSeq,R-HSA-168181,75,65.45504273504274,1.1458246281129867,96,5983,0.020612912235856453,0.12538012306322424,Toll Like Receptor 7/8 (TLR7/8) Cascade
SomaSeq,R-HSA-198693,10,6.818233618233618,1.466655523984623,10,5983,0.021661001805475314,0.12538012306322424,
SomaSeq,R-HSA-8875656,10,6.818233618233618,1.466655523984623,10,5983,0.021661001805475314,0.12538012306322424,
SomaSeq,R-HSA-6804116,10,6.818233618233618,1.466655523984623,10,5983,0.021661001805475314,0.12538012306322424,TP53 Regulates Transcription of Genes Involved in G1 Cell Cycle Arrest
SomaSeq,R-HSA-1462054,10,6.818233618233618,1.466655523984623,10,5983,0.021661001805475314,0.12538012306322424,Alpha-defensins
SomaSeq,R-HSA-448424,53,45.00034188034188,1.1777688298664397,66,5983,0.020147010434250483,0.12538012306322424,
SomaSeq,R-HSA-9028731,10,6.818233618233618,1.466655523984623,10,5983,0.021661001805475314,0.12538012306322424,Activated NTRK2 signals through FRS2 and FRS3
SomaSeq,R-HSA-3371568,22,17.045584045584047,1.2906568611064682,25,5983,0.02151743405322101,0.12538012306322424,
SomaSeq,R-HSA-9617629,10,6.818233618233618,1.466655523984623,10,5983,0.021661001805475314,0.12538012306322424,
SomaSeq,R-HSA-2179392,10,6.818233618233618,1.466655523984623,10,5983,0.021661001805475314,0.12538012306322424,EGFR Transactivation by Gastrin
SomaSeq,R-HSA-190377,10,6.818233618233618,1.466655523984623,10,5983,0.021661001805475314,0.12538012306322424,FGFR2b ligand binding and activation
SomaSeq,R-HSA-5655291,10,6.818233618233618,1.466655523984623,10,5983,0.021661001805475314,0.12538012306322424,Signaling by FGFR4 in disease
SomaSeq,R-HSA-210990,10,6.818233618233618,1.466655523984623,10,5983,0.021661001805475314,0.12538012306322424,PECAM1 interactions
SomaSeq,R-HSA-420499,10,6.818233618233618,1.466655523984623,10,5983,0.021661001805475314,0.12538012306322424,
SomaSeq,R-HSA-909733,55,47.045811965811964,1.169073243755859,69,5983,0.023348797692660045,0.1345435203366285,
SomaSeq,R-HSA-166058,82,72.27327635327636,1.134582575157916,106,5983,0.023989455792148208,0.13700644752404645,MyD88:MAL(TIRAP) cascade initiated on plasma membrane
SomaSeq,R-HSA-168188,82,72.27327635327636,1.134582575157916,106,5983,0.023989455792148208,0.13700644752404645,Toll Like Receptor TLR6:TLR2 Cascade
SomaSeq,R-HSA-9818027,18,13.636467236467237,1.3199899715861607,20,5983,0.0242596363155741,0.1379364277235076,
SomaSeq,R-HSA-8939236,40,33.40934472934473,1.1972698154976515,49,5983,0.026457648100309757,0.13875878508681855,RUNX1 regulates transcription of genes involved in differentiation of HSCs
SomaSeq,R-HSA-9706369,14,10.227350427350427,1.368878489052315,15,5983,0.02550475114165471,0.13875878508681855,
SomaSeq,R-HSA-111465,31,25.227464387464387,1.2288194930681977,37,5983,0.026226421780631722,0.13875878508681855,Apoptotic cleavage of cellular proteins
SomaSeq,R-HSA-3928662,34,27.954757834757835,1.216250922328712,41,5983,0.026624803907550718,0.13875878508681855,EPHB-mediated forward signaling
SomaSeq,R-HSA-211897,40,33.40934472934473,1.1972698154976515,49,5983,0.026457648100309757,0.13875878508681855,
SomaSeq,R-HSA-8956319,28,22.50017094017094,1.244434990047559,33,5983,0.025357150910232232,0.13875878508681855,
SomaSeq,R-HSA-1234176,40,33.40934472934473,1.1972698154976515,49,5983,0.026457648100309757,0.13875878508681855,Oxygen-dependent proline hydroxylation of Hypoxia-inducible Factor Alpha
SomaSeq,R-HSA-180534,31,25.227464387464387,1.2288194930681977,37,5983,0.026226421780631722,0.13875878508681855,Vpu mediated degradation of CD4
SomaSeq,R-HSA-5610780,37,30.682051282051283,1.2059167641651345,45,5983,0.026671922113964346,0.13875878508681855,Degradation of GLI1 by the proteasome
SomaSeq,R-HSA-9929356,34,27.954757834757835,1.216250922328712,41,5983,0.026624803907550718,0.13875878508681855,GSK3B-mediated proteasomal degradation of PD-L1(CD274)
SomaSeq,R-HSA-9974237,34,27.954757834757835,1.216250922328712,41,5983,0.026624803907550718,0.13875878508681855,Negative Regulation of DNA Double Strand Break Response
SomaSeq,R-HSA-9918485,34,27.954757834757835,1.216250922328712,41,5983,0.026624803907550718,0.13875878508681855,Dengue Virus Attachment and Entry
SomaSeq,R-HSA-111447,14,10.227350427350427,1.368878489052315,15,5983,0.02550475114165471,0.13875878508681855,
SomaSeq,R-HSA-383280,37,30.682051282051283,1.2059167641651345,45,5983,0.026671922113964346,0.13875878508681855,
SomaSeq,R-HSA-180292,14,10.227350427350427,1.368878489052315,15,5983,0.02550475114165471,0.13875878508681855,GAB1 signalosome
SomaSeq,R-HSA-975577,14,10.227350427350427,1.368878489052315,15,5983,0.02550475114165471,0.13875878508681855,
SomaSeq,R-HSA-9703648,14,10.227350427350427,1.368878489052315,15,5983,0.02550475114165471,0.13875878508681855,Signaling by FLT3 ITD and TKD mutants
SomaSeq,R-HSA-1566948,34,27.954757834757835,1.216250922328712,41,5983,0.026624803907550718,0.13875878508681855,Elastic fibre formation
SomaSeq,R-HSA-8875360,14,10.227350427350427,1.368878489052315,15,5983,0.02550475114165471,0.13875878508681855,
SomaSeq,R-HSA-9665348,14,10.227350427350427,1.368878489052315,15,5983,0.02550475114165471,0.13875878508681855,Signaling by ERBB2 ECD mutants
SomaSeq,R-HSA-445144,14,10.227350427350427,1.368878489052315,15,5983,0.02550475114165471,0.13875878508681855,Signal transduction by L1
SomaSeq,R-HSA-9020702,73,64.09139601139601,1.138998438839122,94,5983,0.027881898815014676,0.14446870958586233,Interleukin-1 signaling
SomaSeq,R-HSA-975576,21,16.363760683760685,1.283323583486545,24,5983,0.028164959110158306,0.14534928697411012,
SomaSeq,R-HSA-168142,70,61.364102564102566,1.1407320742102625,90,5983,0.029294566087560113,0.14937903739093153,Toll Like Receptor 10 (TLR10) Cascade
SomaSeq,R-HSA-168176,70,61.364102564102566,1.1407320742102625,90,5983,0.029294566087560113,0.14937903739093153,Toll Like Receptor 5 (TLR5) Cascade
SomaSeq,R-HSA-975871,70,61.364102564102566,1.1407320742102625,90,5983,0.029294566087560113,0.14937903739093153,MyD88 cascade initiated on plasma membrane
SomaSeq,R-HSA-418990,134,122.04638176638177,1.0979432414186563,179,5983,0.029796108236029545,0.15133596475611844,Adherens junctions interactions
SomaSeq,R-HSA-373080,56,48.40945868945869,1.1567987231428014,71,5983,0.031563647409507026,0.15968223197329343,
SomaSeq,R-HSA-5358346,39,32.72752136752137,1.1916576132375063,48,5983,0.032236559177749785,0.16114639762012992,Hedgehog ligand biogenesis
SomaSeq,R-HSA-202424,64,55.90951566951567,1.144706750427023,82,5983,0.03229160681482147,0.16114639762012992,Downstream TCR signaling
SomaSeq,R-HSA-5678895,36,30.00022792022792,1.199990883260146,44,5983,0.032730902551637284,0.16114639762012992,Defective CFTR causes cystic fibrosis
SomaSeq,R-HSA-9932298,36,30.00022792022792,1.199990883260146,44,5983,0.032730902551637284,0.16114639762012992,Degradation of CRY and PER proteins
SomaSeq,R-HSA-975634,36,30.00022792022792,1.199990883260146,44,5983,0.032730902551637284,0.16114639762012992,Retinoid metabolism and transport
SomaSeq,R-HSA-9692916,36,30.00022792022792,1.199990883260146,44,5983,0.032730902551637284,0.16114639762012992,
SomaSeq,R-HSA-112409,17,12.954643874643875,1.3122707319862417,19,5983,0.03243459457393743,0.16114639762012992,RAF-independent MAPK1/3 activation
SomaSeq,R-HSA-9824272,33,27.272934472934473,1.209990807287314,40,5983,0.03294801903902877,0.16159620024867163,Somitogenesis
SomaSeq,R-HSA-8878171,113,102.27350427350427,1.1048804947350828,150,5983,0.03319605943976049,0.1621936744490199,Transcriptional regulation by RUNX1
SomaSeq,R-HSA-75892,13,9.545527065527066,1.3618944151285786,14,5983,0.0352451598314858,0.1702632721182679,Platelet Adhesion to exposed collagen
SomaSeq,R-HSA-180336,13,9.545527065527066,1.3618944151285786,14,5983,0.0352451598314858,0.1702632721182679,SHC1 events in EGFR signaling
SomaSeq,R-HSA-399956,13,9.545527065527066,1.3618944151285786,14,5983,0.0352451598314858,0.1702632721182679,CRMPs in Sema3A signaling
SomaSeq,R-HSA-1483191,20,15.681937321937323,1.275352629551846,23,5983,0.03670108694876318,0.17402544918509477,
SomaSeq,R-HSA-9769735,20,15.681937321937323,1.275352629551846,23,5983,0.03670108694876318,0.17402544918509477,Initiation of coagulation cascade
SomaSeq,R-HSA-9006335,20,15.681937321937323,1.275352629551846,23,5983,0.03670108694876318,0.17402544918509477,Signaling by Erythropoietin
SomaSeq,R-HSA-5668599,20,15.681937321937323,1.275352629551846,23,5983,0.03670108694876318,0.17402544918509477,
SomaSeq,R-HSA-452723,20,15.681937321937323,1.275352629551846,23,5983,0.03670108694876318,0.17402544918509477,
SomaSeq,R-HSA-1169091,41,34.772991452991455,1.179076009477834,51,5983,0.038058575144062266,0.17979878330926474,Activation of NF-kappaB in B cells
SomaSeq,R-HSA-168138,76,67.50051282051282,1.1259173719477915,99,5983,0.038590666736060784,0.18164471339134838,Toll Like Receptor 9 (TLR9) Cascade
SomaSeq,R-HSA-442742,23,18.40923076923077,1.2493732241350493,27,5983,0.03916512440629779,0.18234487268874153,CREB1 phosphorylation through NMDA receptor-mediated activation of RAS signaling
SomaSeq,R-HSA-1912408,23,18.40923076923077,1.2493732241350493,27,5983,0.03916512440629779,0.18234487268874153,Pre-NOTCH Transcription and Translation
SomaSeq,R-HSA-8864260,23,18.40923076923077,1.2493732241350493,27,5983,0.03916512440629779,0.18234487268874153,Transcriptional regulation by the AP-2 (TFAP2) family of transcription factors
SomaSeq,R-HSA-69231,35,29.31840455840456,1.193789379987484,43,5983,0.0400077354643337,0.1828069302120088,
SomaSeq,R-HSA-418555,86,77.04603988603989,1.1162157085192705,113,5983,0.040358925279733726,0.1828069302120088,
SomaSeq,R-HSA-4641258,35,29.31840455840456,1.193789379987484,43,5983,0.0400077354643337,0.1828069302120088,Degradation of DVL
SomaSeq,R-HSA-5676590,35,29.31840455840456,1.193789379987484,43,5983,0.0400077354643337,0.1828069302120088,NIK-->noncanonical NF-kB signaling
SomaSeq,R-HSA-450282,26,21.136524216524215,1.2300981814064582,31,5983,0.04040246550989144,0.1828069302120088,
SomaSeq,R-HSA-4085001,26,21.136524216524215,1.2300981814064582,31,5983,0.04040246550989144,0.1828069302120088,
SomaSeq,R-HSA-9674555,26,21.136524216524215,1.2300981814064582,31,5983,0.04040246550989144,0.1828069302120088,Signaling by CSF3 (G-CSF)
SomaSeq,R-HSA-1839126,26,21.136524216524215,1.2300981814064582,31,5983,0.04040246550989144,0.1828069302120088,FGFR2 mutant receptor activation
SomaSeq,R-HSA-211733,29,23.863817663817663,1.2152288627301162,35,5983,0.040796167774252726,0.18394061610496407,Regulation of activated PAK-2p34 by proteasome mediated degradation
SomaSeq,R-HSA-74752,57,49.77310541310541,1.145196779001692,73,5983,0.04157446001358202,0.18679433957151362,Signaling by Insulin receptor
SomaSeq,R-HSA-211981,16,12.272820512820513,1.3036937990974429,18,5983,0.043167828118731155,0.19127813493989496,
SomaSeq,R-HSA-9841251,16,12.272820512820513,1.3036937990974429,18,5983,0.043167828118731155,0.19127813493989496,
SomaSeq,R-HSA-416700,16,12.272820512820513,1.3036937990974429,18,5983,0.043167828118731155,0.19127813493989496,
SomaSeq,R-HSA-9670439,16,12.272820512820513,1.3036937990974429,18,5983,0.043167828118731155,0.19127813493989496,"Signaling by phosphorylated juxtamembrane, extracellular and kinase domain KIT mutants"
SomaSeq,R-HSA-1358803,12,8.863703703703704,1.3538358682934981,13,5983,0.048516020980742106,0.2085053075593766,
SomaSeq,R-HSA-9755779,12,8.863703703703704,1.3538358682934981,13,5983,0.048516020980742106,0.2085053075593766,
SomaSeq,R-HSA-5686938,19,15.00011396011396,1.2666570434412654,22,5983,0.04759371676293369,0.2085053075593766,
SomaSeq,R-HSA-179812,12,8.863703703703704,1.3538358682934981,13,5983,0.048516020980742106,0.2085053075593766,GRB2 events in EGFR signaling
SomaSeq,R-HSA-933543,12,8.863703703703704,1.3538358682934981,13,5983,0.048516020980742106,0.2085053075593766,
SomaSeq,R-HSA-75035,12,8.863703703703704,1.3538358682934981,13,5983,0.048516020980742106,0.2085053075593766,
SomaSeq,R-HSA-399954,12,8.863703703703704,1.3538358682934981,13,5983,0.048516020980742106,0.2085053075593766,Sema3A PAK dependent Axon repulsion
SomaSeq,R-HSA-1679131,12,8.863703703703704,1.3538358682934981,13,5983,0.048516020980742106,0.2085053075593766,
SomaSeq,R-HSA-9027284,12,8.863703703703704,1.3538358682934981,13,5983,0.048516020980742106,0.2085053075593766,Erythropoietin activates RAS
SomaSeq,R-HSA-9616222,22,17.72740740740741,1.2410162126023734,26,5983,0.04982639433140679,0.21200965799952887,Transcriptional regulation of granulopoiesis
SomaSeq,R-HSA-933541,22,17.72740740740741,1.2410162126023734,26,5983,0.04982639433140679,0.21200965799952887,
SomaSeq,R-HSA-9705462,22,17.72740740740741,1.2410162126023734,26,5983,0.04982639433140679,0.21200965799952887,
SomaSeq,R-HSA-446219,45,38.86393162393163,1.1578859399878603,57,5983,0.05025638487775162,0.2131335134254483,
SomaSeq,R-HSA-499943,25,20.454700854700853,1.2222129366538528,30,5983,0.05064811382377428,0.21338631561819657,
SomaSeq,R-HSA-1839124,25,20.454700854700853,1.2222129366538528,30,5983,0.05064811382377428,0.21338631561819657,FGFR1 mutant receptor activation
SomaSeq,R-HSA-380108,36,30.682051282051283,1.1733244191876984,45,5983,0.05696682430232905,0.23696673562276313,Chemokine receptors bind chemokines
SomaSeq,R-HSA-2559580,47,40.909401709401706,1.1488801604546215,60,5983,0.056542843922550205,0.23696673562276313,Oxidative Stress Induced Senescence
SomaSeq,R-HSA-210993,15,11.59099715099715,1.2941078152805499,17,5983,0.057167072407047916,0.23696673562276313,Tie2 Signaling
SomaSeq,R-HSA-9735871,15,11.59099715099715,1.2941078152805499,17,5983,0.057167072407047916,0.23696673562276313,
SomaSeq,R-HSA-8849932,15,11.59099715099715,1.2941078152805499,17,5983,0.057167072407047916,0.23696673562276313,
SomaSeq,R-HSA-174113,33,27.954757834757835,1.1804788363778673,41,5983,0.059031281456375706,0.24234887115476927,SCF-beta-TrCP mediated degradation of Emi1
SomaSeq,R-HSA-5362768,33,27.954757834757835,1.1804788363778673,41,5983,0.059031281456375706,0.24234887115476927,Hh mutants are degraded by ERAD
SomaSeq,R-HSA-8854050,33,27.954757834757835,1.1804788363778673,41,5983,0.059031281456375706,0.24234887115476927,FBXL7 down-regulates AURKA during mitotic entry and in early mitosis
SomaSeq,R-HSA-9764561,44,38.182108262108265,1.1523721974164896,56,5983,0.05940501651347536,0.24310651662361732,Regulation of CDH1 Function
SomaSeq,R-HSA-379716,18,14.318290598290599,1.257133306272534,21,5983,0.061397881866227584,0.2473237561069042,
SomaSeq,R-HSA-9619665,18,14.318290598290599,1.257133306272534,21,5983,0.061397881866227584,0.2473237561069042,
SomaSeq,R-HSA-349425,30,25.227464387464387,1.1891801545821268,37,5983,0.06086749438725216,0.2473237561069042,Autodegradation of the E3 ubiquitin ligase COP1
SomaSeq,R-HSA-9927426,18,14.318290598290599,1.257133306272534,21,5983,0.061397881866227584,0.2473237561069042,
SomaSeq,R-HSA-937041,18,14.318290598290599,1.257133306272534,21,5983,0.061397881866227584,0.2473237561069042,IKK complex recruitment mediated by RIP1
SomaSeq,R-HSA-936440,27,22.50017094017094,1.1999908832601462,33,5983,0.06232584977789774,0.24949756063737882,
SomaSeq,R-HSA-3299685,27,22.50017094017094,1.1999908832601462,33,5983,0.06232584977789774,0.24949756063737882,
SomaSeq,R-HSA-5683826,21,17.045584045584047,1.2319906401470833,25,5983,0.06306446565907906,0.25089114047033,
SomaSeq,R-HSA-1442490,49,42.95487179487179,1.1407320742102625,63,5983,0.06290621163507581,0.25089114047033,Collagen degradation
SomaSeq,R-HSA-2022857,11,8.181880341880342,1.3444342303192378,12,5983,0.06648901578569603,0.2581220099233215,Keratan sulfate degradation
SomaSeq,R-HSA-375165,46,40.227578347578344,1.1434941373439436,59,5983,0.06635440784254028,0.2581220099233215,NCAM signaling for neurite out-growth
SomaSeq,R-HSA-1834949,46,40.227578347578344,1.1434941373439436,59,5983,0.06635440784254028,0.2581220099233215,
SomaSeq,R-HSA-5635838,11,8.181880341880342,1.3444342303192378,12,5983,0.06648901578569603,0.2581220099233215,
SomaSeq,R-HSA-170968,11,8.181880341880342,1.3444342303192378,12,5983,0.06648901578569603,0.2581220099233215,
SomaSeq,R-HSA-9926550,11,8.181880341880342,1.3444342303192378,12,5983,0.06648901578569603,0.2581220099233215,
SomaSeq,R-HSA-430116,11,8.181880341880342,1.3444342303192378,12,5983,0.06648901578569603,0.2581220099233215,
SomaSeq,R-HSA-3238698,11,8.181880341880342,1.3444342303192378,12,5983,0.06648901578569603,0.2581220099233215,
SomaSeq,R-HSA-9692914,64,57.273162393162394,1.117451827797808,84,5983,0.06877202008789653,0.2661808608823706,
SomaSeq,R-HSA-180585,32,27.272934472934473,1.1733244191876984,40,5983,0.07123356721841465,0.2740572870528827,Vif-mediated degradation of APOBEC3G
SomaSeq,R-HSA-451927,32,27.272934472934473,1.1733244191876984,40,5983,0.07123356721841465,0.2740572870528827,
SomaSeq,R-HSA-2142753,40,34.772991452991455,1.1503180580271553,51,5983,0.07370244735207658,0.2821868887151285,
SomaSeq,R-HSA-390522,29,24.545641025641025,1.1814725054320576,36,5983,0.074005433071594,0.2821868887151285,
SomaSeq,R-HSA-76009,29,24.545641025641025,1.1814725054320576,36,5983,0.074005433071594,0.2821868887151285,Platelet Aggregation (Plug Formation)
SomaSeq,R-HSA-3000480,14,10.909173789173789,1.2833235834865453,16,5983,0.07529091542101393,0.28372089828739855,Scavenging by Class A Receptors
SomaSeq,R-HSA-2024101,14,10.909173789173789,1.2833235834865453,16,5983,0.07529091542101393,0.28372089828739855,
SomaSeq,R-HSA-9034015,14,10.909173789173789,1.2833235834865453,16,5983,0.07529091542101393,0.28372089828739855,Signaling by NTRK3 (TRKC)
SomaSeq,R-HSA-9617828,14,10.909173789173789,1.2833235834865453,16,5983,0.07529091542101393,0.28372089828739855,
SomaSeq,R-HSA-9833109,26,21.818347578347577,1.1916576132375063,32,5983,0.07647197512176895,0.2873289123727284,
SomaSeq,R-HSA-450294,45,39.54575498575499,1.1379223892984143,58,5983,0.07758289084436451,0.29065310418369794,
SomaSeq,R-HSA-1614635,20,16.363760683760685,1.2222129366538526,24,5983,0.07938172614178762,0.29144433740627745,
SomaSeq,R-HSA-5218921,17,13.636467236467237,1.2466571953869297,20,5983,0.07875935803799637,0.29144433740627745,VEGFR2 mediated cell proliferation
SomaSeq,R-HSA-70263,17,13.636467236467237,1.2466571953869297,20,5983,0.07875935803799637,0.29144433740627745,
SomaSeq,R-HSA-201556,23,19.091054131054133,1.2047527518445118,28,5983,0.07839464911220814,0.29144433740627745,
SomaSeq,R-HSA-416572,17,13.636467236467237,1.2466571953869297,20,5983,0.07875935803799637,0.29144433740627745,
SomaSeq,R-HSA-5357786,20,16.363760683760685,1.2222129366538526,24,5983,0.07938172614178762,0.29144433740627745,TNFR1-induced proapoptotic signaling
SomaSeq,R-HSA-2514859,20,16.363760683760685,1.2222129366538526,24,5983,0.07938172614178762,0.29144433740627745,
SomaSeq,R-HSA-8873719,47,41.59122507122507,1.1300460594635622,61,5983,0.08518865409859187,0.31187299292504433,
SomaSeq,R-HSA-9009391,52,46.3639886039886,1.1215601065764764,68,5983,0.08729213602364187,0.3186658942908517,Extra-nuclear estrogen signaling
SomaSeq,R-HSA-174430,10,7.50005698005698,1.3333232036223845,11,5983,0.09065988034613368,0.3200493028702796,
SomaSeq,R-HSA-264870,10,7.50005698005698,1.3333232036223845,11,5983,0.09065988034613368,0.3200493028702796,
SomaSeq,R-HSA-193807,10,7.50005698005698,1.3333232036223845,11,5983,0.09065988034613368,0.3200493028702796,
SomaSeq,R-HSA-8964539,10,7.50005698005698,1.3333232036223845,11,5983,0.09065988034613368,0.3200493028702796,
SomaSeq,R-HSA-8963901,10,7.50005698005698,1.3333232036223845,11,5983,0.09065988034613368,0.3200493028702796,Chylomicron remodeling
SomaSeq,R-HSA-8851680,10,7.50005698005698,1.3333232036223845,11,5983,0.09065988034613368,0.3200493028702796,
SomaSeq,R-HSA-1059683,10,7.50005698005698,1.3333232036223845,11,5983,0.09065988034613368,0.3200493028702796,Interleukin-6 signaling
SomaSeq,R-HSA-9942503,10,7.50005698005698,1.3333232036223845,11,5983,0.09065988034613368,0.3200493028702796,Differentiation of naive CD4+ T cells to T helper 1 cells (Th1 cells)
SomaSeq,R-HSA-73614,10,7.50005698005698,1.3333232036223845,11,5983,0.09065988034613368,0.3200493028702796,
SomaSeq,R-HSA-5689896,28,23.863817663817663,1.1733244191876986,35,5983,0.08953655042727762,0.3200493028702796,Ovarian tumor domain proteases
SomaSeq,R-HSA-8851805,10,7.50005698005698,1.3333232036223845,11,5983,0.09065988034613368,0.3200493028702796,MET activates RAS signaling
SomaSeq,R-HSA-9020558,10,7.50005698005698,1.3333232036223845,11,5983,0.09065988034613368,0.3200493028702796,
SomaSeq,R-HSA-195253,49,43.636695156695154,1.122908135550727,64,5983,0.09274880421796403,0.3265266121098186,Degradation of beta-catenin by the destruction complex
SomaSeq,R-HSA-5173105,76,69.54598290598291,1.0928021551257976,102,5983,0.0998613424453982,0.3351199974002369,O-linked glycosylation
SomaSeq,R-HSA-194138,71,64.77321937321938,1.0961320231885077,95,5983,0.10066639610621902,0.3351199974002369,Signaling by VEGF
SomaSeq,R-HSA-8941326,22,18.40923076923077,1.1950526491726559,27,5983,0.09673598200188642,0.3351199974002369,RUNX2 regulates bone development
SomaSeq,R-HSA-9969896,13,10.227350427350427,1.2711014541200067,15,5983,0.09855781631538785,0.3351199974002369,
SomaSeq,R-HSA-2691232,13,10.227350427350427,1.2711014541200067,15,5983,0.09855781631538785,0.3351199974002369,
SomaSeq,R-HSA-8939211,108,100.22803418803419,1.0775428339478863,147,5983,0.09563457650777087,0.3351199974002369,ESR-mediated signaling
SomaSeq,R-HSA-3560783,16,12.954643874643875,1.235078335987051,19,5983,0.10041174035763104,0.3351199974002369,"Defective B4GALT7 causes EDS, progeroid type"
SomaSeq,R-HSA-3560801,16,12.954643874643875,1.235078335987051,19,5983,0.10041174035763104,0.3351199974002369,Defective B3GAT3 causes JDSSDHD
SomaSeq,R-HSA-4420332,16,12.954643874643875,1.235078335987051,19,5983,0.10041174035763104,0.3351199974002369,Defective B3GALT6 causes EDSP2 and SEMDJL1
SomaSeq,R-HSA-6804758,22,18.40923076923077,1.1950526491726559,27,5983,0.09673598200188642,0.3351199974002369,Regulation of TP53 Activity through Acetylation
SomaSeq,R-HSA-9609523,16,12.954643874643875,1.235078335987051,19,5983,0.10041174035763104,0.3351199974002369,Insertion of tail-anchored proteins into the endoplasmic reticulum membrane
SomaSeq,R-HSA-5099900,13,10.227350427350427,1.2711014541200067,15,5983,0.09855781631538785,0.3351199974002369,
SomaSeq,R-HSA-844456,13,10.227350427350427,1.2711014541200067,15,5983,0.09855781631538785,0.3351199974002369,The NLRP3 inflammasome
SomaSeq,R-HSA-9768919,13,10.227350427350427,1.2711014541200067,15,5983,0.09855781631538785,0.3351199974002369,NPAS4 regulates expression of target genes
SomaSeq,R-HSA-2424491,19,15.681937321937323,1.211584998074254,23,5983,0.09933370838024362,0.3351199974002369,DAP12 signaling
SomaSeq,R-HSA-9683701,22,18.40923076923077,1.1950526491726559,27,5983,0.09673598200188642,0.3351199974002369,
SomaSeq,R-HSA-449836,19,15.681937321937323,1.211584998074254,23,5983,0.09933370838024362,0.3351199974002369,Other interleukin signaling
SomaSeq,R-HSA-140534,13,10.227350427350427,1.2711014541200067,15,5983,0.09855781631538785,0.3351199974002369,
SomaSeq,R-HSA-1538133,19,15.681937321937323,1.211584998074254,23,5983,0.09933370838024362,0.3351199974002369,
SomaSeq,R-HSA-3371511,22,18.40923076923077,1.1950526491726559,27,5983,0.09673598200188642,0.3351199974002369,
SomaSeq,R-HSA-1482925,13,10.227350427350427,1.2711014541200067,15,5983,0.09855781631538785,0.3351199974002369,
SomaSeq,R-HSA-445355,30,25.90928774928775,1.1578859399878603,38,5983,0.10227087067878253,0.33696940723650143,Smooth Muscle Contraction
SomaSeq,R-HSA-1236394,38,33.40934472934473,1.1374063247227688,49,5983,0.10175499042843081,0.33696940723650143,Signaling by ERBB4
SomaSeq,R-HSA-9931269,38,33.40934472934473,1.1374063247227688,49,5983,0.10175499042843081,0.33696940723650143,AMPK-induced ERAD and lysosome mediated degradation of PD-L1(CD274)
SomaSeq,R-HSA-70268,30,25.90928774928775,1.1578859399878603,38,5983,0.10227087067878253,0.33696940723650143,
SomaSeq,R-HSA-5674135,27,23.1819943019943,1.164697033752495,34,5983,0.10776918517390931,0.354177501146991,MAP2K and MAPK activation
SomaSeq,R-HSA-9764265,92,85.22792022792022,1.0794584656526827,125,5983,0.11136279260620247,0.3641251615749877,Regulation of CDH1 Expression and Function
SomaSeq,R-HSA-9764274,92,85.22792022792022,1.0794584656526827,125,5983,0.11136279260620247,0.3641251615749877,Regulation of Expression and Function of Type I Classical Cadherins
SomaSeq,R-HSA-9680350,24,20.454700854700853,1.1733244191876986,30,5983,0.11329718421093792,0.36764364068448285,Signaling by CSF1 (M-CSF) in myeloid cells
SomaSeq,R-HSA-202433,24,20.454700854700853,1.1733244191876986,30,5983,0.11329718421093792,0.36764364068448285,Generation of second messenger molecules
SomaSeq,R-HSA-917729,24,20.454700854700853,1.1733244191876986,30,5983,0.11329718421093792,0.36764364068448285,
SomaSeq,R-HSA-9725370,65,59.31863247863248,1.0957771156206955,87,5983,0.11395987818110422,0.3688625779917353,Signaling by ALK fusions and activated point mutants
SomaSeq,R-HSA-9764560,32,27.954757834757835,1.144706750427023,41,5983,0.11461947215010873,0.3700653811881651,
SomaSeq,R-HSA-163560,18,15.00011396011396,1.199990883260146,22,5983,0.12351662483105004,0.3759393297283555,
SomaSeq,R-HSA-418885,12,9.545527065527066,1.257133306272534,14,5983,0.12814118787627993,0.3759393297283555,DCC mediated attractive signaling
SomaSeq,R-HSA-110328,12,9.545527065527066,1.257133306272534,14,5983,0.12814118787627993,0.3759393297283555,
SomaSeq,R-HSA-110329,12,9.545527065527066,1.257133306272534,14,5983,0.12814118787627993,0.3759393297283555,
SomaSeq,R-HSA-2559586,21,17.72740740740741,1.184606384756811,26,5983,0.11866436523530254,0.3759393297283555,DNA Damage/Telomere Stress Induced Senescence
SomaSeq,R-HSA-9958825,52,47.045811965811964,1.1053056122782667,69,5983,0.12258844699491885,0.3759393297283555,Activation of STAT3 by cadherin engagement
SomaSeq,R-HSA-373753,18,15.00011396011396,1.199990883260146,22,5983,0.12351662483105004,0.3759393297283555,Nephrin family interactions
SomaSeq,R-HSA-1181150,15,12.272820512820513,1.2222129366538526,18,5983,0.12716329384863176,0.3759393297283555,
SomaSeq,R-HSA-419812,9,6.818233618233618,1.3199899715861607,10,5983,0.1228955465675896,0.3759393297283555,
SomaSeq,R-HSA-68949,42,37.5002849002849,1.119991491042803,55,5983,0.12118132513730677,0.3759393297283555,Orc1 removal from chromatin
SomaSeq,R-HSA-8951664,120,112.5008547008547,1.0666585628979077,165,5983,0.11792455086732177,0.3759393297283555,Neddylation
SomaSeq,R-HSA-198323,12,9.545527065527066,1.257133306272534,14,5983,0.12814118787627993,0.3759393297283555,
SomaSeq,R-HSA-354192,21,17.72740740740741,1.184606384756811,26,5983,0.11866436523530254,0.3759393297283555,
SomaSeq,R-HSA-3000471,9,6.818233618233618,1.3199899715861607,10,5983,0.1228955465675896,0.3759393297283555,
SomaSeq,R-HSA-8963888,9,6.818233618233618,1.3199899715861607,10,5983,0.1228955465675896,0.3759393297283555,Chylomicron assembly
SomaSeq,R-HSA-8862803,15,12.272820512820513,1.2222129366538526,18,5983,0.12716329384863176,0.3759393297283555,Deregulated CDK5 triggers multiple neurodegenerative pathways in Alzheimer's disease models
SomaSeq,R-HSA-450341,9,6.818233618233618,1.3199899715861607,10,5983,0.1228955465675896,0.3759393297283555,
SomaSeq,R-HSA-1912420,15,12.272820512820513,1.2222129366538526,18,5983,0.12716329384863176,0.3759393297283555,
SomaSeq,R-HSA-5689877,9,6.818233618233618,1.3199899715861607,10,5983,0.1228955465675896,0.3759393297283555,
SomaSeq,R-HSA-8931838,12,9.545527065527066,1.257133306272534,14,5983,0.12814118787627993,0.3759393297283555,
SomaSeq,R-HSA-2022923,9,6.818233618233618,1.3199899715861607,10,5983,0.1228955465675896,0.3759393297283555,
SomaSeq,R-HSA-9702518,9,6.818233618233618,1.3199899715861607,10,5983,0.1228955465675896,0.3759393297283555,
SomaSeq,R-HSA-9694676,12,9.545527065527066,1.257133306272534,14,5983,0.12814118787627993,0.3759393297283555,
SomaSeq,R-HSA-5357905,37,32.72752136752137,1.1305469664048136,48,5983,0.118795511906862,0.3759393297283555,Regulation of TNFR1 signaling
SomaSeq,R-HSA-9830364,12,9.545527065527066,1.257133306272534,14,5983,0.12814118787627993,0.3759393297283555,
SomaSeq,R-HSA-8951936,9,6.818233618233618,1.3199899715861607,10,5983,0.1228955465675896,0.3759393297283555,RUNX3 regulates p14-ARF
SomaSeq,R-HSA-5603041,15,12.272820512820513,1.2222129366538526,18,5983,0.12716329384863176,0.3759393297283555,
SomaSeq,R-HSA-5627123,15,12.272820512820513,1.2222129366538526,18,5983,0.12716329384863176,0.3759393297283555,
SomaSeq,R-HSA-8877330,9,6.818233618233618,1.3199899715861607,10,5983,0.1228955465675896,0.3759393297283555,RUNX1 and FOXP3 control the development of regulatory T lymphocytes (Tregs)
SomaSeq,R-HSA-9661069,12,9.545527065527066,1.257133306272534,14,5983,0.12814118787627993,0.3759393297283555,
SomaSeq,R-HSA-5625970,9,6.818233618233618,1.3199899715861607,10,5983,0.1228955465675896,0.3759393297283555,
SomaSeq,R-HSA-5627117,15,12.272820512820513,1.2222129366538526,18,5983,0.12716329384863176,0.3759393297283555,
SomaSeq,R-HSA-5684264,12,9.545527065527066,1.257133306272534,14,5983,0.12814118787627993,0.3759393297283555,
SomaSeq,R-HSA-9636383,9,6.818233618233618,1.3199899715861607,10,5983,0.1228955465675896,0.3759393297283555,
SomaSeq,R-HSA-210744,9,6.818233618233618,1.3199899715861607,10,5983,0.1228955465675896,0.3759393297283555,
SomaSeq,R-HSA-8941856,9,6.818233618233618,1.3199899715861607,10,5983,0.1228955465675896,0.3759393297283555,
SomaSeq,R-HSA-3134975,12,9.545527065527066,1.257133306272534,14,5983,0.12814118787627993,0.3759393297283555,
SomaSeq,R-HSA-2892247,9,6.818233618233618,1.3199899715861607,10,5983,0.1228955465675896,0.3759393297283555,
SomaSeq,R-HSA-198753,18,15.00011396011396,1.199990883260146,22,5983,0.12351662483105004,0.3759393297283555,
SomaSeq,R-HSA-9769733,9,6.818233618233618,1.3199899715861607,10,5983,0.1228955465675896,0.3759393297283555,Fibrin formation
SomaSeq,R-HSA-9759476,100,93.40980056980057,1.0705514773610387,137,5983,0.12938093170490425,0.37699432480907474,Regulation of Homotypic Cell-Cell Adhesion
SomaSeq,R-HSA-2559582,39,34.772991452991455,1.1215601065764764,51,5983,0.12929105693624454,0.37699432480907474,Senescence-Associated Secretory Phenotype (SASP)
SomaSeq,R-HSA-9615710,26,22.50017094017094,1.1555467764727334,33,5983,0.12901472639900463,0.37699432480907474,
SomaSeq,R-HSA-4420097,66,60.682279202279204,1.0876321863256755,89,5983,0.13445974927204982,0.3909067371370679,VEGFA-VEGFR2 Pathway
SomaSeq,R-HSA-877300,61,55.90951566951567,1.0910486215007562,82,5983,0.1363406247582474,0.3954801417931104,
SomaSeq,R-HSA-2559585,23,19.772877492877495,1.1632095535050457,29,5983,0.13672541375437922,0.39570305557292185,Oncogene Induced Senescence
SomaSeq,R-HSA-9656223,28,24.545641025641025,1.1407320742102625,36,5983,0.14389546117216986,0.4139782560652982,Signaling by RAF1 mutants
SomaSeq,R-HSA-933542,20,17.045584045584047,1.1733244191876984,25,5983,0.1446507680726217,0.4139782560652982,TRAF6 mediated NF-kB activation
SomaSeq,R-HSA-9634815,20,17.045584045584047,1.1733244191876984,25,5983,0.1446507680726217,0.4139782560652982,Transcriptional Regulation by NPAS4
SomaSeq,R-HSA-419037,28,24.545641025641025,1.1407320742102625,36,5983,0.14389546117216986,0.4139782560652982,NCAM1 interactions
SomaSeq,R-HSA-380994,20,17.045584045584047,1.1733244191876984,25,5983,0.1446507680726217,0.4139782560652982,ATF4 activates genes in response to endoplasmic reticulum  stress
SomaSeq,R-HSA-5218920,17,14.318290598290599,1.187292567035171,21,5983,0.15254563176801372,0.43560252627088364,
SomaSeq,R-HSA-9725371,25,21.818347578347577,1.145824628112987,32,5983,0.15357524373822956,0.4366021862912057,
SomaSeq,R-HSA-9764725,25,21.818347578347577,1.145824628112987,32,5983,0.15357524373822956,0.4366021862912057,
SomaSeq,R-HSA-2022377,14,11.59099715099715,1.2078339609285131,17,5983,0.1598688494861885,0.4495218196712303,Metabolism of Angiotensinogen to Angiotensins
SomaSeq,R-HSA-174178,45,40.909401709401706,1.0999916429884675,60,5983,0.15892056266196214,0.4495218196712303,APC/C:Cdh1 mediated degradation of Cdc20 and other APC/C:Cdh1 targeted proteins in late mitosis/early G1
SomaSeq,R-HSA-168927,14,11.59099715099715,1.2078339609285131,17,5983,0.1598688494861885,0.4495218196712303,"TICAM1, RIP1-mediated IKK complex recruitment"
SomaSeq,R-HSA-5602498,14,11.59099715099715,1.2078339609285131,17,5983,0.1598688494861885,0.4495218196712303,
SomaSeq,R-HSA-9937080,14,11.59099715099715,1.2078339609285131,17,5983,0.1598688494861885,0.4495218196712303,
SomaSeq,R-HSA-9860927,22,19.091054131054133,1.1523721974164896,28,5983,0.16398753593070678,0.4590936463419569,"Turbulent (oscillatory, disturbed) flow shear stress activates signaling by PIEZO1 and integrins in endothelial cells"
SomaSeq,R-HSA-2173795,22,19.091054131054133,1.1523721974164896,28,5983,0.16398753593070678,0.4590936463419569,
SomaSeq,R-HSA-879415,11,8.863703703703704,1.2410162126023734,13,5983,0.16534048721294273,0.4598755975511502,Advanced glycosylation endproduct receptor signaling
SomaSeq,R-HSA-9614657,11,8.863703703703704,1.2410162126023734,13,5983,0.16534048721294273,0.4598755975511502,
SomaSeq,R-HSA-9679504,11,8.863703703703704,1.2410162126023734,13,5983,0.16534048721294273,0.4598755975511502,
SomaSeq,R-HSA-9818564,47,42.95487179487179,1.0941715813853539,63,5983,0.16819265671869582,0.464790459964568,
SomaSeq,R-HSA-9841922,47,42.95487179487179,1.0941715813853539,63,5983,0.16819265671869582,0.464790459964568,
SomaSeq,R-HSA-9851695,47,42.95487179487179,1.0941715813853539,63,5983,0.16819265671869582,0.464790459964568,
SomaSeq,R-HSA-2173788,19,16.363760683760685,1.1611022898211598,24,5983,0.17515124088637674,0.48194720458028717,Downregulation of TGF-beta receptor signaling
SomaSeq,R-HSA-6803529,19,16.363760683760685,1.1611022898211598,24,5983,0.17515124088637674,0.48194720458028717,
SomaSeq,R-HSA-6802948,24,21.136524216524215,1.135475244375192,31,5983,0.18172759248288603,0.49561567110612936,Signaling by high-kinase activity BRAF mutants
SomaSeq,R-HSA-977225,39,35.45481481481482,1.0999916429884673,52,5983,0.18243285014256747,0.49561567110612936,Amyloid fiber formation
SomaSeq,R-HSA-5658442,39,35.45481481481482,1.0999916429884673,52,5983,0.18243285014256747,0.49561567110612936,Regulation of RAS by GAPs
SomaSeq,R-HSA-432720,24,21.136524216524215,1.135475244375192,31,5983,0.18172759248288603,0.49561567110612936,Lysosome Vesicle Biogenesis
SomaSeq,R-HSA-381042,24,21.136524216524215,1.135475244375192,31,5983,0.18172759248288603,0.49561567110612936,PERK regulates gene expression
SomaSeq,R-HSA-5357956,24,21.136524216524215,1.135475244375192,31,5983,0.18172759248288603,0.49561567110612936,TNFR1-induced NF-kappa-B signaling pathway
SomaSeq,R-HSA-169911,29,25.90928774928775,1.119289741988265,38,5983,0.18401136231155182,0.49884936829186516,Regulation of Apoptosis
SomaSeq,R-HSA-8940973,16,13.636467236467237,1.1733244191876984,20,5983,0.18702126963616997,0.5027663838545573,RUNX2 regulates osteoblast differentiation
SomaSeq,R-HSA-9620244,16,13.636467236467237,1.1733244191876984,20,5983,0.18702126963616997,0.5027663838545573,
SomaSeq,R-HSA-211976,16,13.636467236467237,1.1733244191876984,20,5983,0.18702126963616997,0.5027663838545573,
SomaSeq,R-HSA-912631,16,13.636467236467237,1.1733244191876984,20,5983,0.18702126963616997,0.5027663838545573,Regulation of signaling by CBL
SomaSeq,R-HSA-373076,130,124.09185185185186,1.047611088560445,182,5983,0.19285554403582836,0.5173682131232556,Class A/1 (Rhodopsin-like receptors)
SomaSeq,R-HSA-399719,21,18.40923076923077,1.1407320742102622,27,5983,0.19541370655225873,0.5198894677425517,
SomaSeq,R-HSA-399721,21,18.40923076923077,1.1407320742102622,27,5983,0.19541370655225873,0.5198894677425517,
SomaSeq,R-HSA-4090294,21,18.40923076923077,1.1407320742102622,27,5983,0.19541370655225873,0.5198894677425517,
SomaSeq,R-HSA-162588,21,18.40923076923077,1.1407320742102622,27,5983,0.19541370655225873,0.5198894677425517,
SomaSeq,R-HSA-9748787,13,10.909173789173789,1.1916576132375063,16,5983,0.19938105352434143,0.5239358972981161,
SomaSeq,R-HSA-422085,13,10.909173789173789,1.1916576132375063,16,5983,0.19938105352434143,0.5239358972981161,"Synthesis, secretion, and deacylation of Ghrelin"
SomaSeq,R-HSA-9013695,13,10.909173789173789,1.1916576132375063,16,5983,0.19938105352434143,0.5239358972981161,
SomaSeq,R-HSA-3769402,26,23.1819943019943,1.1215601065764764,34,5983,0.1980627353805641,0.5239358972981161,
SomaSeq,R-HSA-1295596,13,10.909173789173789,1.1916576132375063,16,5983,0.19938105352434143,0.5239358972981161,
SomaSeq,R-HSA-9825892,13,10.909173789173789,1.1916576132375063,16,5983,0.19938105352434143,0.5239358972981161,
SomaSeq,R-HSA-69017,43,39.54575498575499,1.0873480608851516,58,5983,0.2032283633139726,0.5329560139968466,CDK-mediated phosphorylation and removal of Cdc6
SomaSeq,R-HSA-190873,10,8.181880341880342,1.2222129366538526,12,5983,0.21151420314832176,0.5403494056572434,
SomaSeq,R-HSA-9013418,18,15.681937321937323,1.1478173665966616,23,5983,0.21057512405395318,0.5403494056572434,
SomaSeq,R-HSA-2644606,38,34.772991452991455,1.0928021551257976,51,5983,0.20727406853119168,0.5403494056572434,
SomaSeq,R-HSA-2894862,38,34.772991452991455,1.0928021551257976,51,5983,0.20727406853119168,0.5403494056572434,
SomaSeq,R-HSA-9820960,18,15.681937321937323,1.1478173665966616,23,5983,0.21057512405395318,0.5403494056572434,Respiratory syncytial virus (RSV) attachment and entry
SomaSeq,R-HSA-6804759,10,8.181880341880342,1.2222129366538526,12,5983,0.21151420314832176,0.5403494056572434,Regulation of TP53 Activity through Association with Co-factors
SomaSeq,R-HSA-9700645,10,8.181880341880342,1.2222129366538526,12,5983,0.21151420314832176,0.5403494056572434,
SomaSeq,R-HSA-5140745,10,8.181880341880342,1.2222129366538526,12,5983,0.21151420314832176,0.5403494056572434,
SomaSeq,R-HSA-111461,10,8.181880341880342,1.2222129366538526,12,5983,0.21151420314832176,0.5403494056572434,
SomaSeq,R-HSA-6803207,10,8.181880341880342,1.2222129366538526,12,5983,0.21151420314832176,0.5403494056572434,TP53 Regulates Transcription of Caspase Activators and Caspases
SomaSeq,R-HSA-70635,10,8.181880341880342,1.2222129366538526,12,5983,0.21151420314832176,0.5403494056572434,Urea cycle
SomaSeq,R-HSA-9939291,10,8.181880341880342,1.2222129366538526,12,5983,0.21151420314832176,0.5403494056572434,
SomaSeq,R-HSA-5578768,10,8.181880341880342,1.2222129366538526,12,5983,0.21151420314832176,0.5403494056572434,
SomaSeq,R-HSA-2122948,23,20.454700854700853,1.1244359017215444,30,5983,0.2137038822542577,0.5427064994006348,
SomaSeq,R-HSA-5675221,28,25.227464387464387,1.1099014776099851,37,5983,0.21316435121166205,0.5427064994006348,Negative regulation of MAPK pathway
SomaSeq,R-HSA-114604,23,20.454700854700853,1.1244359017215444,30,5983,0.2137038822542577,0.5427064994006348,GPVI-mediated activation cascade
SomaSeq,R-HSA-9909615,52,48.40945868945869,1.0741702429183155,71,5983,0.21634839115703794,0.5483386245301652,Regulation of PD-L1(CD274) Post-translational modification
SomaSeq,R-HSA-3000171,54,50.454928774928774,1.0702621391239142,74,5983,0.22465051623265744,0.5682596719664662,Non-integrin membrane-ECM interactions
SomaSeq,R-HSA-6802946,30,27.272934472934473,1.0999916429884673,40,5983,0.22718135719306895,0.5687040485997105,Signaling by moderate kinase activity BRAF mutants
SomaSeq,R-HSA-6802955,30,27.272934472934473,1.0999916429884673,40,5983,0.22718135719306895,0.5687040485997105,Paradoxical activation of RAF signaling by kinase inactive BRAF
SomaSeq,R-HSA-9649948,30,27.272934472934473,1.0999916429884673,40,5983,0.22718135719306895,0.5687040485997105,Signaling downstream of RAS mutants
SomaSeq,R-HSA-9617324,15,12.954643874643875,1.1578859399878603,19,5983,0.22748161943988418,0.5687040485997105,
SomaSeq,R-HSA-111471,15,12.954643874643875,1.1578859399878603,19,5983,0.22748161943988418,0.5687040485997105,
SomaSeq,R-HSA-388844,15,12.954643874643875,1.1578859399878603,19,5983,0.22748161943988418,0.5687040485997105,
SomaSeq,R-HSA-9033241,42,38.86393162393163,1.0806935439886696,57,5983,0.22841228081084222,0.5699219045474413,
SomaSeq,R-HSA-390918,20,17.72740740740741,1.1281965569112484,26,5983,0.23127211086368607,0.5748252658797613,
SomaSeq,R-HSA-912526,20,17.72740740740741,1.1281965569112484,26,5983,0.23127211086368607,0.5748252658797613,
SomaSeq,R-HSA-9918487,56,52.50039886039886,1.0666585628979077,77,5983,0.23267891377161518,0.577205413506806,
SomaSeq,R-HSA-1650814,44,40.909401709401706,1.0755473842553904,60,5983,0.2382574501821791,0.5899052475608866,
SomaSeq,R-HSA-9833110,65,61.364102564102566,1.0592512117666721,90,5983,0.23998605468939524,0.5930424620689863,RSV-host interactions
SomaSeq,R-HSA-9749641,27,24.545641025641025,1.0999916429884673,36,5983,0.24553092625865766,0.5964594279548119,Aspirin ADME
SomaSeq,R-HSA-174154,39,36.13663817663818,1.0792370836867982,53,5983,0.24531598547165895,0.5964594279548119,APC/C:Cdc20 mediated degradation of Securin
SomaSeq,R-HSA-210745,12,10.227350427350427,1.1733244191876986,15,5983,0.24647467411984833,0.5964594279548119,Regulation of gene expression in beta cells
SomaSeq,R-HSA-8866427,12,10.227350427350427,1.1733244191876986,15,5983,0.24647467411984833,0.5964594279548119,
SomaSeq,R-HSA-8853659,27,24.545641025641025,1.0999916429884673,36,5983,0.24553092625865766,0.5964594279548119,
SomaSeq,R-HSA-9648895,12,10.227350427350427,1.1733244191876986,15,5983,0.24647467411984833,0.5964594279548119,
SomaSeq,R-HSA-6804114,12,10.227350427350427,1.1733244191876986,15,5983,0.24647467411984833,0.5964594279548119,TP53 Regulates Transcription of Genes Involved in G2 Cell Cycle Arrest
SomaSeq,R-HSA-9943962,12,10.227350427350427,1.1733244191876986,15,5983,0.24647467411984833,0.5964594279548119,
SomaSeq,R-HSA-2160916,12,10.227350427350427,1.1733244191876986,15,5983,0.24647467411984833,0.5964594279548119,
SomaSeq,R-HSA-1855183,12,10.227350427350427,1.1733244191876986,15,5983,0.24647467411984833,0.5964594279548119,
SomaSeq,R-HSA-1482922,12,10.227350427350427,1.1733244191876986,15,5983,0.24647467411984833,0.5964594279548119,
SomaSeq,R-HSA-9018519,60,56.59133903133903,1.0602329089045468,83,5983,0.24797299561499905,0.5989573296339733,Estrogen-dependent gene expression
SomaSeq,R-HSA-1221632,22,19.772877492877495,1.112635225091783,29,5983,0.2496684913420219,0.600794028791195,
SomaSeq,R-HSA-9861718,22,19.772877492877495,1.112635225091783,29,5983,0.2496684913420219,0.600794028791195,
SomaSeq,R-HSA-9008059,17,15.00011396011396,1.1333247230790269,22,5983,0.2512442553536902,0.6023299778535297,
SomaSeq,R-HSA-69205,17,15.00011396011396,1.1333247230790269,22,5983,0.2512442553536902,0.6023299778535297,
SomaSeq,R-HSA-75893,41,38.182108262108265,1.073801365774456,56,5983,0.2556381616796609,0.6117226029019819,TNF signaling
SomaSeq,R-HSA-199992,48,45.00034188034188,1.0666585628979077,66,5983,0.2566797520340059,0.6130733854343821,trans-Golgi Network Vesicle Budding
SomaSeq,R-HSA-390247,9,7.50005698005698,1.199990883260146,11,5983,0.267956044564141,0.6181750758795712,
SomaSeq,R-HSA-196025,9,7.50005698005698,1.199990883260146,11,5983,0.267956044564141,0.6181750758795712,
SomaSeq,R-HSA-5682910,9,7.50005698005698,1.199990883260146,11,5983,0.267956044564141,0.6181750758795712,
SomaSeq,R-HSA-5083635,24,21.818347578347577,1.0999916429884673,32,5983,0.26618463871685566,0.6181750758795712,Defective B3GALTL causes PpS
SomaSeq,R-HSA-5210891,9,7.50005698005698,1.199990883260146,11,5983,0.267956044564141,0.6181750758795712,
SomaSeq,R-HSA-9818030,9,7.50005698005698,1.199990883260146,11,5983,0.267956044564141,0.6181750758795712,
SomaSeq,R-HSA-9976102,50,47.045811965811964,1.062793857959872,69,5983,0.2653190344174777,0.6181750758795712,
SomaSeq,R-HSA-8876725,9,7.50005698005698,1.199990883260146,11,5983,0.267956044564141,0.6181750758795712,
SomaSeq,R-HSA-351906,9,7.50005698005698,1.199990883260146,11,5983,0.267956044564141,0.6181750758795712,
SomaSeq,R-HSA-3371378,9,7.50005698005698,1.199990883260146,11,5983,0.267956044564141,0.6181750758795712,
SomaSeq,R-HSA-5218900,9,7.50005698005698,1.199990883260146,11,5983,0.267956044564141,0.6181750758795712,
SomaSeq,R-HSA-69416,9,7.50005698005698,1.199990883260146,11,5983,0.267956044564141,0.6181750758795712,
SomaSeq,R-HSA-9634285,9,7.50005698005698,1.199990883260146,11,5983,0.267956044564141,0.6181750758795712,Constitutive Signaling by Overexpressed ERBB2
SomaSeq,R-HSA-174403,9,7.50005698005698,1.199990883260146,11,5983,0.267956044564141,0.6181750758795712,
SomaSeq,R-HSA-8875555,9,7.50005698005698,1.199990883260146,11,5983,0.267956044564141,0.6181750758795712,
SomaSeq,R-HSA-9820865,9,7.50005698005698,1.199990883260146,11,5983,0.267956044564141,0.6181750758795712,
SomaSeq,R-HSA-9673767,9,7.50005698005698,1.199990883260146,11,5983,0.267956044564141,0.6181750758795712,"Signaling by PDGFRA transmembrane, juxtamembrane and kinase domain mutants"
SomaSeq,R-HSA-9673770,9,7.50005698005698,1.199990883260146,11,5983,0.267956044564141,0.6181750758795712,Signaling by PDGFRA extracellular domain mutants
SomaSeq,R-HSA-2586552,9,7.50005698005698,1.199990883260146,11,5983,0.267956044564141,0.6181750758795712,Signaling by Leptin
SomaSeq,R-HSA-442982,14,12.272820512820513,1.1407320742102625,18,5983,0.27433829421763795,0.6295084072672585,Ras activation upon Ca2+ influx through NMDA receptor
SomaSeq,R-HSA-2028269,14,12.272820512820513,1.1407320742102625,18,5983,0.27433829421763795,0.6295084072672585,
SomaSeq,R-HSA-8963889,14,12.272820512820513,1.1407320742102625,18,5983,0.27433829421763795,0.6295084072672585,
SomaSeq,R-HSA-111996,26,23.863817663817663,1.089515532102863,35,5983,0.2811425805312401,0.6416842202178392,
SomaSeq,R-HSA-6804757,26,23.863817663817663,1.089515532102863,35,5983,0.2811425805312401,0.6416842202178392,Regulation of TP53 Degradation
SomaSeq,R-HSA-6806003,26,23.863817663817663,1.089515532102863,35,5983,0.2811425805312401,0.6416842202178392,Regulation of TP53 Expression and Degradation
SomaSeq,R-HSA-163125,56,53.18222222222222,1.0529834531171653,78,5983,0.28926419823106747,0.6565335108743143,
SomaSeq,R-HSA-8953750,21,19.091054131054133,1.0999916429884673,28,5983,0.28969221841691534,0.6565335108743143,
SomaSeq,R-HSA-9840310,21,19.091054131054133,1.0999916429884673,28,5983,0.28969221841691534,0.6565335108743143,
SomaSeq,R-HSA-201722,21,19.091054131054133,1.0999916429884673,28,5983,0.28969221841691534,0.6565335108743143,
SomaSeq,R-HSA-6807070,81,77.72786324786325,1.042097345989074,114,5983,0.290288904495773,0.6567275392201907,PTEN Regulation
SomaSeq,R-HSA-8935690,16,14.318290598290599,1.117451827797808,21,5983,0.29734331081426996,0.6703265866602403,
SomaSeq,R-HSA-210991,16,14.318290598290599,1.117451827797808,21,5983,0.29734331081426996,0.6703265866602403,
SomaSeq,R-HSA-8849471,11,9.545527065527066,1.1523721974164896,14,5983,0.30173791811403994,0.6719813254359468,"PTK6 Regulates RHO GTPases, RAS GTPase and MAP kinases"
SomaSeq,R-HSA-2173791,11,9.545527065527066,1.1523721974164896,14,5983,0.30173791811403994,0.6719813254359468,TGF-beta receptor signaling in EMT (epithelial to mesenchymal transition)
SomaSeq,R-HSA-918233,11,9.545527065527066,1.1523721974164896,14,5983,0.30173791811403994,0.6719813254359468,
SomaSeq,R-HSA-71336,11,9.545527065527066,1.1523721974164896,14,5983,0.30173791811403994,0.6719813254359468,Pentose phosphate pathway
SomaSeq,R-HSA-399955,11,9.545527065527066,1.1523721974164896,14,5983,0.30173791811403994,0.6719813254359468,SEMA3A-Plexin repulsion signaling by inhibiting Integrin adhesion
SomaSeq,R-HSA-8983432,11,9.545527065527066,1.1523721974164896,14,5983,0.30173791811403994,0.6719813254359468,
SomaSeq,R-HSA-877312,11,9.545527065527066,1.1523721974164896,14,5983,0.30173791811403994,0.6719813254359468,
SomaSeq,R-HSA-9920588,23,21.136524216524215,1.0881637758595593,31,5983,0.3056357153469514,0.6794842460568037,
SomaSeq,R-HSA-5617472,37,34.772991452991455,1.0640442036751188,51,5983,0.3062020632269008,0.6795676187332772,
SomaSeq,R-HSA-5633008,30,27.954757834757835,1.073162578525334,41,5983,0.3073326350218769,0.6809007517295032,TP53 Regulates Transcription of Cell Death Genes
SomaSeq,R-HSA-176408,46,43.636695156695154,1.054158657863948,64,5983,0.3123637789766733,0.6908562065146733,Regulation of APC/C activators between G1/S and early anaphase
SomaSeq,R-HSA-70895,18,16.363760683760685,1.0999916429884673,24,5983,0.316846773556682,0.6971714109937267,
SomaSeq,R-HSA-9013507,18,16.363760683760685,1.0999916429884673,24,5983,0.316846773556682,0.6971714109937267,NOTCH3 Activation and Transmission of Signal to the Nucleus
SomaSeq,R-HSA-350054,18,16.363760683760685,1.0999916429884673,24,5983,0.316846773556682,0.6971714109937267,
SomaSeq,R-HSA-199220,13,11.59099715099715,1.1215601065764764,17,5983,0.3277957166483381,0.709479371297688,
SomaSeq,R-HSA-3000170,20,18.40923076923077,1.0864114992478688,27,5983,0.3337246946106207,0.709479371297688,Syndecan interactions
SomaSeq,R-HSA-438066,13,11.59099715099715,1.1215601065764764,17,5983,0.3277957166483381,0.709479371297688,
SomaSeq,R-HSA-174184,41,38.86393162393163,1.0549627453222727,57,5983,0.3254044814060096,0.709479371297688,Cdc20:Phospho-APC/C mediated degradation of Cyclin A
SomaSeq,R-HSA-426486,8,6.818233618233618,1.1733244191876984,10,5983,0.33569140680855586,0.709479371297688,
SomaSeq,R-HSA-1474151,8,6.818233618233618,1.1733244191876984,10,5983,0.33569140680855586,0.709479371297688,
SomaSeq,R-HSA-450385,13,11.59099715099715,1.1215601065764764,17,5983,0.3277957166483381,0.709479371297688,
SomaSeq,R-HSA-450604,13,11.59099715099715,1.1215601065764764,17,5983,0.3277957166483381,0.709479371297688,
SomaSeq,R-HSA-9018677,13,11.59099715099715,1.1215601065764764,17,5983,0.3277957166483381,0.709479371297688,
SomaSeq,R-HSA-111458,8,6.818233618233618,1.1733244191876984,10,5983,0.33569140680855586,0.709479371297688,
SomaSeq,R-HSA-9627069,8,6.818233618233618,1.1733244191876984,10,5983,0.33569140680855586,0.709479371297688,
SomaSeq,R-HSA-110357,8,6.818233618233618,1.1733244191876984,10,5983,0.33569140680855586,0.709479371297688,
SomaSeq,R-HSA-418889,8,6.818233618233618,1.1733244191876984,10,5983,0.33569140680855586,0.709479371297688,
SomaSeq,R-HSA-1237044,8,6.818233618233618,1.1733244191876984,10,5983,0.33569140680855586,0.709479371297688,Erythrocytes take up carbon dioxide and release oxygen
SomaSeq,R-HSA-8963693,8,6.818233618233618,1.1733244191876984,10,5983,0.33569140680855586,0.709479371297688,
SomaSeq,R-HSA-9708530,8,6.818233618233618,1.1733244191876984,10,5983,0.33569140680855586,0.709479371297688,
SomaSeq,R-HSA-159740,8,6.818233618233618,1.1733244191876984,10,5983,0.33569140680855586,0.709479371297688,Gamma-carboxylation of protein precursors
SomaSeq,R-HSA-111932,8,6.818233618233618,1.1733244191876984,10,5983,0.33569140680855586,0.709479371297688,
SomaSeq,R-HSA-8939242,8,6.818233618233618,1.1733244191876984,10,5983,0.33569140680855586,0.709479371297688,RUNX1 regulates transcription of genes involved in differentiation of keratinocytes
SomaSeq,R-HSA-936964,13,11.59099715099715,1.1215601065764764,17,5983,0.3277957166483381,0.709479371297688,
SomaSeq,R-HSA-9701898,8,6.818233618233618,1.1733244191876984,10,5983,0.33569140680855586,0.709479371297688,
SomaSeq,R-HSA-1362277,13,11.59099715099715,1.1215601065764764,17,5983,0.3277957166483381,0.709479371297688,
SomaSeq,R-HSA-9796292,8,6.818233618233618,1.1733244191876984,10,5983,0.33569140680855586,0.709479371297688,
SomaSeq,R-HSA-9673324,8,6.818233618233618,1.1733244191876984,10,5983,0.33569140680855586,0.709479371297688,
SomaSeq,R-HSA-913709,36,34.09116809116809,1.0559919772689286,50,5983,0.33972831921622176,0.7168323320079556,
SomaSeq,R-HSA-204005,45,42.95487179487179,1.047611088560445,63,5983,0.3425865997506316,0.721678328982888,COPII-mediated vesicle transport
SomaSeq,R-HSA-1660661,22,20.454700854700853,1.0755473842553904,30,5983,0.34857116633337315,0.7283203224480179,
SomaSeq,R-HSA-174084,38,36.13663817663818,1.0515643379512392,53,5983,0.34914032578052845,0.7283203224480179,Autodegradation of Cdh1 by Cdh1:APC/C
SomaSeq,R-HSA-389513,15,13.636467236467237,1.0999916429884673,20,5983,0.3488626688510268,0.7283203224480179,Co-inhibition by CTLA4
SomaSeq,R-HSA-163841,38,36.13663817663818,1.0515643379512392,53,5983,0.34914032578052845,0.7283203224480179,"Gamma carboxylation, hypusinylation, hydroxylation, and arylsulfatase activation"
SomaSeq,R-HSA-202430,15,13.636467236467237,1.0999916429884673,20,5983,0.3488626688510268,0.7283203224480179,Translocation of ZAP-70 to Immunological synapse
SomaSeq,R-HSA-9968295,15,13.636467236467237,1.0999916429884673,20,5983,0.3488626688510268,0.7283203224480179,
SomaSeq,R-HSA-189451,10,8.863703703703704,1.1281965569112484,13,5983,0.36542658959958485,0.7451240458912726,Heme biosynthesis
SomaSeq,R-HSA-77289,24,22.50017094017094,1.0666585628979077,33,5983,0.36180538083298525,0.7451240458912726,
SomaSeq,R-HSA-191273,17,15.681937321937323,1.0840497351190692,23,5983,0.36647346070294495,0.7451240458912726,
SomaSeq,R-HSA-2151201,33,31.363874643874645,1.052165919380273,46,5983,0.3657545808663627,0.7451240458912726,
SomaSeq,R-HSA-2979096,17,15.681937321937323,1.0840497351190692,23,5983,0.36647346070294495,0.7451240458912726,
SomaSeq,R-HSA-5173214,24,22.50017094017094,1.0666585628979077,33,5983,0.36180538083298525,0.7451240458912726,O-glycosylation of TSR domain-containing proteins
SomaSeq,R-HSA-111933,24,22.50017094017094,1.0666585628979077,33,5983,0.36180538083298525,0.7451240458912726,
SomaSeq,R-HSA-111997,24,22.50017094017094,1.0666585628979077,33,5983,0.36180538083298525,0.7451240458912726,
SomaSeq,R-HSA-176409,42,40.227578347578344,1.0440598645314267,59,5983,0.3663464615731378,0.7451240458912726,APC/C:Cdc20 mediated degradation of mitotic proteins
SomaSeq,R-HSA-177504,10,8.863703703703704,1.1281965569112484,13,5983,0.36542658959958485,0.7451240458912726,
SomaSeq,R-HSA-354194,10,8.863703703703704,1.1281965569112484,13,5983,0.36542658959958485,0.7451240458912726,
SomaSeq,R-HSA-5673000,24,22.50017094017094,1.0666585628979077,33,5983,0.36180538083298525,0.7451240458912726,RAF activation
SomaSeq,R-HSA-8854214,33,31.363874643874645,1.052165919380273,46,5983,0.3657545808663627,0.7451240458912726,
SomaSeq,R-HSA-204174,10,8.863703703703704,1.1281965569112484,13,5983,0.36542658959958485,0.7451240458912726,
SomaSeq,R-HSA-209543,10,8.863703703703704,1.1281965569112484,13,5983,0.36542658959958485,0.7451240458912726,
SomaSeq,R-HSA-209560,10,8.863703703703704,1.1281965569112484,13,5983,0.36542658959958485,0.7451240458912726,
SomaSeq,R-HSA-69052,53,51.136752136752136,1.036436570282467,75,5983,0.37229058380651237,0.7557557664950527,Switching of origins to a post-replicative state
SomaSeq,R-HSA-5663213,26,24.545641025641025,1.0592512117666724,36,5983,0.3737328816399533,0.7562940990666771,
SomaSeq,R-HSA-9824585,26,24.545641025641025,1.0592512117666724,36,5983,0.3737328816399533,0.7562940990666771,
SomaSeq,R-HSA-5689603,46,44.318518518518516,1.0379408323583488,65,5983,0.3817596367509882,0.7701116691130608,UCH proteinases
SomaSeq,R-HSA-196807,19,17.72740740740741,1.071786729065686,26,5983,0.38156682166213207,0.7701116691130608,
SomaSeq,R-HSA-2142845,12,10.909173789173789,1.0999916429884673,16,5983,0.38775553590636885,0.7701172544662813,
SomaSeq,R-HSA-5423646,12,10.909173789173789,1.0999916429884673,16,5983,0.38775553590636885,0.7701172544662813,
SomaSeq,R-HSA-1489509,28,26.59111111111111,1.0529834531171653,39,5983,0.38458248205128226,0.7701172544662813,
SomaSeq,R-HSA-9707616,28,26.59111111111111,1.0529834531171653,39,5983,0.38458248205128226,0.7701172544662813,
SomaSeq,R-HSA-6791312,28,26.59111111111111,1.0529834531171653,39,5983,0.38458248205128226,0.7701172544662813,TP53 Regulates Transcription of Cell Cycle Genes
SomaSeq,R-HSA-9920951,12,10.909173789173789,1.0999916429884673,16,5983,0.38775553590636885,0.7701172544662813,
SomaSeq,R-HSA-5676594,12,10.909173789173789,1.0999916429884673,16,5983,0.38775553590636885,0.7701172544662813,TNF receptor superfamily (TNFSF) members mediating non-canonical NF-kB pathway
SomaSeq,R-HSA-156711,12,10.909173789173789,1.0999916429884673,16,5983,0.38775553590636885,0.7701172544662813,
SomaSeq,R-HSA-2453902,12,10.909173789173789,1.0999916429884673,16,5983,0.38775553590636885,0.7701172544662813,
SomaSeq,R-HSA-392517,12,10.909173789173789,1.0999916429884673,16,5983,0.38775553590636885,0.7701172544662813,
SomaSeq,R-HSA-2022928,21,19.772877492877495,1.06206089667852,29,5983,0.3947545019885097,0.7828079244679552,HS-GAG biosynthesis
SomaSeq,R-HSA-179419,41,39.54575498575499,1.0367737324718886,58,5983,0.3998904286884376,0.7917707255233318,APC:Cdc20 mediated degradation of cell cycle proteins prior to satisfation of the cell cycle checkpoint
SomaSeq,R-HSA-2024096,14,12.954643874643875,1.0806935439886696,19,5983,0.4055369835953481,0.7955954563664464,HS-GAG degradation
SomaSeq,R-HSA-9925563,32,30.682051282051283,1.042955039277954,45,5983,0.403710913875214,0.7955954563664464,Developmental Lineage of Pancreatic Ductal Cells
SomaSeq,R-HSA-76061,14,12.954643874643875,1.0806935439886696,19,5983,0.4055369835953481,0.7955954563664464,
SomaSeq,R-HSA-76066,14,12.954643874643875,1.0806935439886696,19,5983,0.4055369835953481,0.7955954563664464,
SomaSeq,R-HSA-9013508,14,12.954643874643875,1.0806935439886696,19,5983,0.4055369835953481,0.7955954563664464,
SomaSeq,R-HSA-392154,14,12.954643874643875,1.0806935439886696,19,5983,0.4055369835953481,0.7955954563664464,
SomaSeq,R-HSA-2022090,43,41.59122507122507,1.033871926743259,61,5983,0.4072189850907511,0.797677432685389,Assembly of collagen fibrils and other multimeric structures
SomaSeq,R-HSA-9981148,25,23.863817663817663,1.047611088560445,35,5983,0.41696655362458573,0.8155281908791365,
SomaSeq,R-HSA-202427,16,15.00011396011396,1.0666585628979077,22,5983,0.4202741253758163,0.8207481019877265,Phosphorylation of CD3 and TCR zeta chains
SomaSeq,R-HSA-6802952,40,38.86393162393163,1.0292319466558757,57,5983,0.4346705908470682,0.8399205021269124,Signaling by BRAF and RAF1 fusions
SomaSeq,R-HSA-1614558,9,8.181880341880342,1.0999916429884673,12,5983,0.4372815688115988,0.8399205021269124,
SomaSeq,R-HSA-3656237,9,8.181880341880342,1.0999916429884673,12,5983,0.4372815688115988,0.8399205021269124,Defective EXT2 causes exostoses 2
SomaSeq,R-HSA-3656253,9,8.181880341880342,1.0999916429884673,12,5983,0.4372815688115988,0.8399205021269124,"Defective EXT1 causes exostoses 1, TRPS2 and CHDS"
SomaSeq,R-HSA-73621,9,8.181880341880342,1.0999916429884673,12,5983,0.4372815688115988,0.8399205021269124,
SomaSeq,R-HSA-389356,29,27.954757834757835,1.0373904925744895,41,5983,0.4352428473345868,0.8399205021269124,Co-stimulation by CD28
SomaSeq,R-HSA-162658,9,8.181880341880342,1.0999916429884673,12,5983,0.4372815688115988,0.8399205021269124,
SomaSeq,R-HSA-9754189,9,8.181880341880342,1.0999916429884673,12,5983,0.4372815688115988,0.8399205021269124,
SomaSeq,R-HSA-2032785,9,8.181880341880342,1.0999916429884673,12,5983,0.4372815688115988,0.8399205021269124,
SomaSeq,R-HSA-3270619,9,8.181880341880342,1.0999916429884673,12,5983,0.4372815688115988,0.8399205021269124,
SomaSeq,R-HSA-6803211,9,8.181880341880342,1.0999916429884673,12,5983,0.4372815688115988,0.8399205021269124,TP53 Regulates Transcription of Death Receptors and Ligands
SomaSeq,R-HSA-532668,20,19.091054131054133,1.047611088560445,28,5983,0.4438058850948854,0.8511799438013846,
SomaSeq,R-HSA-373760,68,66.81868945868946,1.0176793431730038,98,5983,0.44601428855537895,0.8541406271142502,L1CAM interactions
SomaSeq,R-HSA-9029569,22,21.136524216524215,1.0408523073439262,31,5983,0.45352449096684816,0.8599110814764247,NR1H3 & NR1H2 regulate gene expression linked to cholesterol transport and efflux
SomaSeq,R-HSA-174437,11,10.227350427350427,1.0755473842553904,15,5983,0.4537118390980669,0.8599110814764247,
SomaSeq,R-HSA-164378,11,10.227350427350427,1.0755473842553904,15,5983,0.4537118390980669,0.8599110814764247,
SomaSeq,R-HSA-8934593,11,10.227350427350427,1.0755473842553904,15,5983,0.4537118390980669,0.8599110814764247,Regulation of RUNX1 Expression and Activity
SomaSeq,R-HSA-1660514,11,10.227350427350427,1.0755473842553904,15,5983,0.4537118390980669,0.8599110814764247,
SomaSeq,R-HSA-1834941,11,10.227350427350427,1.0755473842553904,15,5983,0.4537118390980669,0.8599110814764247,
SomaSeq,R-HSA-381771,11,10.227350427350427,1.0755473842553904,15,5983,0.4537118390980669,0.8599110814764247,"Synthesis, secretion, and inactivation of Glucagon-like Peptide-1 (GLP-1)"
SomaSeq,R-HSA-9840309,13,12.272820512820513,1.0592512117666724,18,5983,0.4667850149681587,0.8769279886463216,
SomaSeq,R-HSA-379726,13,12.272820512820513,1.0592512117666724,18,5983,0.4667850149681587,0.8769279886463216,
SomaSeq,R-HSA-9945556,13,12.272820512820513,1.0592512117666724,18,5983,0.4667850149681587,0.8769279886463216,
SomaSeq,R-HSA-389661,13,12.272820512820513,1.0592512117666724,18,5983,0.4667850149681587,0.8769279886463216,
SomaSeq,R-HSA-9968297,13,12.272820512820513,1.0592512117666724,18,5983,0.4667850149681587,0.8769279886463216,
SomaSeq,R-HSA-9909505,13,12.272820512820513,1.0592512117666724,18,5983,0.4667850149681587,0.8769279886463216,
SomaSeq,R-HSA-193368,15,14.318290598290599,1.047611088560445,21,5983,0.47766106394291885,0.8921431208817598,
SomaSeq,R-HSA-9839394,15,14.318290598290599,1.047611088560445,21,5983,0.47766106394291885,0.8921431208817598,
SomaSeq,R-HSA-9844594,15,14.318290598290599,1.047611088560445,21,5983,0.47766106394291885,0.8921431208817598,
SomaSeq,R-HSA-2122947,28,27.272934472934473,1.0266588667892362,40,5983,0.47747880939414167,0.8921431208817598,
SomaSeq,R-HSA-418594,140,139.09196581196582,1.0065283007737609,204,5983,0.47876521229557123,0.8929075439765009,G alpha (i) signalling events
SomaSeq,R-HSA-5610787,56,55.22769230769231,1.0139840659646777,81,5983,0.4797055992067301,0.8933647753342728,Hedgehog 'off' state
SomaSeq,R-HSA-174411,17,16.363760683760685,1.0388809961557746,24,5983,0.48699541520101153,0.90171341287219,
SomaSeq,R-HSA-389357,17,16.363760683760685,1.0388809961557746,24,5983,0.48699541520101153,0.90171341287219,CD28 dependent PI3K/Akt signaling
SomaSeq,R-HSA-4641262,17,16.363760683760685,1.0388809961557746,24,5983,0.48699541520101153,0.90171341287219,
SomaSeq,R-HSA-1482788,17,16.363760683760685,1.0388809961557746,24,5983,0.48699541520101153,0.90171341287219,
SomaSeq,R-HSA-165159,32,31.363874643874645,1.0202821036414769,46,5983,0.49046824646687504,0.9068369736833589,
SomaSeq,R-HSA-749476,19,18.40923076923077,1.0320909242854754,27,5983,0.49519187340947135,0.914255111108004,
SomaSeq,R-HSA-9913351,21,20.454700854700853,1.0266588667892362,30,5983,0.5025156185171602,0.9237948065730343,Formation of the dystrophin-glycoprotein complex (DGC)
SomaSeq,R-HSA-1251985,21,20.454700854700853,1.0266588667892362,30,5983,0.5025156185171602,0.9237948065730343,Nuclear signaling by ERBB4
SomaSeq,R-HSA-9694635,36,35.45481481481482,1.0153769012201237,52,5983,0.5018320326449188,0.9237948065730343,
SomaSeq,R-HSA-168638,23,22.50017094017094,1.0222144561104949,33,5983,0.509149564309549,0.9319902993415535,NOD1/2 Signaling Pathway
SomaSeq,R-HSA-8936459,23,22.50017094017094,1.0222144561104949,33,5983,0.509149564309549,0.9319902993415535,RUNX1 regulates genes involved in megakaryocyte differentiation and platelet function
SomaSeq,R-HSA-2173796,23,22.50017094017094,1.0222144561104949,33,5983,0.509149564309549,0.9319902993415535,
SomaSeq,R-HSA-170670,8,7.50005698005698,1.0666585628979077,11,5983,0.5163190394603288,0.9331504440316771,
SomaSeq,R-HSA-442720,8,7.50005698005698,1.0666585628979077,11,5983,0.5163190394603288,0.9331504440316771,
SomaSeq,R-HSA-9764790,8,7.50005698005698,1.0666585628979077,11,5983,0.5163190394603288,0.9331504440316771,
SomaSeq,R-HSA-9664873,8,7.50005698005698,1.0666585628979077,11,5983,0.5163190394603288,0.9331504440316771,
SomaSeq,R-HSA-159854,8,7.50005698005698,1.0666585628979077,11,5983,0.5163190394603288,0.9331504440316771,"Gamma-carboxylation, transport, and amino-terminal cleavage of proteins"
SomaSeq,R-HSA-446107,8,7.50005698005698,1.0666585628979077,11,5983,0.5163190394603288,0.9331504440316771,
SomaSeq,R-HSA-4755510,8,7.50005698005698,1.0666585628979077,11,5983,0.5163190394603288,0.9331504440316771,
SomaSeq,R-HSA-9027276,8,7.50005698005698,1.0666585628979077,11,5983,0.5163190394603288,0.9331504440316771,
SomaSeq,R-HSA-5685939,8,7.50005698005698,1.0666585628979077,11,5983,0.5163190394603288,0.9331504440316771,
SomaSeq,R-HSA-9824594,10,9.545527065527066,1.047611088560445,14,5983,0.5246482683134472,0.9415824368474577,
SomaSeq,R-HSA-9824878,10,9.545527065527066,1.047611088560445,14,5983,0.5246482683134472,0.9415824368474577,
SomaSeq,R-HSA-4419969,10,9.545527065527066,1.047611088560445,14,5983,0.5246482683134472,0.9415824368474577,
SomaSeq,R-HSA-9694631,10,9.545527065527066,1.047611088560445,14,5983,0.5246482683134472,0.9415824368474577,
SomaSeq,R-HSA-1660516,10,9.545527065527066,1.047611088560445,14,5983,0.5246482683134472,0.9415824368474577,
SomaSeq,R-HSA-6811438,29,28.636581196581197,1.0126907189417635,42,5983,0.5260649335815322,0.9428081445638338,
SomaSeq,R-HSA-189483,12,11.59099715099715,1.03528625222444,17,5983,0.5316591021256434,0.9436214726953753,Heme degradation
SomaSeq,R-HSA-9694614,12,11.59099715099715,1.03528625222444,17,5983,0.5316591021256434,0.9436214726953753,Attachment and Entry
SomaSeq,R-HSA-446353,12,11.59099715099715,1.03528625222444,17,5983,0.5316591021256434,0.9436214726953753,
SomaSeq,R-HSA-68867,48,47.727635327635326,1.0057066450180272,70,5983,0.5294913983472602,0.9436214726953753,Assembly of the pre-replicative complex
SomaSeq,R-HSA-432142,12,11.59099715099715,1.03528625222444,17,5983,0.5316591021256434,0.9436214726953753,
SomaSeq,R-HSA-450513,12,11.59099715099715,1.03528625222444,17,5983,0.5316591021256434,0.9436214726953753,
SomaSeq,R-HSA-8851708,12,11.59099715099715,1.03528625222444,17,5983,0.5316591021256434,0.9436214726953753,Signaling by FGFR2 IIIa TM
SomaSeq,R-HSA-917937,33,32.72752136752137,1.0083256727394283,48,5983,0.5355718865217075,0.949235591980421,
SomaSeq,R-HSA-156588,14,13.636467236467237,1.0266588667892362,20,5983,0.5377770513320984,0.949235591980421,
SomaSeq,R-HSA-5689901,14,13.636467236467237,1.0266588667892362,20,5983,0.5377770513320984,0.949235591980421,
SomaSeq,R-HSA-212676,14,13.636467236467237,1.0266588667892362,20,5983,0.5377770513320984,0.949235591980421,
SomaSeq,R-HSA-432722,35,34.772991452991455,1.0065283007737609,51,5983,0.5399346857341599,0.9517367231390885,
SomaSeq,R-HSA-76071,16,15.681937321937323,1.0202821036414769,23,5983,0.5432470731995224,0.9549555253917733,
SomaSeq,R-HSA-5621480,16,15.681937321937323,1.0202821036414769,23,5983,0.5432470731995224,0.9549555253917733,Dectin-2 family
SomaSeq,R-HSA-8986944,37,36.81846153846154,1.0049306368042787,54,5983,0.54407911426228,0.9551115598729915,
SomaSeq,R-HSA-1482839,18,17.72740740740741,1.0153769012201237,26,5983,0.548223247100099,0.9610734959394641,
SomaSeq,R-HSA-192105,20,19.772877492877495,1.0114865682652572,29,5983,0.5528089586646093,0.9664755263728204,
SomaSeq,R-HSA-9931509,20,19.772877492877495,1.0114865682652572,29,5983,0.5528089586646093,0.9664755263728204,
SomaSeq,R-HSA-416476,100,100.22803418803419,0.9977248462480429,147,5983,0.555769006641861,0.9703303988244449,G alpha (q) signalling events
SomaSeq,R-HSA-9833482,47,47.045811965811964,0.9990262264822796,69,5983,0.5622654664522237,0.9803407386582192,PKR-mediated signaling
SomaSeq,R-HSA-9662361,26,25.90928774928775,1.0035011479894789,38,5983,0.5648610578831698,0.983531787777606,
SomaSeq,R-HSA-8948216,28,27.954757834757835,1.001618406623645,41,5983,0.5684485738301064,0.9884389950902391,
SomaSeq,R-HSA-9670095,13,12.954643874643875,1.0035011479894789,19,5983,0.5994890829425816,0.9984650731930251,
SomaSeq,R-HSA-390450,7,6.818233618233618,1.0266588667892362,10,5983,0.6006179797993172,0.9984650731930251,
SomaSeq,R-HSA-74217,9,8.863703703703704,1.0153769012201237,13,5983,0.5989552720386312,0.9984650731930251,
SomaSeq,R-HSA-9762292,7,6.818233618233618,1.0266588667892362,10,5983,0.6006179797993172,0.9984650731930251,
SomaSeq,R-HSA-9856530,40,40.227578347578344,0.9943427281251683,59,5983,0.5870413317227665,0.9984650731930251,High laminar flow shear stress activates signaling by PIEZO1 and PECAM1:CDH5:KDR in endothelial cells
SomaSeq,R-HSA-381340,50,50.454928774928774,0.9909834621517724,74,5983,0.5999533816862566,0.9984650731930251,Transcriptional regulation of white adipocyte differentiation
SomaSeq,R-HSA-8852276,40,40.227578347578344,0.9943427281251683,59,5983,0.5870413317227665,0.9984650731930251,The role of GTSE1 in G2/M progression after G2 checkpoint
SomaSeq,R-HSA-9768759,7,6.818233618233618,1.0266588667892362,10,5983,0.6006179797993172,0.9984650731930251,
SomaSeq,R-HSA-9856532,9,8.863703703703704,1.0153769012201237,13,5983,0.5989552720386312,0.9984650731930251,
SomaSeq,R-HSA-166208,15,15.00011396011396,0.9999924027167885,22,5983,0.6006330751581388,0.9984650731930251,
SomaSeq,R-HSA-372708,9,8.863703703703704,1.0153769012201237,13,5983,0.5989552720386312,0.9984650731930251,
SomaSeq,R-HSA-9958810,15,15.00011396011396,0.9999924027167885,22,5983,0.6006330751581388,0.9984650731930251,
SomaSeq,R-HSA-210500,13,12.954643874643875,1.0035011479894789,19,5983,0.5994890829425816,0.9984650731930251,
SomaSeq,R-HSA-2022870,13,12.954643874643875,1.0035011479894789,19,5983,0.5994890829425816,0.9984650731930251,
SomaSeq,R-HSA-1839117,11,10.909173789173789,1.0083256727394285,16,5983,0.5988157061198023,0.9984650731930251,
SomaSeq,R-HSA-5576892,13,12.954643874643875,1.0035011479894789,19,5983,0.5994890829425816,0.9984650731930251,
SomaSeq,R-HSA-9933387,13,12.954643874643875,1.0035011479894789,19,5983,0.5994890829425816,0.9984650731930251,
SomaSeq,R-HSA-1362300,9,8.863703703703704,1.0153769012201237,13,5983,0.5989552720386312,0.9984650731930251,
SomaSeq,R-HSA-3232118,11,10.909173789173789,1.0083256727394285,16,5983,0.5988157061198023,0.9984650731930251,SUMOylation of transcription factors
SomaSeq,R-HSA-1483213,9,8.863703703703704,1.0153769012201237,13,5983,0.5989552720386312,0.9984650731930251,
SomaSeq,R-HSA-937039,9,8.863703703703704,1.0153769012201237,13,5983,0.5989552720386312,0.9984650731930251,
SomaSeq,R-HSA-975144,9,8.863703703703704,1.0153769012201237,13,5983,0.5989552720386312,0.9984650731930251,
SomaSeq,R-HSA-73780,11,10.909173789173789,1.0083256727394285,16,5983,0.5988157061198023,0.9984650731930251,
SomaSeq,R-HSA-73980,13,12.954643874643875,1.0035011479894789,19,5983,0.5994890829425816,0.9984650731930251,
SomaSeq,R-HSA-9022699,11,10.909173789173789,1.0083256727394285,16,5983,0.5988157061198023,0.9984650731930251,
SomaSeq,R-HSA-9931530,7,6.818233618233618,1.0266588667892362,10,5983,0.6006179797993172,0.9984650731930251,
SomaSeq,R-HSA-9857492,7,6.818233618233618,1.0266588667892362,10,5983,0.6006179797993172,0.9984650731930251,
SomaSeq,R-HSA-429958,11,10.909173789173789,1.0083256727394285,16,5983,0.5988157061198023,0.9984650731930251,
SomaSeq,R-HSA-400511,7,6.818233618233618,1.0266588667892362,10,5983,0.6006179797993172,0.9984650731930251,
SomaSeq,R-HSA-202670,9,8.863703703703704,1.0153769012201237,13,5983,0.5989552720386312,0.9984650731930251,
SomaSeq,R-HSA-418457,9,8.863703703703704,1.0153769012201237,13,5983,0.5989552720386312,0.9984650731930251,
SomaSeq,R-HSA-975110,7,6.818233618233618,1.0266588667892362,10,5983,0.6006179797993172,0.9984650731930251,
SomaSeq,R-HSA-5358565,9,8.863703703703704,1.0153769012201237,13,5983,0.5989552720386312,0.9984650731930251,
SomaSeq,R-HSA-1482801,13,12.954643874643875,1.0035011479894789,19,5983,0.5994890829425816,0.9984650731930251,
SomaSeq,R-HSA-3000157,17,17.045584045584047,0.9973257563095437,25,5983,0.602063513684767,0.9995498902906015,
SomaSeq,R-HSA-1169408,48,49.77310541310541,0.9643762349487933,73,5983,0.7201602452711192,1.0,
SomaSeq,R-HSA-159227,16,23.1819943019943,0.6901908348162933,34,5983,0.9968921241197346,1.0,
SomaSeq,R-HSA-159230,17,23.863817663817663,0.7123755402211027,35,5983,0.9952064949031654,1.0,
SomaSeq,R-HSA-159231,17,27.954757834757835,0.608125461164356,41,5983,0.9998894259365897,1.0,
SomaSeq,R-HSA-159234,18,28.636581196581197,0.628566653136267,42,5983,0.9998089286948912,1.0,
SomaSeq,R-HSA-159236,34,48.40945868945869,0.7023420819081294,71,5983,0.9998832554070398,1.0,
SomaSeq,R-HSA-162599,68,80.45515669515669,0.8451913189063931,118,5983,0.9942184059738244,1.0,
SomaSeq,R-HSA-165054,16,22.50017094017094,0.7111057085986052,33,5983,0.9943925974252977,1.0,
SomaSeq,R-HSA-168255,60,76.36421652421653,0.7857083164203338,112,5983,0.9995915851513197,1.0,Influenza Infection
SomaSeq,R-HSA-168271,14,21.136524216524215,0.662360559218862,31,5983,0.9977608833850206,1.0,
SomaSeq,R-HSA-168273,44,62.72774928774929,0.7014439462535154,92,5983,0.9999849044786873,1.0,
SomaSeq,R-HSA-168274,14,21.136524216524215,0.662360559218862,31,5983,0.9977608833850206,1.0,
SomaSeq,R-HSA-168276,21,27.954757834757835,0.7512138049677338,41,5983,0.9925004161095587,1.0,
SomaSeq,R-HSA-168325,19,27.954757834757835,0.6796696330660449,41,5983,0.998905758145564,1.0,
SomaSeq,R-HSA-168333,13,20.454700854700853,0.6355507270600034,30,5983,0.9986678695701336,1.0,
SomaSeq,R-HSA-170822,14,21.136524216524215,0.662360559218862,31,5983,0.9977608833850206,1.0,
SomaSeq,R-HSA-180746,16,22.50017094017094,0.7111057085986052,33,5983,0.9943925974252977,1.0,
SomaSeq,R-HSA-180910,15,22.50017094017094,0.6666616018111924,33,5983,0.9980539349525711,1.0,
SomaSeq,R-HSA-1855170,12,19.772877492877495,0.6068919409591543,29,5983,0.9992434890892236,1.0,
SomaSeq,R-HSA-1855196,12,19.772877492877495,0.6068919409591543,29,5983,0.9992434890892236,1.0,
SomaSeq,R-HSA-1855229,12,19.772877492877495,0.6068919409591543,29,5983,0.9992434890892236,1.0,
SomaSeq,R-HSA-191859,28,36.13663817663818,0.7748368805956499,53,5983,0.9935207300915803,1.0,
SomaSeq,R-HSA-2980766,27,34.772991452991455,0.7764646891683298,51,5983,0.9923890937649847,1.0,
SomaSeq,R-HSA-3108214,35,48.40945868945869,0.7229992019642508,71,5983,0.9997083501765909,1.0,
SomaSeq,R-HSA-3232142,17,24.545641025641025,0.6925873307705165,36,5983,0.9973264228432738,1.0,
SomaSeq,R-HSA-3301854,15,22.50017094017094,0.6666616018111924,33,5983,0.9980539349525711,1.0,
SomaSeq,R-HSA-3371453,49,51.8185754985755,0.9456068509900859,76,5983,0.7954694365063834,1.0,
SomaSeq,R-HSA-4085377,15,22.50017094017094,0.6666616018111924,33,5983,0.9980539349525711,1.0,
SomaSeq,R-HSA-4551638,29,36.13663817663818,0.8025096263312088,53,5983,0.986281174816389,1.0,
SomaSeq,R-HSA-4570464,22,30.682051282051283,0.7170315895035935,45,5983,0.9978079346135758,1.0,
SomaSeq,R-HSA-4615885,24,30.682051282051283,0.7822162794584656,45,5983,0.9876192242904515,1.0,
SomaSeq,R-HSA-5619107,14,21.136524216524215,0.662360559218862,31,5983,0.9977608833850206,1.0,
SomaSeq,R-HSA-6784531,20,31.363874643874645,0.637676314775923,46,5983,0.9998515612114716,1.0,
SomaSeq,R-HSA-68875,41,51.8185754985755,0.7912220589917046,76,5983,0.9967899660046917,1.0,
SomaSeq,R-HSA-70171,46,47.727635327635326,0.9638022014756095,70,5983,0.7203437439015192,1.0,
SomaSeq,R-HSA-72202,37,54.545868945868946,0.6783281798428882,80,5983,0.9999860014957349,1.0,
SomaSeq,R-HSA-72203,152,188.86507122507123,0.8048073633417426,277,5983,0.999999069160757,1.0,
SomaSeq,R-HSA-8980692,73,87.27339031339031,0.8364519785224804,128,5983,0.9971309050773278,1.0,
SomaSeq,R-HSA-9609690,40,51.136752136752136,0.7822162794584656,75,5983,0.997580587740621,1.0,HCMV Early Events
SomaSeq,R-HSA-9610379,30,36.81846153846154,0.8148086244359016,54,5983,0.9820200958500253,1.0,
SomaSeq,R-HSA-9705671,78,80.45515669515669,0.9694841599220391,118,5983,0.7242420902381188,1.0,
SomaSeq,R-HSA-71064,8,8.181880341880342,0.977770349323082,12,5983,0.6743939807577886,1.0,
SomaSeq,R-HSA-428930,7,13.636467236467237,0.5133294333946181,20,5983,0.999490827464064,1.0,
SomaSeq,R-HSA-193648,28,34.09116809116809,0.8213270934313889,50,5983,0.9753099589396522,1.0,
SomaSeq,R-HSA-112310,25,25.90928774928775,0.9649049499898836,38,5983,0.693972480438143,1.0,
SomaSeq,R-HSA-888590,8,8.863703703703704,0.9025572455289987,13,5983,0.7950959147084403,1.0,
SomaSeq,R-HSA-1989781,65,68.18233618233619,0.953326090590005,100,5983,0.7880637423737833,1.0,
SomaSeq,R-HSA-400206,65,69.54598290598291,0.9346334221470637,102,5983,0.8593413996664416,1.0,
SomaSeq,R-HSA-1369062,3,7.50005698005698,0.3999969610867154,11,5983,0.9990689683712632,1.0,
SomaSeq,R-HSA-382556,51,51.8185754985755,0.9842030489896813,76,5983,0.6327106848407733,1.0,ABC-family protein mediated transport
SomaSeq,R-HSA-9754706,6,6.818233618233618,0.8799933143907739,10,5983,0.8169539963836672,1.0,
SomaSeq,R-HSA-159418,9,10.909173789173789,0.8249937322413505,16,5983,0.8996480939762183,1.0,Recycling of bile acids and salts
SomaSeq,R-HSA-2564830,7,9.545527065527066,0.7333277619923115,14,5983,0.9558404571711341,1.0,
SomaSeq,R-HSA-2142691,10,10.909173789173789,0.9166597024903895,16,5983,0.7793634944515512,1.0,
SomaSeq,R-HSA-9707564,33,36.81846153846154,0.8962894868794918,54,5983,0.8956531376692064,1.0,Cytoprotection by HMOX1
SomaSeq,R-HSA-9753281,17,19.772877492877495,0.8597635830254686,29,5983,0.9022303589807386,1.0,
SomaSeq,R-HSA-422356,32,42.27304843304843,0.7569834962501281,62,5983,0.9978809483238887,1.0,Regulation of insulin secretion
SomaSeq,R-HSA-2046106,6,7.50005698005698,0.7999939221734308,11,5983,0.8995294415730111,1.0,
SomaSeq,R-HSA-9603798,8,13.636467236467237,0.5866622095938492,20,5983,0.9976897215794173,1.0,
SomaSeq,R-HSA-193775,7,7.50005698005698,0.9333262425356692,11,5983,0.7481411253925472,1.0,
SomaSeq,R-HSA-9013106,41,43.636695156695154,0.9395761950526492,64,5983,0.802177513238354,1.0,
SomaSeq,R-HSA-9954714,22,33.40934472934473,0.6584983985237083,49,5983,0.9997874869111251,1.0,
SomaSeq,R-HSA-114508,12,16.363760683760685,0.7333277619923115,24,5983,0.9809157259136958,1.0,
SomaSeq,R-HSA-9648002,13,14.318290598290599,0.907929610085719,21,5983,0.8052403293958903,1.0,RAS processing
SomaSeq,R-HSA-1483206,69,73.63692307692308,0.9370299181012869,108,5983,0.8569080527169575,1.0,
SomaSeq,R-HSA-2029482,44,85.90974358974358,0.5121654210739954,126,5983,0.9999999999999971,1.0,
SomaSeq,R-HSA-9013149,85,106.36444444444444,0.7991392278121344,156,5983,0.9998880080761071,1.0,
SomaSeq,R-HSA-9013404,40,49.09128205128205,0.8148086244359017,72,5983,0.9913478678905598,1.0,
SomaSeq,R-HSA-9013423,51,55.22769230769231,0.9234497743606886,81,5983,0.8707194404325306,1.0,
SomaSeq,R-HSA-9664422,43,85.22792022792022,0.5045295002507104,125,5983,0.9999999999999986,1.0,FCGR3A-mediated phagocytosis
SomaSeq,R-HSA-376176,102,103.637150997151,0.9842030489896813,152,5983,0.6495490045693724,1.0,Signaling by ROBO receptors
SomaSeq,R-HSA-5685938,18,21.136524216524215,0.8516064332813941,31,5983,0.9173988014510841,1.0,
SomaSeq,R-HSA-5693565,24,27.272934472934473,0.8799933143907739,40,5983,0.8985751929208693,1.0,Recruitment and ATM-mediated phosphorylation of repair and signaling proteins at DNA double strand breaks
SomaSeq,R-HSA-983231,84,96.13709401709401,0.8737522270546692,141,5983,0.9882551615056477,1.0,Factors involved in megakaryocyte development and platelet production
SomaSeq,R-HSA-416482,31,43.636695156695154,0.7104112694300518,64,5983,0.9996829586408955,1.0,
SomaSeq,R-HSA-9013026,36,41.59122507122507,0.8655671944827285,61,5983,0.9511645536365576,1.0,
SomaSeq,R-HSA-9013148,73,86.59156695156695,0.8430382145738385,127,5983,0.9959471375913866,1.0,
SomaSeq,R-HSA-5693571,18,21.818347578347577,0.8249937322413505,32,5983,0.9466590238173369,1.0,
SomaSeq,R-HSA-5693607,33,38.86393162393163,0.8491163559910975,57,5983,0.9628643925741897,1.0,
SomaSeq,R-HSA-69473,31,36.13663817663818,0.8578551178023267,53,5983,0.949758004660083,1.0,G2/M DNA damage checkpoint
SomaSeq,R-HSA-69481,71,73.63692307692308,0.9641902055824836,108,5983,0.745029991840269,1.0,G2/M Checkpoints
SomaSeq,R-HSA-1655829,30,32.04569800569801,0.9361631004157168,47,5983,0.7898663655066543,1.0,
SomaSeq,R-HSA-196780,5,6.818233618233618,0.7333277619923115,10,5983,0.9380268931860425,1.0,
SomaSeq,R-HSA-200425,7,8.181880341880342,0.8555490556576968,12,5983,0.8513871278812091,1.0,
SomaSeq,R-HSA-2426168,23,23.863817663817663,0.9638022014756095,35,5983,0.6955716811904483,1.0,
SomaSeq,R-HSA-75105,10,19.091054131054133,0.5238055442802225,28,5983,0.999904487676769,1.0,
SomaSeq,R-HSA-9837999,62,64.09139601139601,0.9673685370962407,94,5983,0.7208846953778352,1.0,Mitochondrial protein degradation
SomaSeq,R-HSA-611105,62,102.27350427350427,0.6062176165803109,150,5983,0.9999999999975405,1.0,
SomaSeq,R-HSA-6799198,22,44.318518518518516,0.49640648504094936,65,5983,0.9999999971753668,1.0,
SomaSeq,R-HSA-381038,27,30.00022792022792,0.8999931624451096,44,5983,0.871093488461673,1.0,
SomaSeq,R-HSA-381070,29,31.363874643874645,0.9246306564250885,46,5983,0.8192229313141753,1.0,
SomaSeq,R-HSA-71403,21,23.1819943019943,0.9058754706963849,34,5983,0.8390536023844068,1.0,
SomaSeq,R-HSA-8964038,12,12.272820512820513,0.977770349323082,18,5983,0.6614072764406125,1.0,
SomaSeq,R-HSA-9854311,12,12.954643874643875,0.9263087519902883,19,5983,0.767552751008665,1.0,
SomaSeq,R-HSA-171319,11,12.954643874643875,0.8491163559910976,19,5983,0.8851157070277649,1.0,
SomaSeq,R-HSA-174414,11,11.59099715099715,0.9490123978724032,17,5983,0.7219361467757602,1.0,
SomaSeq,R-HSA-174417,19,21.136524216524215,0.8989179017970271,31,5983,0.8457919208548025,1.0,
SomaSeq,R-HSA-9679191,69,96.13709401709401,0.7177250436520496,141,5983,0.9999994204560838,1.0,Potential therapeutics for SARS
SomaSeq,R-HSA-72163,111,133.63737891737892,0.8306059345014957,196,5983,0.9997715049931298,1.0,
SomaSeq,R-HSA-72172,115,137.7283190883191,0.834977154743721,202,5983,0.9997387799882627,1.0,
SomaSeq,R-HSA-1268020,40,41.59122507122507,0.9617413272030316,61,5983,0.7215477381299802,1.0,
SomaSeq,R-HSA-9918432,30,32.04569800569801,0.9361631004157168,47,5983,0.7898663655066543,1.0,
SomaSeq,R-HSA-1483166,21,21.818347578347577,0.9624926876149089,32,5983,0.6976440849194294,1.0,
SomaSeq,R-HSA-75876,1,10.227350427350427,0.09777703493230822,15,5983,0.9999999662041925,1.0,
SomaSeq,R-HSA-400451,4,6.818233618233618,0.5866622095938492,10,5983,0.9850567983246137,1.0,
SomaSeq,R-HSA-1445148,33,45.68216524216524,0.7223825715148144,67,5983,0.9996028041794273,1.0,
SomaSeq,R-HSA-3214847,41,53.18222222222222,0.7709343138893532,78,5983,0.9986821670331308,1.0,
SomaSeq,R-HSA-3247509,100,126.13732193732194,0.7927867697214178,185,5983,0.9999820027842246,1.0,
SomaSeq,R-HSA-389957,15,17.045584045584047,0.8799933143907738,25,5983,0.8624616520584685,1.0,
SomaSeq,R-HSA-437239,25,30.682051282051283,0.8148086244359017,45,5983,0.9739042334594683,1.0,
SomaSeq,R-HSA-445095,12,14.318290598290599,0.838088870848356,21,5983,0.9043972792555156,1.0,
SomaSeq,R-HSA-5250924,16,18.40923076923077,0.8691291993982951,27,5983,0.8841235769434853,1.0,
SomaSeq,R-HSA-5626467,11,19.772877492877495,0.5563176125458915,29,5983,0.9998054859985739,1.0,
SomaSeq,R-HSA-5663220,77,87.27339031339031,0.8822849636469999,128,5983,0.9787752989506597,1.0,
SomaSeq,R-HSA-5696394,21,21.818347578347577,0.9624926876149089,32,5983,0.6976440849194294,1.0,
SomaSeq,R-HSA-9035034,21,25.90928774928775,0.8105201579915022,38,5983,0.9677341485568182,1.0,
SomaSeq,R-HSA-9662360,32,34.09116809116809,0.9386595353501588,50,5983,0.7868854462216353,1.0,
SomaSeq,R-HSA-9845323,16,21.136524216524215,0.7569834962501281,31,5983,0.9829113078856807,1.0,
SomaSeq,R-HSA-9932451,15,19.091054131054133,0.7857083164203338,28,5983,0.9658553243695016,1.0,
SomaSeq,R-HSA-9933937,8,10.909173789173789,0.7333277619923116,16,5983,0.9627220163001885,1.0,
SomaSeq,R-HSA-9933939,8,11.59099715099715,0.6901908348162933,17,5983,0.9805421936162122,1.0,
SomaSeq,R-HSA-9933946,10,12.272820512820513,0.8148086244359017,18,5983,0.9168395869887199,1.0,
SomaSeq,R-HSA-9933947,5,8.863703703703704,0.5640982784556242,13,5983,0.9937739671388247,1.0,
SomaSeq,R-HSA-9934037,11,15.00011396011396,0.7333277619923115,22,5983,0.9774685260259117,1.0,
SomaSeq,R-HSA-9938024,91,96.13709401709401,0.9465649126425582,141,5983,0.8478271543180609,1.0,Somatic hypermutation of immunoglobulin genes
SomaSeq,R-HSA-9938027,177,224.31988603988603,0.7890517560646757,329,5983,0.9999999896967466,1.0,Affinity selection of immunoglobulins
SomaSeq,R-HSA-3214858,16,17.045584045584047,0.9386595353501588,25,5983,0.7511937234397043,1.0,
SomaSeq,R-HSA-8939243,18,21.818347578347577,0.8249937322413505,32,5983,0.9466590238173369,1.0,RUNX1 interacts with co-factors whose precise effect on RUNX1 targets is not known
SomaSeq,R-HSA-9013405,25,31.363874643874645,0.7970953934699039,46,5983,0.983265932240892,1.0,
SomaSeq,R-HSA-112314,92,97.50074074074074,0.9435825748712261,143,5983,0.8609716086860684,1.0,Neurotransmitter receptors and postsynaptic signal transmission
SomaSeq,R-HSA-438064,47,49.09128205128205,0.9574001337121846,72,5983,0.7474928933694682,1.0,Post NMDA receptor activation events
SomaSeq,R-HSA-442755,53,55.22769230769231,0.9596634910022842,81,5983,0.745884827375462,1.0,Activation of NMDA receptors and postsynaptic events
SomaSeq,R-HSA-9609736,19,24.545641025641025,0.7740681932141067,36,5983,0.9826457937398959,1.0,
SomaSeq,R-HSA-2132295,75,82.50062678062677,0.9090840024698078,121,5983,0.9403611638218278,1.0,
SomaSeq,R-HSA-3371497,35,36.81846153846154,0.9506100618418852,54,5983,0.7544368053403006,1.0,
SomaSeq,R-HSA-446203,176,184.77413105413106,0.95251428863946,271,5983,0.889746564810795,1.0,Asparagine N-linked glycosylation
SomaSeq,R-HSA-6807878,53,62.04592592592593,0.8542059645185167,91,5983,0.9830093578530164,1.0,COPI-mediated anterograde transport
SomaSeq,R-HSA-6811436,28,34.09116809116809,0.8213270934313889,50,5983,0.9753099589396522,1.0,
SomaSeq,R-HSA-948021,110,114.54632478632479,0.9603101645137413,168,5983,0.8014410695959739,1.0,Transport to the Golgi and subsequent modification
SomaSeq,R-HSA-9979719,57,62.04592592592593,0.9186743391991595,91,5983,0.8940261159606343,1.0,
SomaSeq,R-HSA-2565942,44,47.727635327635326,0.9218977579331917,70,5983,0.861497939358491,1.0,
SomaSeq,R-HSA-380259,33,38.182108262108265,0.8642791480623672,56,5983,0.9465746889474651,1.0,
SomaSeq,R-HSA-380270,38,46.3639886039886,0.8196016163443482,68,5983,0.9882429581844391,1.0,
SomaSeq,R-HSA-380284,33,38.182108262108265,0.8642791480623672,56,5983,0.9465746889474651,1.0,
SomaSeq,R-HSA-380320,39,53.864045584045584,0.7240451320936747,79,5983,0.9998425662134421,1.0,
SomaSeq,R-HSA-5620912,39,51.136752136752136,0.762660872472004,75,5983,0.9988663678181193,1.0,Anchoring of the basal body to the plasma membrane
SomaSeq,R-HSA-68877,92,117.9554415954416,0.7799555387663891,173,5983,0.9999885601735938,1.0,
SomaSeq,R-HSA-8854518,35,40.227578347578344,0.8700498871095222,59,5983,0.9435287271230892,1.0,
SomaSeq,R-HSA-9013700,7,7.50005698005698,0.9333262425356692,11,5983,0.7481411253925472,1.0,
SomaSeq,R-HSA-193692,6,7.50005698005698,0.7999939221734308,11,5983,0.8995294415730111,1.0,
SomaSeq,R-HSA-9759475,14,15.00011396011396,0.9333262425356692,22,5983,0.7584169402770136,1.0,
SomaSeq,R-HSA-9764260,16,17.045584045584047,0.9386595353501588,25,5983,0.7511937234397043,1.0,
SomaSeq,R-HSA-6782315,27,27.272934472934473,0.9899924786896206,40,5983,0.6108940028709976,1.0,
SomaSeq,R-HSA-111885,50,55.22769230769231,0.9053429160398908,81,5983,0.9134277521385642,1.0,
SomaSeq,R-HSA-111931,11,12.272820512820513,0.896289486879492,18,5983,0.8170529430167071,1.0,
SomaSeq,R-HSA-112040,34,34.772991452991455,0.977770349323082,51,5983,0.6549739320164714,1.0,
SomaSeq,R-HSA-112043,30,32.04569800569801,0.9361631004157168,47,5983,0.7898663655066543,1.0,
SomaSeq,R-HSA-163359,17,18.40923076923077,0.9234497743606885,27,5983,0.7878706559123776,1.0,
SomaSeq,R-HSA-163615,10,10.909173789173789,0.9166597024903895,16,5983,0.7793634944515512,1.0,
SomaSeq,R-HSA-418597,26,27.272934472934473,0.9533260905900051,40,5983,0.7309273635289142,1.0,
SomaSeq,R-HSA-432040,21,23.863817663817663,0.8799933143907739,35,5983,0.8878227142970794,1.0,
SomaSeq,R-HSA-9634597,25,25.90928774928775,0.9649049499898836,38,5983,0.693972480438143,1.0,
SomaSeq,R-HSA-9660821,22,24.545641025641025,0.896289486879492,36,5983,0.8619873609611898,1.0,ADORA2B mediated anti-inflammatory cytokines production
SomaSeq,R-HSA-9664323,31,71.591452991453,0.4330125832716506,105,5983,1.0,1.0,FCGR3A-mediated IL10 synthesis
SomaSeq,R-HSA-977443,21,23.1819943019943,0.9058754706963849,34,5983,0.8390536023844068,1.0,
SomaSeq,R-HSA-977444,17,19.772877492877495,0.8597635830254686,29,5983,0.9022303589807386,1.0,
SomaSeq,R-HSA-991365,17,19.772877492877495,0.8597635830254686,29,5983,0.9022303589807386,1.0,
SomaSeq,R-HSA-381753,5,6.818233618233618,0.7333277619923115,10,5983,0.9380268931860425,1.0,
SomaSeq,R-HSA-381676,18,23.1819943019943,0.7764646891683299,34,5983,0.9794876495272684,1.0,
SomaSeq,R-HSA-400042,8,14.318290598290599,0.558725913898904,21,5983,0.9989191229234091,1.0,
SomaSeq,R-HSA-420092,17,18.40923076923077,0.9234497743606885,27,5983,0.7878706559123776,1.0,
SomaSeq,R-HSA-5223345,11,15.681937321937323,0.7014439462535154,23,5983,0.9877329336591155,1.0,
SomaSeq,R-HSA-110373,14,16.363760683760685,0.8555490556576968,24,5983,0.8935771532228914,1.0,
SomaSeq,R-HSA-73933,24,25.227464387464387,0.9513441236657015,37,5983,0.7335853441383697,1.0,
SomaSeq,R-HSA-375280,4,8.181880341880342,0.488885174661541,12,5983,0.9973313323079049,1.0,
SomaSeq,R-HSA-2454202,85,118.63726495726496,0.7164696525212239,174,5983,0.9999999695438062,1.0,Fc epsilon receptor (FCERI) signaling
SomaSeq,R-HSA-2467813,99,111.13720797720798,0.8907907783710287,163,5983,0.9827816313643654,1.0,Separation of Sister Chromatids
SomaSeq,R-HSA-2871837,52,89.3188603988604,0.5821838721160336,131,5983,0.9999999999960826,1.0,FCERI mediated NF-kB activation
SomaSeq,R-HSA-9010553,72,76.36421652421653,0.9428499797044004,112,5983,0.839777823803183,1.0,Regulation of expression of SLITs and ROBOs
SomaSeq,R-HSA-983168,160,161.59213675213675,0.9901471891879312,237,5983,0.6190944913984727,1.0,Antigen processing: Ubiquitination & Proteasome degradation
SomaSeq,R-HSA-9954709,48,51.136752136752136,0.9386595353501588,75,5983,0.8181186386124539,1.0,Ribosome Quality Control (RQC) complex extracts and degrades nascent peptide
SomaSeq,R-HSA-212300,5,6.818233618233618,0.7333277619923115,10,5983,0.9380268931860425,1.0,
SomaSeq,R-HSA-3214841,22,25.227464387464387,0.8720654466935597,37,5983,0.9042888718677666,1.0,
SomaSeq,R-HSA-112382,22,32.72752136752137,0.6722171151596189,48,5983,0.9996104115375237,1.0,
SomaSeq,R-HSA-674695,32,43.636695156695154,0.7333277619923116,64,5983,0.9992202075900658,1.0,
SomaSeq,R-HSA-75955,22,32.72752136752137,0.6722171151596189,48,5983,0.9996104115375237,1.0,
SomaSeq,R-HSA-8949215,8,12.954643874643875,0.6175391679935255,19,5983,0.9951730972275028,1.0,
SomaSeq,R-HSA-8949664,8,10.909173789173789,0.7333277619923116,16,5983,0.9627220163001885,1.0,
SomaSeq,R-HSA-8955332,7,19.091054131054133,0.36666388099615577,28,5983,0.9999995292476423,1.0,
SomaSeq,R-HSA-445989,26,27.272934472934473,0.9533260905900051,40,5983,0.7309273635289142,1.0,TAK1-dependent IKK and NF-kappa-B activation  
SomaSeq,R-HSA-70221,7,10.227350427350427,0.6844392445261575,15,5983,0.9774139339499486,1.0,
SomaSeq,R-HSA-203927,16,16.363760683760685,0.977770349323082,24,5983,0.6557503891965444,1.0,
SomaSeq,R-HSA-3700989,197,210.00159544159544,0.9380881111200349,308,5983,0.9525300536782807,1.0,Transcriptional Regulation by TP53
SomaSeq,R-HSA-4086398,30,33.40934472934473,0.8979523616232385,49,5983,0.884147861802492,1.0,Ca2+ pathway
SomaSeq,R-HSA-5578749,10,10.909173789173789,0.9166597024903895,16,5983,0.7793634944515512,1.0,
SomaSeq,R-HSA-5628897,53,53.864045584045584,0.9839587692555066,79,5983,0.6344179605461155,1.0,TP53 Regulates Metabolic Genes
SomaSeq,R-HSA-8853884,23,23.863817663817663,0.9638022014756095,35,5983,0.6955716811904483,1.0,Transcriptional Regulation by VENTX
SomaSeq,R-HSA-9022692,18,18.40923076923077,0.977770349323082,27,5983,0.6542859944813537,1.0,
SomaSeq,R-HSA-9820841,24,26.59111111111111,0.9025572455289989,39,5983,0.8561924004458169,1.0,
SomaSeq,R-HSA-9918481,145,152.04660968660968,0.9536549371200465,223,5983,0.8637987518925399,1.0,Dengue Virus-Host Interactions
SomaSeq,R-HSA-141444,54,57.954985754985756,0.9317576270019958,85,5983,0.851232262202857,1.0,
SomaSeq,R-HSA-2500257,62,75.68239316239317,0.8192129953787984,111,5983,0.9977380492563772,1.0,
SomaSeq,R-HSA-9615933,12,17.72740740740741,0.6769179341467491,26,5983,0.9943757278055219,1.0,
SomaSeq,R-HSA-9648025,60,71.591452991453,0.838088870848356,105,5983,0.9936988668280167,1.0,
SomaSeq,R-HSA-2408522,44,49.09128205128205,0.896289486879492,72,5983,0.9204089561454509,1.0,
SomaSeq,R-HSA-2029485,18,62.72774928774929,0.2869543416491654,92,5983,1.0,1.0,
SomaSeq,R-HSA-2871809,21,63.40957264957265,0.331180279609431,93,5983,1.0,1.0,
SomaSeq,R-HSA-5578775,27,32.04569800569801,0.8425467903741451,47,5983,0.9565441062117979,1.0,
SomaSeq,R-HSA-5607763,6,7.50005698005698,0.7999939221734308,11,5983,0.8995294415730111,1.0,
SomaSeq,R-HSA-983695,23,55.22769230769231,0.4164577413783498,81,5983,0.9999999999999666,1.0,Antigen activates B Cell Receptor (BCR) leading to generation of second messengers
SomaSeq,R-HSA-9958790,9,17.045584045584047,0.5279959886344643,25,5983,0.9997830546452817,1.0,
SomaSeq,R-HSA-6803204,10,10.909173789173789,0.9166597024903895,16,5983,0.7793634944515512,1.0,TP53 Regulates Transcription of Genes Involved in Cytochrome C Release
SomaSeq,R-HSA-5368286,36,65.45504273504274,0.5499958214942336,96,5983,0.9999999998611837,1.0,
SomaSeq,R-HSA-5389840,36,66.1368660968661,0.5443257614788292,97,5983,0.9999999999320299,1.0,
SomaSeq,R-HSA-5419276,37,66.1368660968661,0.5594459215199078,97,5983,0.9999999997411388,1.0,
SomaSeq,R-HSA-9937383,38,60.00045584045584,0.6333285217206327,88,5983,0.9999996602181878,1.0,
SomaSeq,R-HSA-9772755,21,26.59111111111111,0.789737589837874,39,5983,0.979723924491889,1.0,
SomaSeq,R-HSA-196071,19,19.091054131054133,0.9952305341324227,28,5983,0.6036734042958201,1.0,
SomaSeq,R-HSA-196108,6,8.181880341880342,0.7333277619923115,12,5983,0.9476717552648132,1.0,
SomaSeq,R-HSA-203615,8,8.863703703703704,0.9025572455289987,13,5983,0.7950959147084403,1.0,
SomaSeq,R-HSA-392451,12,15.00011396011396,0.7999939221734308,22,5983,0.9422250779476797,1.0,
SomaSeq,R-HSA-5633007,87,90.68250712250712,0.9593912074185129,133,5983,0.7848713125248283,1.0,Regulation of TP53 Activity
SomaSeq,R-HSA-8876198,48,58.63680911680912,0.8185984319914176,86,5983,0.9943079977557999,1.0,
SomaSeq,R-HSA-2168880,12,53.18222222222222,0.2256393113822497,78,5983,1.0,1.0,Scavenging of heme from plasma
SomaSeq,R-HSA-196757,11,12.272820512820513,0.896289486879492,18,5983,0.8170529430167071,1.0,
SomaSeq,R-HSA-9696270,25,25.227464387464387,0.9909834621517724,37,5983,0.6090307550730287,1.0,
SomaSeq,R-HSA-9696273,22,24.545641025641025,0.896289486879492,36,5983,0.8619873609611898,1.0,
SomaSeq,R-HSA-446193,47,47.727635327635326,0.9847544232468184,70,5983,0.629238562144977,1.0,
SomaSeq,R-HSA-9842663,7,7.50005698005698,0.9333262425356692,11,5983,0.7481411253925472,1.0,
SomaSeq,R-HSA-9645460,5,6.818233618233618,0.7333277619923115,10,5983,0.9380268931860425,1.0,
SomaSeq,R-HSA-72187,84,98.1825641025641,0.8555490556576968,144,5983,0.9953020095381199,1.0,
SomaSeq,R-HSA-1632852,81,86.59156695156695,0.935425964116177,127,5983,0.8780892377885846,1.0,
SomaSeq,R-HSA-901032,8,10.909173789173789,0.7333277619923116,16,5983,0.9627220163001885,1.0,
SomaSeq,R-HSA-901042,12,13.636467236467237,0.8799933143907739,20,5983,0.8477361650500154,1.0,
SomaSeq,R-HSA-141405,10,13.636467236467237,0.7333277619923115,20,5983,0.973374871112326,1.0,
SomaSeq,R-HSA-141430,10,13.636467236467237,0.7333277619923115,20,5983,0.973374871112326,1.0,
SomaSeq,R-HSA-174048,12,14.318290598290599,0.838088870848356,21,5983,0.9043972792555156,1.0,
SomaSeq,R-HSA-176407,10,12.954643874643875,0.7719239599919069,19,5983,0.9520883425008922,1.0,
SomaSeq,R-HSA-176412,9,11.59099715099715,0.7764646891683299,17,5983,0.9426743168196617,1.0,
SomaSeq,R-HSA-179409,13,17.045584045584047,0.762660872472004,25,5983,0.9716111059489725,1.0,
SomaSeq,R-HSA-9687136,11,13.636467236467237,0.8066605381915427,20,5983,0.9308018138894585,1.0,
SomaSeq,R-HSA-202733,111,132.95555555555555,0.834865452114324,195,5983,0.9996774729058525,1.0,Cell surface interactions at the vascular wall
SomaSeq,R-HSA-9768727,14,16.363760683760685,0.8555490556576968,24,5983,0.8935771532228914,1.0,
SomaSeq,R-HSA-2995383,9,10.909173789173789,0.8249937322413505,16,5983,0.8996480939762183,1.0,
SomaSeq,R-HSA-9013408,36,40.227578347578344,0.8949084553126515,59,5983,0.9058423693753832,1.0,
SomaSeq,R-HSA-199977,41,47.045811965811964,0.8714909635270949,69,5983,0.9530288646594279,1.0,ER to Golgi Anterograde Transport
SomaSeq,R-HSA-2672351,33,45.68216524216524,0.7223825715148144,67,5983,0.9996028041794273,1.0,
SomaSeq,R-HSA-983712,61,83.18245014245014,0.7333277619923116,122,5983,0.999991145354218,1.0,
SomaSeq,R-HSA-416993,10,10.909173789173789,0.9166597024903895,16,5983,0.7793634944515512,1.0,
SomaSeq,R-HSA-390471,18,21.818347578347577,0.8249937322413505,32,5983,0.9466590238173369,1.0,Association of TriC/CCT with target proteins during biosynthesis
SomaSeq,R-HSA-72764,25,35.45481481481482,0.7051228480695303,52,5983,0.9992074411095724,1.0,
SomaSeq,R-HSA-5651801,11,13.636467236467237,0.8066605381915427,20,5983,0.9308018138894585,1.0,
SomaSeq,R-HSA-205043,10,10.909173789173789,0.9166597024903895,16,5983,0.7793634944515512,1.0,
SomaSeq,R-HSA-9839383,7,7.50005698005698,0.9333262425356692,11,5983,0.7481411253925472,1.0,
SomaSeq,R-HSA-418346,39,51.8185754985755,0.7526258609921093,76,5983,0.9992956961370066,1.0,
SomaSeq,R-HSA-425397,4,15.00011396011396,0.26666464072447693,22,5983,0.9999998204150357,1.0,
SomaSeq,R-HSA-8949613,19,21.136524216524215,0.8989179017970271,31,5983,0.8457919208548025,1.0,
SomaSeq,R-HSA-6781823,25,27.272934472934473,0.9166597024903894,40,5983,0.827937205462449,1.0,
SomaSeq,R-HSA-6781827,37,42.95487179487179,0.8613691172608104,63,5983,0.9577844624633882,1.0,
SomaSeq,R-HSA-6782135,31,36.81846153846154,0.8419689119170983,54,5983,0.9655219616382067,1.0,
SomaSeq,R-HSA-6782210,29,36.13663817663818,0.8025096263312088,53,5983,0.986281174816389,1.0,
SomaSeq,R-HSA-6811434,44,61.364102564102566,0.7170315895035935,90,5983,0.9999564296636692,1.0,
SomaSeq,R-HSA-5694530,19,19.772877492877495,0.9609122398519944,29,5983,0.7003158509951208,1.0,Cargo concentration in the ER
SomaSeq,R-HSA-1483255,49,52.50039886039886,0.9333262425356692,77,5983,0.8374124722492606,1.0,
SomaSeq,R-HSA-1660499,33,34.772991452991455,0.9490123978724031,51,5983,0.756318029931841,1.0,
SomaSeq,R-HSA-5620916,10,12.272820512820513,0.8148086244359017,18,5983,0.9168395869887199,1.0,
SomaSeq,R-HSA-5620920,29,36.81846153846154,0.7876483369547049,54,5983,0.9912240264173708,1.0,
SomaSeq,R-HSA-6811440,26,30.682051282051283,0.8474009694133378,45,5983,0.9491382848649748,1.0,
SomaSeq,R-HSA-9013406,31,33.40934472934473,0.9278841070106799,49,5983,0.8155629416117913,1.0,
SomaSeq,R-HSA-9013409,28,31.363874643874645,0.8927468406862923,46,5983,0.8885516972912408,1.0,
SomaSeq,R-HSA-9696264,21,25.90928774928775,0.8105201579915022,38,5983,0.9677341485568182,1.0,
SomaSeq,R-HSA-9013424,15,19.772877492877495,0.7586149261989429,29,5983,0.9797890794772569,1.0,
SomaSeq,R-HSA-9013420,21,21.818347578347577,0.9624926876149089,32,5983,0.6976440849194294,1.0,
SomaSeq,R-HSA-9013407,14,17.72740740740741,0.7897375898378739,26,5983,0.9594005815952663,1.0,
SomaSeq,R-HSA-8964616,6,10.227350427350427,0.5866622095938493,15,5983,0.9941616221302563,1.0,
SomaSeq,R-HSA-3214815,17,20.454700854700853,0.8311047969246198,30,5983,0.9367661810169423,1.0,
SomaSeq,R-HSA-427413,21,23.1819943019943,0.9058754706963849,34,5983,0.8390536023844068,1.0,
SomaSeq,R-HSA-9646399,25,27.272934472934473,0.9166597024903894,40,5983,0.827937205462449,1.0,
SomaSeq,R-HSA-9663891,47,51.8185754985755,0.9070106529904906,76,5983,0.9043259292384774,1.0,
SomaSeq,R-HSA-389977,8,13.636467236467237,0.5866622095938492,20,5983,0.9976897215794173,1.0,
SomaSeq,R-HSA-5620922,9,9.545527065527066,0.9428499797044004,14,5983,0.7327078787439619,1.0,
SomaSeq,R-HSA-456926,14,18.40923076923077,0.7604880494735082,27,5983,0.9760646187175948,1.0,Thrombin signalling through proteinase activated receptors (PARs)
SomaSeq,R-HSA-6791226,62,90.68250712250712,0.6837040788499748,133,5983,0.999999931790245,1.0,
SomaSeq,R-HSA-9857377,7,9.545527065527066,0.7333277619923115,14,5983,0.9558404571711341,1.0,
SomaSeq,R-HSA-9954716,27,37.5002849002849,0.7199945299560876,55,5983,0.9989937471717868,1.0,
SomaSeq,R-HSA-2559584,7,7.50005698005698,0.9333262425356692,11,5983,0.7481411253925472,1.0,Formation of Senescence-Associated Heterochromatin Foci (SAHF)
SomaSeq,R-HSA-9633012,31,40.909401709401706,0.7577720207253886,60,5983,0.9975167538738069,1.0,
SomaSeq,R-HSA-9629569,11,11.59099715099715,0.9490123978724032,17,5983,0.7219361467757602,1.0,
SomaSeq,R-HSA-5601884,11,15.00011396011396,0.7333277619923115,22,5983,0.9774685260259117,1.0,
SomaSeq,R-HSA-6796648,24,34.09116809116809,0.7039946515126191,50,5983,0.9990768119959391,1.0,TP53 Regulates Transcription of DNA Repair Genes
SomaSeq,R-HSA-8943724,33,37.5002849002849,0.8799933143907738,55,5983,0.9245920351908622,1.0,Regulation of PTEN gene transcription
SomaSeq,R-HSA-9843940,13,15.00011396011396,0.8666600823545499,22,5983,0.8728741136787121,1.0,
SomaSeq,R-HSA-9843970,2,7.50005698005698,0.26666464072447693,11,5983,0.9999176916872792,1.0,
SomaSeq,R-HSA-983170,20,20.454700854700853,0.9777703493230822,30,5983,0.6533956389595066,1.0,
SomaSeq,R-HSA-5205647,20,20.454700854700853,0.9777703493230822,30,5983,0.6533956389595066,1.0,
SomaSeq,R-HSA-5205685,16,17.045584045584047,0.9386595353501588,25,5983,0.7511937234397043,1.0,
SomaSeq,R-HSA-5685942,28,34.09116809116809,0.8213270934313889,50,5983,0.9753099589396522,1.0,
SomaSeq,R-HSA-5693537,11,15.00011396011396,0.7333277619923115,22,5983,0.9774685260259117,1.0,
SomaSeq,R-HSA-5693554,11,12.272820512820513,0.896289486879492,18,5983,0.8170529430167071,1.0,
SomaSeq,R-HSA-5693568,11,14.318290598290599,0.768248131610993,21,5983,0.9598468019867957,1.0,
SomaSeq,R-HSA-5693579,17,20.454700854700853,0.8311047969246198,30,5983,0.9367661810169423,1.0,
SomaSeq,R-HSA-5693616,17,19.772877492877495,0.8597635830254686,29,5983,0.9022303589807386,1.0,
SomaSeq,R-HSA-6804756,45,49.77310541310541,0.9041027202644937,73,5983,0.9067499357810214,1.0,Regulation of TP53 Activity through Phosphorylation
SomaSeq,R-HSA-6804760,12,12.272820512820513,0.977770349323082,18,5983,0.6614072764406125,1.0,Regulation of TP53 Activity through Methylation
SomaSeq,R-HSA-912446,12,13.636467236467237,0.8799933143907739,20,5983,0.8477361650500154,1.0,
SomaSeq,R-HSA-9701192,11,11.59099715099715,0.9490123978724032,17,5983,0.7219361467757602,1.0,
SomaSeq,R-HSA-9704331,11,11.59099715099715,0.9490123978724032,17,5983,0.7219361467757602,1.0,
SomaSeq,R-HSA-9704646,11,11.59099715099715,0.9490123978724032,17,5983,0.7219361467757602,1.0,
SomaSeq,R-HSA-9709570,14,17.72740740740741,0.7897375898378739,26,5983,0.9594005815952663,1.0,
SomaSeq,R-HSA-9709603,11,11.59099715099715,0.9490123978724032,17,5983,0.7219361467757602,1.0,
SomaSeq,R-HSA-936837,21,27.272934472934473,0.7699941500919271,40,5983,0.987538689163855,1.0,
SomaSeq,R-HSA-418359,3,8.181880341880342,0.36666388099615577,12,5983,0.9996481803923828,1.0,
SomaSeq,R-HSA-418360,7,17.72740740740741,0.39486879491893695,26,5983,0.9999970976507088,1.0,
SomaSeq,R-HSA-163210,8,12.272820512820513,0.6518468995487214,18,5983,0.990168711188699,1.0,
SomaSeq,R-HSA-77387,13,15.00011396011396,0.8666600823545499,22,5983,0.8728741136787121,1.0,Insulin receptor recycling
SomaSeq,R-HSA-917977,14,16.363760683760685,0.8555490556576968,24,5983,0.8935771532228914,1.0,
SomaSeq,R-HSA-1222556,16,19.091054131054133,0.838088870848356,28,5983,0.9249221401788933,1.0,
SomaSeq,R-HSA-9639288,22,31.363874643874645,0.7014439462535154,46,5983,0.9987477772582181,1.0,
SomaSeq,R-HSA-176187,13,20.454700854700853,0.6355507270600034,30,5983,0.9986678695701336,1.0,
SomaSeq,R-HSA-6783310,15,15.681937321937323,0.9565144721638846,23,5983,0.708231828830544,1.0,
SomaSeq,R-HSA-1368108,13,13.636467236467237,0.9533260905900051,20,5983,0.7140971416477646,1.0,
SomaSeq,R-HSA-9955298,10,16.363760683760685,0.6111064683269263,24,5983,0.9981021586998539,1.0,
SomaSeq,R-HSA-196299,8,8.863703703703704,0.9025572455289987,13,5983,0.7950959147084403,1.0,
SomaSeq,R-HSA-5339716,8,8.863703703703704,0.9025572455289987,13,5983,0.7950959147084403,1.0,
SomaSeq,R-HSA-5358747,8,8.863703703703704,0.9025572455289987,13,5983,0.7950959147084403,1.0,
SomaSeq,R-HSA-5358749,8,8.863703703703704,0.9025572455289987,13,5983,0.7950959147084403,1.0,
SomaSeq,R-HSA-5358751,8,8.863703703703704,0.9025572455289987,13,5983,0.7950959147084403,1.0,
SomaSeq,R-HSA-5358752,8,8.863703703703704,0.9025572455289987,13,5983,0.7950959147084403,1.0,
SomaSeq,R-HSA-5467337,7,8.181880341880342,0.8555490556576968,12,5983,0.8513871278812091,1.0,
SomaSeq,R-HSA-5467340,7,8.181880341880342,0.8555490556576968,12,5983,0.8513871278812091,1.0,
SomaSeq,R-HSA-5467348,7,8.181880341880342,0.8555490556576968,12,5983,0.8513871278812091,1.0,
SomaSeq,R-HSA-4641265,8,8.181880341880342,0.977770349323082,12,5983,0.6743939807577886,1.0,
SomaSeq,R-HSA-1236977,8,8.181880341880342,0.977770349323082,12,5983,0.6743939807577886,1.0,
SomaSeq,R-HSA-198933,120,133.63737891737892,0.8979523616232385,196,5983,0.9847433678615466,1.0,Immunoregulatory interactions between a Lymphoid and a non-Lymphoid cell
SomaSeq,R-HSA-162594,8,8.863703703703704,0.9025572455289987,13,5983,0.7950959147084403,1.0,Early Phase of HIV Life Cycle
SomaSeq,R-HSA-3899300,25,27.954757834757835,0.8943021487711116,41,5983,0.8761263030313929,1.0,
SomaSeq,R-HSA-4655427,7,8.863703703703704,0.7897375898378739,13,5983,0.9170602099161059,1.0,
SomaSeq,R-HSA-8866654,26,26.59111111111111,0.977770349323082,39,5983,0.6529056791012684,1.0,
SomaSeq,R-HSA-6803205,10,10.227350427350427,0.9777703493230822,15,5983,0.6665211267442082,1.0,TP53 regulates transcription of several additional cell death genes whose specific roles in p53-dependent apoptosis remain uncertain
SomaSeq,R-HSA-9865881,9,16.363760683760685,0.5499958214942336,24,5983,0.9995284586392209,1.0,
SomaSeq,R-HSA-9931510,12,12.272820512820513,0.977770349323082,18,5983,0.6614072764406125,1.0,
SomaSeq,R-HSA-9931521,7,7.50005698005698,0.9333262425356692,11,5983,0.7481411253925472,1.0,
SomaSeq,R-HSA-2214320,8,9.545527065527066,0.838088870848356,14,5983,0.8782799626610778,1.0,
SomaSeq,R-HSA-2243919,12,12.272820512820513,0.977770349323082,18,5983,0.6614072764406125,1.0,
SomaSeq,R-HSA-6790901,21,37.5002849002849,0.5599957455214015,55,5983,0.9999988456742859,1.0,
SomaSeq,R-HSA-1266695,14,14.318290598290599,0.977770349323082,21,5983,0.6580090261104568,1.0,
SomaSeq,R-HSA-8964315,6,9.545527065527066,0.628566653136267,14,5983,0.9874625468581332,1.0,
SomaSeq,R-HSA-9930044,18,20.454700854700853,0.8799933143907739,30,5983,0.8758206127177592,1.0,
SomaSeq,R-HSA-5083632,6,8.863703703703704,0.6769179341467491,13,5983,0.9739102227065621,1.0,
SomaSeq,R-HSA-166663,20,59.31863247863248,0.3371621894217524,87,5983,1.0,1.0,Initial triggering of complement
SomaSeq,R-HSA-166786,14,54.545868945868946,0.25666471669730906,80,5983,1.0,1.0,Creation of C4 and C2 activators
SomaSeq,R-HSA-173623,7,49.77310541310541,0.14063820093003235,73,5983,1.0,1.0,Classical antibody-mediated complement activation
SomaSeq,R-HSA-977606,41,74.31874643874644,0.5516777659024729,109,5983,0.9999999999889551,1.0,Regulation of Complement cascade
SomaSeq,R-HSA-380972,15,17.72740740740741,0.8461474176834364,26,5983,0.9107028017858557,1.0,
SomaSeq,R-HSA-180024,14,15.00011396011396,0.9333262425356692,22,5983,0.7584169402770136,1.0,
SomaSeq,R-HSA-1855204,15,16.363760683760685,0.9166597024903894,24,5983,0.79570089488721,1.0,
SomaSeq,R-HSA-425410,11,19.772877492877495,0.5563176125458915,29,5983,0.9998054859985739,1.0,
SomaSeq,R-HSA-451326,11,16.363760683760685,0.6722171151596189,24,5983,0.9935013402129322,1.0,
SomaSeq,R-HSA-9619483,6,16.363760683760685,0.36666388099615577,24,5983,0.9999975697884931,1.0,
SomaSeq,R-HSA-9694548,22,22.50017094017094,0.9777703493230822,33,5983,0.6529321042118145,1.0,
SomaSeq,R-HSA-975957,36,49.77310541310541,0.723282176211595,73,5983,0.9997500466530401,1.0,
SomaSeq,R-HSA-6805567,49,53.18222222222222,0.9213605214775197,78,5983,0.8728017111987025,1.0,
SomaSeq,R-HSA-6809371,49,53.18222222222222,0.9213605214775197,78,5983,0.8728017111987025,1.0,
SomaSeq,R-HSA-9758274,10,11.59099715099715,0.8627385435203666,17,5983,0.861402562559824,1.0,Regulation of NF-kappa B signaling
SomaSeq,R-HSA-73762,20,23.1819943019943,0.8627385435203666,34,5983,0.9105429210543163,1.0,
SomaSeq,R-HSA-73772,14,15.00011396011396,0.9333262425356692,22,5983,0.7584169402770136,1.0,
SomaSeq,R-HSA-73863,13,13.636467236467237,0.9533260905900051,20,5983,0.7140971416477646,1.0,
SomaSeq,R-HSA-427389,7,8.863703703703704,0.7897375898378739,13,5983,0.9170602099161059,1.0,
SomaSeq,R-HSA-9668328,15,19.772877492877495,0.7586149261989429,29,5983,0.9797890794772569,1.0,
SomaSeq,R-HSA-9770562,71,81.81880341880341,0.8677711850242354,120,5983,0.9859435671969677,1.0,
SomaSeq,R-HSA-69273,18,18.40923076923077,0.977770349323082,27,5983,0.6542859944813537,1.0,
SomaSeq,R-HSA-113418,13,17.045584045584047,0.762660872472004,25,5983,0.9716111059489725,1.0,
SomaSeq,R-HSA-167152,16,24.545641025641025,0.6518468995487214,36,5983,0.9990997441639136,1.0,
SomaSeq,R-HSA-167158,13,17.045584045584047,0.762660872472004,25,5983,0.9716111059489725,1.0,
SomaSeq,R-HSA-167160,11,12.954643874643875,0.8491163559910976,19,5983,0.8851157070277649,1.0,
SomaSeq,R-HSA-167161,19,21.818347578347577,0.87082671736587,32,5983,0.8946408507217765,1.0,
SomaSeq,R-HSA-167162,19,21.818347578347577,0.87082671736587,32,5983,0.8946408507217765,1.0,
SomaSeq,R-HSA-167169,17,23.863817663817663,0.7123755402211027,35,5983,0.9952064949031654,1.0,
SomaSeq,R-HSA-167172,29,37.5002849002849,0.773327458100983,55,5983,0.9944811996443099,1.0,
SomaSeq,R-HSA-167200,17,23.863817663817663,0.7123755402211027,35,5983,0.9952064949031654,1.0,
SomaSeq,R-HSA-167246,17,23.863817663817663,0.7123755402211027,35,5983,0.9952064949031654,1.0,
SomaSeq,R-HSA-5696395,23,23.1819943019943,0.9921493250484216,34,5983,0.6071920855126385,1.0,
SomaSeq,R-HSA-72086,14,15.00011396011396,0.9333262425356692,22,5983,0.7584169402770136,1.0,
SomaSeq,R-HSA-73776,19,21.818347578347577,0.87082671736587,32,5983,0.8946408507217765,1.0,
SomaSeq,R-HSA-73779,19,21.818347578347577,0.87082671736587,32,5983,0.8946408507217765,1.0,
SomaSeq,R-HSA-75953,19,21.818347578347577,0.87082671736587,32,5983,0.8946408507217765,1.0,
SomaSeq,R-HSA-76042,19,21.818347578347577,0.87082671736587,32,5983,0.8946408507217765,1.0,
SomaSeq,R-HSA-77075,12,13.636467236467237,0.8799933143907739,20,5983,0.8477361650500154,1.0,
SomaSeq,R-HSA-167287,12,20.454700854700853,0.5866622095938493,30,5983,0.9996272354352835,1.0,
SomaSeq,R-HSA-167290,12,20.454700854700853,0.5866622095938493,30,5983,0.9996272354352835,1.0,
SomaSeq,R-HSA-2173793,17,17.72740740740741,0.9589670733745612,26,5983,0.7037617950113624,1.0,
SomaSeq,R-HSA-6807505,28,40.909401709401706,0.6844392445261575,60,5983,0.9998369451596087,1.0,
SomaSeq,R-HSA-176974,5,6.818233618233618,0.7333277619923115,10,5983,0.9380268931860425,1.0,
SomaSeq,R-HSA-68962,15,18.40923076923077,0.8148086244359016,27,5983,0.9439268328388186,1.0,
SomaSeq,R-HSA-167238,13,19.772877492877495,0.6574662693724171,29,5983,0.997429302309418,1.0,
SomaSeq,R-HSA-167243,13,19.772877492877495,0.6574662693724171,29,5983,0.997429302309418,1.0,
SomaSeq,R-HSA-429947,13,15.00011396011396,0.8666600823545499,22,5983,0.8728741136787121,1.0,
SomaSeq,R-HSA-6804115,9,12.272820512820513,0.7333277619923115,18,5983,0.9685090466506036,1.0,TP53 regulates transcription of additional cell cycle genes whose exact role in the p53 pathway remain uncertain
SomaSeq,R-HSA-389960,10,15.681937321937323,0.637676314775923,23,5983,0.9961851509969698,1.0,
SomaSeq,R-HSA-6814122,16,20.454700854700853,0.7822162794584657,30,5983,0.9712325494140586,1.0,
SomaSeq,R-HSA-9013422,14,15.00011396011396,0.9333262425356692,22,5983,0.7584169402770136,1.0,
SomaSeq,R-HSA-937072,9,9.545527065527066,0.9428499797044004,14,5983,0.7327078787439619,1.0,
SomaSeq,R-HSA-975163,8,8.863703703703704,0.9025572455289987,13,5983,0.7950959147084403,1.0,
SomaSeq,R-HSA-5690714,6,39.54575498575499,0.15172298523978858,58,5983,1.0,1.0,
SomaSeq,R-HSA-2029481,15,55.22769230769231,0.2716028748119672,81,5983,1.0,1.0,FCGR activation
SomaSeq,R-HSA-9931295,8,10.909173789173789,0.7333277619923116,16,5983,0.9627220163001885,1.0,
SomaSeq,R-HSA-9943411,26,29.31840455840456,0.8868149679907024,43,5983,0.8933460848773245,1.0,
SomaSeq,R-HSA-9937850,15,19.091054131054133,0.7857083164203338,28,5983,0.9658553243695016,1.0,
SomaSeq,R-HSA-9940951,12,15.681937321937323,0.7652115777311077,23,5983,0.966270990426053,1.0,
SomaSeq,R-HSA-9703465,11,11.59099715099715,0.9490123978724032,17,5983,0.7219361467757602,1.0,Signaling by FLT3 fusion proteins
SomaSeq,R-HSA-1566977,11,12.954643874643875,0.8491163559910976,19,5983,0.8851157070277649,1.0,
SomaSeq,R-HSA-606279,9,12.272820512820513,0.7333277619923115,18,5983,0.9685090466506036,1.0,
SomaSeq,R-HSA-983189,22,39.54575498575499,0.5563176125458915,58,5983,0.999999478545085,1.0,
SomaSeq,R-HSA-264642,8,8.863703703703704,0.9025572455289987,13,5983,0.7950959147084403,1.0,
SomaSeq,R-HSA-5696400,20,23.1819943019943,0.8627385435203666,34,5983,0.9105429210543163,1.0,
SomaSeq,R-HSA-399997,5,7.50005698005698,0.6666616018111923,11,5983,0.9701081028635687,1.0,
SomaSeq,R-HSA-420029,6,7.50005698005698,0.7999939221734308,11,5983,0.8995294415730111,1.0,
SomaSeq,R-HSA-264876,14,15.00011396011396,0.9333262425356692,22,5983,0.7584169402770136,1.0,Insulin processing
SomaSeq,R-HSA-5620924,21,28.636581196581197,0.7333277619923115,42,5983,0.9955749370885087,1.0,
SomaSeq,R-HSA-9864848,22,30.682051282051283,0.7170315895035935,45,5983,0.9978079346135758,1.0,
SomaSeq,R-HSA-8874081,18,18.40923076923077,0.977770349323082,27,5983,0.6542859944813537,1.0,
SomaSeq,R-HSA-9638630,12,12.954643874643875,0.9263087519902883,19,5983,0.767552751008665,1.0,
SomaSeq,R-HSA-9931953,12,12.954643874643875,0.9263087519902883,19,5983,0.767552751008665,1.0,
SomaSeq,R-HSA-2142789,7,7.50005698005698,0.9333262425356692,11,5983,0.7481411253925472,1.0,
SomaSeq,R-HSA-73856,14,16.363760683760685,0.8555490556576968,24,5983,0.8935771532228914,1.0,
SomaSeq,R-HSA-77595,8,12.272820512820513,0.6518468995487214,18,5983,0.990168711188699,1.0,
SomaSeq,R-HSA-9828806,7,8.181880341880342,0.8555490556576968,12,5983,0.8513871278812091,1.0,
SomaSeq,R-HSA-167242,11,14.318290598290599,0.768248131610993,21,5983,0.9598468019867957,1.0,
SomaSeq,R-HSA-9684482,22,29.31840455840456,0.7503818959921327,43,5983,0.9936238326266582,1.0,
SomaSeq,R-HSA-110314,17,19.091054131054133,0.8904694252763783,28,5983,0.8535246545169295,1.0,
SomaSeq,R-HSA-430039,8,9.545527065527066,0.838088870848356,14,5983,0.8782799626610778,1.0,
SomaSeq,R-HSA-9754678,20,23.1819943019943,0.8627385435203666,34,5983,0.9105429210543163,1.0,
SomaSeq,R-HSA-72165,31,32.04569800569801,0.9673685370962407,47,5983,0.6911866938856929,1.0,
SomaSeq,R-HSA-69166,9,9.545527065527066,0.9428499797044004,14,5983,0.7327078787439619,1.0,
SomaSeq,R-HSA-69183,9,10.227350427350427,0.8799933143907739,15,5983,0.831988006743593,1.0,
SomaSeq,R-HSA-192823,23,32.72752136752137,0.7027724385759652,48,5983,0.9989247464286317,1.0,
SomaSeq,R-HSA-9710421,7,7.50005698005698,0.9333262425356692,11,5983,0.7481411253925472,1.0,
SomaSeq,R-HSA-156842,28,36.13663817663818,0.7748368805956499,53,5983,0.9935207300915803,1.0,
SomaSeq,R-HSA-156902,23,32.72752136752137,0.7027724385759652,48,5983,0.9989247464286317,1.0,
SomaSeq,R-HSA-9735869,10,13.636467236467237,0.7333277619923115,20,5983,0.973374871112326,1.0,
SomaSeq,R-HSA-2408557,24,34.09116809116809,0.7039946515126191,50,5983,0.9990768119959391,1.0,
SomaSeq,R-HSA-156827,37,48.40945868945869,0.7643134420764938,71,5983,0.9984481682643312,1.0,
SomaSeq,R-HSA-72649,24,29.31840455840456,0.8185984319914176,43,5983,0.9693086410313455,1.0,
SomaSeq,R-HSA-72662,25,30.00022792022792,0.8333270022639904,44,5983,0.9601453731291941,1.0,
SomaSeq,R-HSA-72689,27,40.909401709401706,0.6599949857930805,60,5983,0.9999420284597992,1.0,
SomaSeq,R-HSA-72695,17,24.545641025641025,0.6925873307705165,36,5983,0.9973264228432738,1.0,
SomaSeq,R-HSA-72702,24,29.31840455840456,0.8185984319914176,43,5983,0.9693086410313455,1.0,
SomaSeq,R-HSA-72706,38,49.09128205128205,0.7740681932141067,72,5983,0.9978916482308322,1.0,
SomaSeq,R-HSA-975956,28,36.81846153846154,0.7604880494735082,54,5983,0.9959941032791905,1.0,
SomaSeq,R-HSA-6785470,2,10.909173789173789,0.1833319404980779,16,5983,0.9999996199707745,1.0,
SomaSeq,R-HSA-8868766,8,17.045584045584047,0.4693297676750794,25,5983,0.9999570045622949,1.0,
SomaSeq,R-HSA-3322077,7,7.50005698005698,0.9333262425356692,11,5983,0.7481411253925472,1.0,
SomaSeq,R-HSA-1296072,8,8.181880341880342,0.977770349323082,12,5983,0.6743939807577886,1.0,
SomaSeq,R-HSA-9913635,4,6.818233618233618,0.5866622095938492,10,5983,0.9850567983246137,1.0,
SomaSeq,R-HSA-9836573,9,15.00011396011396,0.599995441630073,22,5983,0.9978946393582672,1.0,
SomaSeq,R-HSA-9837092,2,10.227350427350427,0.19555406986461643,15,5983,0.999998874409829,1.0,
SomaSeq,R-HSA-1799339,32,46.3639886039886,0.6901908348162933,68,5983,0.9999095868886843,1.0,
SomaSeq,R-HSA-2730905,13,55.90951566951567,0.232518558680489,82,5983,1.0,1.0,Role of LAT2/NTAL/LAB on calcium mobilization
SomaSeq,R-HSA-2871796,25,62.72774928774929,0.39854769673495194,92,5983,0.9999999999999999,1.0,FCERI mediated MAPK activation
SomaSeq,R-HSA-1362409,5,8.181880341880342,0.6111064683269263,12,5983,0.9861340654341083,1.0,
SomaSeq,R-HSA-189200,3,6.818233618233618,0.43999665719538694,10,5983,0.9975771342745476,1.0,
SomaSeq,R-HSA-1660517,6,6.818233618233618,0.8799933143907739,10,5983,0.8169539963836672,1.0,
SomaSeq,R-HSA-175474,8,10.227350427350427,0.7822162794584657,15,5983,0.9311850551382033,1.0,
SomaSeq,R-HSA-1296041,9,12.272820512820513,0.7333277619923115,18,5983,0.9685090466506036,1.0,
SomaSeq,R-HSA-997272,9,12.272820512820513,0.7333277619923115,18,5983,0.9685090466506036,1.0,
SomaSeq,R-HSA-5083636,6,8.863703703703704,0.6769179341467491,13,5983,0.9739102227065621,1.0,
SomaSeq,R-HSA-5083625,6,8.863703703703704,0.6769179341467491,13,5983,0.9739102227065621,1.0,
SomaSeq,R-HSA-190840,4,11.59099715099715,0.34509541740814664,17,5983,0.9999746491125571,1.0,
SomaSeq,R-HSA-190861,7,15.681937321937323,0.44637342034314614,23,5983,0.9999590782222828,1.0,
SomaSeq,R-HSA-190872,4,11.59099715099715,0.34509541740814664,17,5983,0.9999746491125571,1.0,
SomaSeq,R-HSA-202040,9,13.636467236467237,0.6599949857930804,20,5983,0.9913981606996312,1.0,
SomaSeq,R-HSA-418592,9,14.318290598290599,0.628566653136267,21,5983,0.9956919443954303,1.0,
SomaSeq,R-HSA-392170,10,12.272820512820513,0.8148086244359017,18,5983,0.9168395869887199,1.0,
SomaSeq,R-HSA-392851,6,10.227350427350427,0.5866622095938493,15,5983,0.9941616221302563,1.0,
SomaSeq,R-HSA-9717207,8,8.863703703703704,0.9025572455289987,13,5983,0.7950959147084403,1.0,
SomaSeq,R-HSA-418217,6,10.909173789173789,0.5499958214942336,16,5983,0.9973540068018861,1.0,
SomaSeq,R-HSA-500657,6,11.59099715099715,0.51764312611222,17,5983,0.9988288475008409,1.0,
SomaSeq,R-HSA-9683610,6,6.818233618233618,0.8799933143907739,10,5983,0.8169539963836672,1.0,
SomaSeq,R-HSA-442660,6,7.50005698005698,0.7999939221734308,11,5983,0.8995294415730111,1.0,
SomaSeq,R-HSA-9927354,5,6.818233618233618,0.7333277619923115,10,5983,0.9380268931860425,1.0,
SomaSeq,R-HSA-9013973,8,8.181880341880342,0.977770349323082,12,5983,0.6743939807577886,1.0,
SomaSeq,R-HSA-9828211,7,7.50005698005698,0.9333262425356692,11,5983,0.7481411253925472,1.0,
SomaSeq,R-HSA-450302,13,13.636467236467237,0.9533260905900051,20,5983,0.7140971416477646,1.0,
SomaSeq,R-HSA-450321,12,12.954643874643875,0.9263087519902883,19,5983,0.767552751008665,1.0,
SomaSeq,R-HSA-5656169,21,21.136524216524215,0.9935408388282931,31,5983,0.6053969863728159,1.0,
SomaSeq,R-HSA-139853,4,9.545527065527066,0.419044435424178,14,5983,0.9995652121961442,1.0,
SomaSeq,R-HSA-3214842,7,12.272820512820513,0.5703660371051312,18,5983,0.9975019455497774,1.0,
SomaSeq,R-HSA-68884,6,8.181880341880342,0.7333277619923115,12,5983,0.9476717552648132,1.0,
SomaSeq,R-HSA-352230,10,16.363760683760685,0.6111064683269263,24,5983,0.9981021586998539,1.0,
SomaSeq,R-HSA-9958863,12,17.72740740740741,0.6769179341467491,26,5983,0.9943757278055219,1.0,
SomaSeq,R-HSA-5358606,8,8.863703703703704,0.9025572455289987,13,5983,0.7950959147084403,1.0,
SomaSeq,R-HSA-5696397,12,15.681937321937323,0.7652115777311077,23,5983,0.966270990426053,1.0,
SomaSeq,R-HSA-9937008,6,12.954643874643875,0.46315437599514414,19,5983,0.9997839252788042,1.0,
SomaSeq,R-HSA-110312,8,10.227350427350427,0.7822162794584657,15,5983,0.9311850551382033,1.0,
SomaSeq,R-HSA-5655862,9,10.909173789173789,0.8249937322413505,16,5983,0.8996480939762183,1.0,
SomaSeq,R-HSA-5656121,9,10.909173789173789,0.8249937322413505,16,5983,0.8996480939762183,1.0,
SomaSeq,R-HSA-181430,8,10.227350427350427,0.7822162794584657,15,5983,0.9311850551382033,1.0,
SomaSeq,R-HSA-9754560,5,7.50005698005698,0.6666616018111923,11,5983,0.9701081028635687,1.0,
SomaSeq,R-HSA-3295583,5,10.227350427350427,0.4888851746615411,15,5983,0.9988396565436851,1.0,
SomaSeq,R-HSA-6793080,7,7.50005698005698,0.9333262425356692,11,5983,0.7481411253925472,1.0,
SomaSeq,R-HSA-977068,13,13.636467236467237,0.9533260905900051,20,5983,0.7140971416477646,1.0,
SomaSeq,R-HSA-174490,7,8.863703703703704,0.7897375898378739,13,5983,0.9170602099161059,1.0,
SomaSeq,R-HSA-174495,7,8.863703703703704,0.7897375898378739,13,5983,0.9170602099161059,1.0,
SomaSeq,R-HSA-8948747,6,6.818233618233618,0.8799933143907739,10,5983,0.8169539963836672,1.0,
SomaSeq,R-HSA-110320,9,12.272820512820513,0.7333277619923115,18,5983,0.9685090466506036,1.0,
SomaSeq,R-HSA-69091,8,9.545527065527066,0.838088870848356,14,5983,0.8782799626610778,1.0,
SomaSeq,R-HSA-9634600,8,8.181880341880342,0.977770349323082,12,5983,0.6743939807577886,1.0,
SomaSeq,R-HSA-162710,3,8.181880341880342,0.36666388099615577,12,5983,0.9996481803923828,1.0,
SomaSeq,R-HSA-113501,8,8.181880341880342,0.977770349323082,12,5983,0.6743939807577886,1.0,
SomaSeq,R-HSA-181429,10,10.227350427350427,0.9777703493230822,15,5983,0.6665211267442082,1.0,
SomaSeq,R-HSA-435354,6,8.181880341880342,0.7333277619923115,12,5983,0.9476717552648132,1.0,
